Temperature,Humidity,PM2.5,PM10,Latitude,Longitude,Area,AQI,Predicted_Class,Predicted_Prob,AQI_Category
30.9802849180674,54.87232587538428,29.863048777178356,58.55805333940241,12.926860522717726,77.51047883696158,South,85.09492847195533,0,0.1362,Safe
27.17041419297289,62.83221993926723,4.017230138937092,4.640628377697786,12.955145108685164,77.41366504678962,West,5.978414094559652,0,0.0007,Safe
31.88613122860416,53.11370118500058,161.6474817004165,42.033485769521626,12.910999665787994,77.49006813346242,South,294.6369756231938,1,1.0,Polluted
37.13817913844815,60.38057705541439,32.84247631611822,12.099447147365192,13.0222339601482,77.55933282676325,West,74.96247088494778,0,0.008,Safe
26.595079751659984,36.59577999569321,42.85802358867676,51.19545959023726,13.035256153769623,77.52246654677647,Central,90.77742853950772,1,0.698,Polluted
26.59517825830492,68.19940561059408,12.14936790335817,60.868062042747326,13.028985557060947,77.48215275572979,South,54.12853213093737,0,0.0372,Safe
37.47527689304435,65.01808213043337,29.73043273448123,48.81176510770014,13.016783517450335,77.4393969749293,South,73.1351574569116,0,0.0727,Safe
32.604608374917454,52.74367053397714,25.228255989877265,80.4323588622494,12.86135130160784,77.64574935002888,South,118.05051639671623,1,0.6805,Polluted
25.183153684390287,74.88868502648607,3.503202505554702,24.53308890045695,12.901390993772145,77.69884357263726,East,18.809186182768972,0,0.0021,Safe
31.25536026151579,79.06355206439838,5.050299882639966,86.91740694928345,12.940953630495102,77.49886264005717,West,62.36776590548756,0,0.0515,Safe
25.21949384312523,40.88660203446538,81.76086816621863,34.01911613805918,12.899237897428296,77.51448631325299,West,162.18106064946696,1,0.9967,Polluted
25.205621478578458,53.55912832150679,12.338998594559456,39.720367939639104,13.0264820600475,77.5854112574031,South,56.2241989961044,0,0.0064,Safe
29.451773629396204,53.46286475319053,9.758752481672206,62.66485678473215,12.898806057274989,77.61553244242067,East,87.27939723560264,0,0.0206,Safe
16.520318532053214,50.90145348336703,31.63583907217572,1.1117394237188398,12.841469626035602,77.51760886044109,South,54.26246419122082,0,0.0015,Safe
17.650493004921803,77.44212262897622,65.8909573986456,63.67798817797958,12.91971213561449,77.67147885509455,West,149.4599977027583,1,0.9951,Polluted
24.62627482455417,62.09260791840795,2.87767418224394,57.83205891841529,13.093974329834714,77.56800119676868,Central,53.10916849759622,0,0.0123,Safe
21.92301327799345,61.03227738034084,38.69681005413601,22.25052816066236,12.867764423880072,77.53511702292178,East,71.31569101698099,0,0.022,Safe
29.885483995571644,34.9420645338987,5.71214473784904,5.381979697606446,12.98364759768297,77.59400182594797,East,25.928759528611742,0,0.0002,Safe
22.551855546872734,74.53127045313839,1.6714065271388112,5.720350507741829,12.929891914951911,77.68584115447476,South,20.666147548863577,0,0.0005,Safe
19.526177791988253,46.41112407719791,2.438363001463183,154.01159353075377,12.821307370294798,77.63836568832652,Central,111.0376119275862,1,0.9981,Polluted
36.79389261352932,65.89898945399493,80.85404624768154,70.13165456167283,12.946362981799416,77.41200393916054,West,186.811664295437,1,0.999,Polluted
26.645342197080787,69.16065406937288,5.648941159261804,8.156236295899424,13.010649298594494,77.499692973222,North,4.287713398203731,0,0.001,Safe
28.405169228127544,85.40987893757976,2.0791101523565056,26.47080705298321,12.953965992748346,77.54116340548538,West,48.43267222556376,0,0.0017,Safe
19.45151088271926,45.36769401321333,25.92338886884385,53.860356864911296,13.061631819123974,77.49435527166274,West,97.14379965474278,0,0.0524,Safe
24.733703652848902,19.707317662687625,83.60358417371967,108.31684206090635,12.886681104997276,77.61005626824914,Central,200.67857923242013,1,1.0,Polluted
28.6655355382592,67.75774317130542,13.69642334471914,2.678565104120367,12.82587475139119,77.64788074495878,East,25.077474585195866,0,0.0015,Safe
21.094038535466183,92.0076677226628,24.64579495625492,16.20099236969567,13.080969683497402,77.61940352855558,West,59.86035015746571,0,0.009,Safe
30.254188110074036,83.58419529409156,1.8333586138432,132.29973638271423,12.913458904858466,77.69679998604849,East,102.3529008953352,1,0.9241,Polluted
24.39616786048717,68.14489122911938,26.82733382438123,0.5524687364390932,12.97292166543609,77.48176429436792,Central,27.019546127330702,0,0.0033,Safe
26.24983750124034,57.62545721551929,38.78250815191691,13.493637652795648,13.03760093783906,77.66249684850733,Central,69.98653563213837,0,0.0139,Safe
24.38976032662362,77.10683894955966,38.073677652029225,191.68638264429748,12.897294099162677,77.62998679955236,South,208.86598172752903,1,0.9999,Polluted
39.11366910705362,50.39680700443297,18.184773162605257,57.02216931187132,13.014849361453283,77.50865362726745,North,63.75208935333425,0,0.025,Safe
27.919016651572395,72.14536654034329,17.060179938099385,18.201975050415868,12.840625654945349,77.62023736309709,Central,52.51277005966044,0,0.0049,Safe
21.6537344262646,72.5820523874994,5.073628839695883,4.160431983158326,12.887388124161651,77.43122278692547,Central,0.0,0,0.0006,Safe
32.93526947261913,80.90314861248319,20.563483446418065,1.7157807726968637,12.843413190840955,77.63680004470217,East,31.139199802855124,0,0.002,Safe
20.67493810017387,106.39490058366616,4.715963738917143,16.8419966313984,13.043369167520408,77.55969918077614,Central,22.365805789297013,0,0.0013,Safe
29.25318157002853,70.88623950768151,65.47428829977163,127.9633595789987,12.866794770568037,77.48768705181278,West,203.67184410800476,1,0.9997,Polluted
16.241979256721347,57.36554561438752,152.5272774398816,32.262387291160906,13.015221066621564,77.59673319053526,South,265.90755809939003,1,1.0,Polluted
20.030883706609416,64.61638531712008,157.90692920408569,76.44941935856188,13.082989519173696,77.59248599961433,South,295.61956613297144,1,1.0,Polluted
29.18116741521474,38.46386142666323,90.13532855934724,150.27108770429615,12.958331662720664,77.46284586681588,West,229.38563141674388,1,1.0,Polluted
28.276025164179885,54.579303033664125,41.32228809398774,31.459019624158184,12.962008757678207,77.40911922444346,Central,83.28287561161201,0,0.0479,Safe
29.028209687139825,58.86076342830344,54.308818500394366,12.737956642305388,12.938310070429344,77.5300867760705,North,98.91022573099232,0,0.1089,Safe
27.30611030567056,57.13867403098112,15.10922761368753,43.678969104426656,12.897767043018094,77.57085356080333,Central,56.16551078386363,0,0.0129,Safe
26.193377826464268,67.28532308050583,44.83514973841773,143.21260547180066,12.942696509277477,77.66298158351118,South,180.45531854669437,1,0.9989,Polluted
19.12886805779544,52.66370101426699,27.36729130285353,97.89316337213688,12.980842259680028,77.67846503869428,North,124.62760086774966,1,0.9806,Polluted
23.68093474963175,81.81546000986707,29.60160802901007,4.08580060756726,13.095797471651196,77.55864156544703,East,54.25148613687296,0,0.0059,Safe
25.23616737424128,65.00310597377296,63.805260355818,70.77101807907759,13.081329367795467,77.62614104513057,East,134.46083687876884,1,0.9903,Polluted
34.34273335731349,64.86049518292079,14.902740248902466,50.90356071317103,13.058645887487936,77.5317909816984,Central,62.89011763514381,0,0.0229,Safe
30.06170973741077,60.08157925230624,17.22526670200495,142.8089172077889,13.066739160711457,77.62382464697187,Central,138.13289160762034,1,0.9944,Polluted
17.421759067823597,67.32786025788468,116.34760874821558,7.839428789266503,12.940354754987611,77.46144045748176,North,181.54414991435408,1,0.9998,Polluted
29.94450381636877,77.37647397001452,2.6040033695622,45.81882864040827,12.99723329815324,77.51131942044107,North,20.86350620473948,0,0.0062,Safe
25.6895063175021,51.9930467643365,29.91693531707867,126.9477585933081,13.068520016880864,77.59026839964409,Central,159.66446237837306,1,0.9968,Polluted
23.93846799816425,55.12825266387115,109.78020571943566,31.660383564391985,12.917885229497406,77.40544738968212,South,190.06585375199555,1,0.9997,Polluted
31.67005773304521,60.44410956835003,42.4142893165095,39.4662135266564,13.08852874350364,77.61673839310168,East,99.44432819655376,0,0.1237,Safe
34.18599713497571,44.811936147901775,35.574980507818545,4.383970073543648,12.924735818620755,77.65066065038046,North,74.52948896064109,0,0.0027,Safe
33.58768071469719,52.71113210417754,12.930346631267,19.55574647233612,12.980324799617964,77.51974249832818,South,39.3866450987744,0,0.0017,Safe
22.964694860664167,57.85668689683011,18.92207979353671,23.538717897578223,13.01294141398171,77.53438272515315,Central,31.81502497871305,0,0.0048,Safe
26.144725744892718,78.11583771069091,85.98915866490542,174.1590549928209,13.085177603922782,77.65538466366496,West,267.44654528210026,1,1.0,Polluted
29.987580588421384,68.93841993502888,36.86423200944495,19.932936819971665,12.87338488221568,77.63269639059781,North,77.99157839929303,0,0.0287,Safe
33.853270762734155,67.90384867051317,32.53837365035385,37.06777223400897,13.023839293471593,77.48644484671001,West,79.02806540130369,0,0.0515,Safe
25.12495457292826,77.76346943251959,4.720213786762944,66.75739536948976,12.956244675843225,77.49719283196846,South,77.55445167928113,0,0.0221,Safe
26.886046140017097,62.93942317400905,0.7271098480323792,10.617361436044984,12.880567142186193,77.60366346971718,East,1.0249323336272482,0,0.0007,Safe
21.36199015596383,70.85697274893334,149.19883181013577,39.98358356963841,13.032982051938918,77.56895942773446,South,268.23633979079096,1,1.0,Polluted
20.822760255515973,63.45167370601256,21.293395067217062,80.48821782965668,12.965666684052154,77.44866887132895,East,104.7213417541495,0,0.3611,Safe
32.875154934365185,68.98043524099442,41.59601202198552,120.97908714149968,12.998292146194904,77.49297897276875,South,160.06495460472257,1,0.9964,Polluted
36.13744017142494,56.25862013582627,3.738237922343001,59.05157818412684,12.89687032057337,77.6699949830636,North,56.161911951424045,0,0.0098,Safe
27.567939270518,28.417742625853563,51.71463418025051,66.3479156622617,12.944382185548282,77.60645233101668,North,120.87339841965915,1,0.995,Polluted
34.021197387352146,62.98581256720544,121.34774011035708,8.099957716655627,12.98520627529642,77.69579229530567,West,185.4290109881712,1,0.9999,Polluted
30.169816150285804,86.3412220414991,38.57546869163623,174.87845006314316,12.921473244280952,77.63010375899424,South,203.5371381443503,1,0.9999,Polluted
24.129281472369254,78.89323103362389,6.066308692369382,8.533509763210063,12.85951176195431,77.68259232964309,South,14.435099416970994,0,0.0009,Safe
30.16837363305048,79.48096226886756,39.2223539724752,89.41213918346132,13.088492147694591,77.46485657216115,West,130.9656293982692,1,0.9836,Polluted
37.228219398795815,83.54196082709326,65.42635870157203,18.458094518835967,12.953440262012784,77.63144546244509,Central,122.83044663400966,1,0.9832,Polluted
27.78504376534029,66.32986386442155,23.47098505320962,162.71729821915002,13.02017611108631,77.40606525604434,South,146.3078783178757,1,0.9984,Polluted
37.38786193488404,67.95973561108393,95.35105570396784,76.3692710400284,12.923314158066818,77.60122800651347,South,207.81584832830785,1,0.9999,Polluted
12.281529375461536,55.73522156848475,47.07297883926413,84.10000591884925,12.906539529207716,77.54078468343607,South,155.6548581383099,1,0.9919,Polluted
32.931415026251344,60.25890715959425,103.27960537332224,14.835353866470948,12.92214928954014,77.50402802157602,Central,163.01902465856264,1,0.999,Polluted
28.522282409429028,74.23656724656712,43.95831024331485,35.115708778100995,12.922758993135696,77.65872130568793,North,81.58724215480602,0,0.3286,Safe
26.205955897204795,83.05826655753225,6.33346163284155,57.71074623040846,12.963254034782588,77.65628030779726,West,51.77785590398656,0,0.0159,Safe
28.550564659213013,62.90830586478501,16.67776435535226,88.1736763912391,12.963040960994409,77.4066905114696,Central,80.38476090236023,0,0.381,Safe
16.074586512394642,58.24716102722883,10.142539085835994,6.586171659090695,12.949146144764862,77.58285153673484,East,22.739596683426257,0,0.0006,Safe
26.68196867297493,65.00791938284895,107.7745936166686,196.7897531428654,12.840435735475232,77.5103496672963,East,318.35675261974336,1,1.0,Polluted
30.14267542907048,74.01810123393672,64.29531121080514,132.5569814427535,12.94882264355016,77.52469830045014,Central,205.67587049144012,1,0.9998,Polluted
36.86736426844909,43.34217775799687,50.77089240117065,18.91130280696588,12.850731170126195,77.64961222176564,Central,89.97302475386324,0,0.0709,Safe
24.89037869035812,30.557285702941428,16.11253594185177,103.815114231393,12.83784073588873,77.49295193145831,North,109.17984647632876,1,0.9754,Polluted
23.149038382640875,56.74194725762625,9.152810695436076,43.829005821180886,13.07979371520235,77.6829146431913,East,53.29725994761403,0,0.0067,Safe
24.98945773849278,46.689313611287616,63.55968686771489,37.17222502787582,12.98148500394431,77.45389014791165,West,113.10083514203863,1,0.9713,Polluted
33.49241270621245,57.37789703529034,28.923947490300616,22.65063953211352,12.997847017437376,77.59881672701046,South,64.96728304828726,0,0.01,Safe
29.972506657958107,62.78329521773793,11.51601956565004,52.18856337783846,12.920538101100009,77.60163152010414,South,73.5069507727009,0,0.0197,Safe
24.821438777397766,58.2012738646548,43.14301984747967,78.53536374695221,13.07269426757446,77.47565854842838,North,117.92559798986996,1,0.9649,Polluted
31.07960459868013,86.78701301706118,1.852641794156728,31.752911300544312,12.9913791468739,77.49742518269017,North,31.26455655906616,0,0.0021,Safe
28.58246529608824,69.90117146903481,17.76500111445326,59.528652462577455,13.030750960857077,77.65043954777398,East,87.21741211812139,0,0.0584,Safe
33.81186994319734,69.50711539416243,28.44716941905736,72.10110960987932,12.910568740708314,77.62854157648648,West,88.8011889614368,1,0.5191,Polluted
23.787681436735888,74.33310716065102,7.2053932374498055,74.50501151367286,13.088003564245737,77.49872876409444,West,78.39064541253329,0,0.0349,Safe
26.03402712041339,47.917503233288464,187.96191962537404,3.2019009540924874,13.046138387047494,77.56018696408049,Central,282.28415879181665,1,1.0,Polluted
25.647351081207056,80.58667681130403,10.55611841831741,117.85878533774708,13.056184538904365,77.41850408887593,North,120.2345854524906,1,0.9139,Polluted
19.21891031120729,63.8635357019681,6.2850620849978425,36.77740543255817,12.851658280227726,77.4626237647196,South,30.60494545263149,0,0.0034,Safe
29.77672166238745,75.05720925861819,10.240737052671822,18.26252458265493,12.881288962361367,77.54574616765812,South,29.88057317130908,0,0.0026,Safe
29.566331633079336,48.92214150439767,65.95210121392313,16.60567592648577,12.885687979905072,77.42579212058376,East,97.02780209079174,1,0.823,Polluted
28.03068073985477,41.69361850975904,24.94192646338381,39.58438214500783,12.881272766974062,77.65299970646758,South,73.45328452278964,0,0.0105,Safe
26.59247719974912,77.26834487037543,37.501464990038734,130.73266615505975,13.056622448631286,77.6154018630323,West,165.3256976913668,1,0.9977,Polluted
19.507775547697516,70.64614289146274,0.9554845456483776,28.522449325904397,12.809565438562576,77.68309010119455,West,29.659210483183056,0,0.0016,Safe
25.476128063407845,51.46922668463735,1.5767115156870322,83.11187697197865,12.822829996694232,77.60804007178922,North,73.77056535369864,0,0.0254,Safe
25.943712900839383,51.95505378087958,26.56240874072732,6.109920289977835,12.882174461188972,77.68212041167865,East,43.820795837969264,0,0.0025,Safe
23.186336384670287,81.88152176622154,76.33741417000107,38.78230864369153,12.859961892394834,77.5663537667073,South,130.75567158013064,1,0.996,Polluted
27.032285730003945,47.15882160699008,97.42061327204506,287.389879475926,12.869557884164855,77.5800655833186,North,385.9636013754349,1,1.0,Polluted
30.42430514088723,89.64009429883944,4.0814125366928975,88.2948764640303,13.03938295677599,77.69309131638788,Central,76.37367737887557,0,0.0599,Safe
39.31711540726318,51.49068898028197,34.78394844868727,14.183491805567622,12.968937978167617,77.59263874405929,Central,67.45755620949566,0,0.0063,Safe
29.047466876991034,74.57587888412574,110.00208256377948,41.76205749918096,12.801731198387891,77.40923597065823,South,196.56061276788165,1,0.9999,Polluted
29.545302344336587,60.07072286376523,22.09403153263717,15.965001869851644,12.928796829711258,77.61714083298916,South,65.50065252443969,0,0.005,Safe
27.553324505403,74.04781146623515,79.62327742057909,31.613329666485317,12.922365478055108,77.67164060764122,South,139.0490934369074,1,0.9944,Polluted
16.48737270820575,56.83828996828712,6.458354721983533,90.870583899008,12.834183580833365,77.63867407493831,West,76.32289254208465,0,0.1126,Safe
27.8409167473047,62.558106408915584,123.27550076570732,88.50092902773687,13.002842536580436,77.57514998178763,South,240.09755576571172,1,1.0,Polluted
28.36138125964616,65.61378763093582,62.64017548577653,15.5340456360436,13.010629156513849,77.60139105392805,Central,107.51663573489292,1,0.8342,Polluted
42.77945267491172,49.96718816327791,127.61557342392602,153.23481671620272,13.01626796571563,77.6970575367755,South,332.595284154238,1,1.0,Polluted
26.845834211313264,76.11236518130188,50.80133798633684,53.872900798140215,13.018541283667576,77.42719862655281,East,120.55070435330433,1,0.9576,Polluted
29.80928405400168,57.30179650292622,20.32289733218897,28.67482182278367,12.80001584807969,77.60017344858997,Central,55.69535729928882,0,0.0079,Safe
27.79172938176854,61.571001269899725,125.25962891453456,41.8215512676904,13.086176241154016,77.48501930837118,East,231.07882544729495,1,1.0,Polluted
20.987931774282806,50.08475938087231,14.50645606295768,55.74299512817716,13.044262630116398,77.59202711897585,Central,67.97504574975083,0,0.0171,Safe
34.85693688709012,26.564995118070343,18.167643241268507,49.24390750521989,13.071194508976784,77.58228707276518,North,78.63948689674729,0,0.0086,Safe
32.511598196120644,62.13458356099746,54.30020257395751,39.97921986283916,12.804692988592231,77.44603704963245,Central,126.91110425207802,1,0.8863,Polluted
32.746191682258285,101.18923132419374,65.22824820945405,42.18370657873248,13.080157638735722,77.46202399372207,Central,125.65941763669376,1,0.998,Polluted
22.543675271231567,76.76906431847036,119.28485169026122,11.645085921357165,13.042936558606431,77.58648887341297,East,173.93904455054968,1,0.9999,Polluted
36.4167658656166,64.71109430398408,10.312409391372318,100.51316171873276,13.05116574288761,77.43846898419113,East,102.77504032180782,1,0.532,Polluted
19.588893623246317,61.05663756187599,71.97650347458288,46.82177477072743,12.82798621541659,77.4795542625391,Central,148.64848902471218,1,0.9902,Polluted
31.52114256280162,65.3369883921807,60.36737055315562,8.430243518144014,13.02163340867558,77.6505736643214,Central,86.83664852044686,1,0.5704,Polluted
41.14273375485988,73.20678672762816,2.9664150933220546,87.18634580294702,13.087975006892629,77.4981274518005,West,67.4183193344025,0,0.0431,Safe
22.05678204921587,47.28780777036732,22.038949095312816,161.68788452139057,13.003564202425448,77.5464180468809,North,155.59729913961544,1,0.9997,Polluted
24.602213622383367,81.71482542003308,14.955856866119188,176.5962448390411,12.971168421387382,77.68234210054375,North,165.1853641661983,1,0.9991,Polluted
28.59790819052585,75.73071973161866,16.339972486976354,27.62865113482338,13.0836889033247,77.46814472665109,South,56.58673010976246,0,0.0074,Safe
24.979146075302804,75.77278588561902,183.21399336053872,8.737409540290567,12.932881136520333,77.5168878052074,Central,292.3446490640462,1,1.0,Polluted
18.696019413603203,71.57713608214591,46.32282899279104,43.83843658345543,12.979788069893145,77.58193733266307,Central,112.46322396849496,1,0.649,Polluted
28.411377848836164,65.29424986540985,56.911522063737465,7.168190431801249,12.94290148804831,77.6266016788512,Central,88.18096089964052,0,0.2416,Safe
21.62617771764337,75.09291853950229,169.0097972502359,163.0745955915795,13.07985386640809,77.67049601601381,Central,406.1754971993073,1,1.0,Polluted
30.84155458381109,73.87721200612067,21.30897154647933,12.169553646824106,12.822825418029652,77.67464189627206,North,42.03130489541059,0,0.0045,Safe
22.48345459459718,59.68938933588464,72.84066047487919,17.48260214806637,12.950335910247604,77.6329920223118,East,119.35897902160286,1,0.9696,Polluted
37.29960643010524,56.39597340654649,25.654488245060048,31.316887696162684,13.006085732415633,77.468499250978,West,49.87457752615481,0,0.0113,Safe
23.300480245982577,66.5278444289298,91.64880481875336,28.989171137687293,13.037571961526671,77.40744279901277,East,157.18914686675603,1,0.9976,Polluted
26.067630902765945,88.23530227242782,8.966391302215339,94.9861333863928,12.974905594233242,77.51513217910669,East,93.82622774498776,0,0.2641,Safe
32.881103304218016,46.41339386519149,132.77225888812745,36.56331555001341,13.072675323236435,77.44246465529635,North,212.54664826046027,1,1.0,Polluted
20.61481410139627,42.9871210137134,11.109953928758,11.235337277936315,13.08259743406516,77.61311629423149,West,16.112088119457052,0,0.0005,Safe
29.364759607624777,67.47141261854775,17.768357248125096,18.65375816273316,12.819295766958076,77.59833917604772,Central,36.90213013890352,0,0.0053,Safe
35.84285652569457,65.76331552784028,63.511884400571645,42.692526295052346,12.920711161862412,77.41319149248645,North,121.6679490349165,1,0.976,Polluted
18.355100592632635,67.60012496555612,22.521209296456664,9.571680928818434,12.807037706516349,77.65097813373929,North,32.860438689847896,0,0.0028,Safe
29.107803151193824,68.6592979686275,42.16647649821997,56.75177393960972,12.898824997212332,77.47462297988736,West,119.89727501131787,1,0.8263,Polluted
29.55929676549054,61.65196618047792,26.460854721601283,50.04772028098165,12.96106046539118,77.52966812264732,South,63.222663119613664,0,0.0597,Safe
32.69093723066386,87.34795157903123,61.03037644727795,75.25332839437532,13.073238479152984,77.60038012063673,North,153.50192615489038,1,0.9981,Polluted
20.57829573473151,40.98644032285227,11.663995698855237,166.5520763441363,13.05396629673962,77.52882563605569,East,155.9284402212058,1,0.9997,Polluted
20.077260321494343,52.57254462829631,2.7106338896518736,145.99892378086992,12.838249918001596,77.53238634083999,East,116.02420294051385,1,0.9947,Polluted
31.131649393701387,63.45117859776429,16.04583397224331,175.21035290463857,12.827909112422269,77.41968839860073,Central,161.96754258664558,1,0.9991,Polluted
29.78190803939912,40.35216783268749,28.936847422222023,16.839654478808963,12.976780201627,77.520433064778,North,56.47152511881197,0,0.0031,Safe
29.50295710207526,62.362183933518935,8.277612284002057,8.463773452624165,12.959635391737637,77.629454367966,Central,25.53049985140575,0,0.0012,Safe
30.078689256981853,89.92205248592028,19.71858293817101,21.595960431835245,12.879913292429007,77.67455290115598,North,62.161554421948445,0,0.0072,Safe
23.919851670529056,65.31329732443943,22.985879459510528,135.27638563220228,13.069835925366151,77.52404914111902,West,129.85496490950638,1,0.9935,Polluted
29.39352218296602,68.46051358578025,2.659707519137411,214.6477441678304,13.078209922838466,77.52707574806372,North,166.54516056876776,1,0.9998,Polluted
29.758434839792088,46.097528522411295,39.39327607300029,117.67815995059456,12.920783431502048,77.6107881318971,South,144.57335438220028,1,0.9977,Polluted
23.713891491841792,55.75457887940784,97.07085292675164,6.993223670006889,13.067090767134056,77.68283160033158,East,151.0751924831289,1,0.9974,Polluted
39.19464706686854,59.37205429514094,7.40571842021113,176.73429500740014,12.915184668278892,77.48011828207181,West,148.49820798364934,1,0.9993,Polluted
30.842997525470725,60.23427354865649,40.9871576593927,33.03202218425356,13.02104504954891,77.53204326196139,East,94.57059895335028,0,0.0662,Safe
28.276025164179885,84.22465692505654,49.17809507498875,0.5612341453168976,12.942782665264318,77.6387919730657,Central,67.65121220025061,0,0.1141,Safe
31.939321651802977,73.36536591087687,24.46113285611705,35.04613165529046,12.836774946952156,77.58290807081221,West,55.846101950612685,0,0.0224,Safe
22.15190997863607,48.32813064594452,54.3437162104244,2.82984690380204,13.078380260371109,77.4331759031892,South,76.14807692204683,0,0.0277,Safe
32.722507622454714,68.69757167648007,23.799303702974328,47.099687312733046,12.93622897801326,77.58831982066869,East,74.53559356378035,0,0.0426,Safe
34.95157347404442,72.47332622745178,31.610926493282783,24.79961837356351,13.02034611209672,77.45602388537921,North,76.89531559365344,0,0.0237,Safe
23.075906089889735,82.102235577819,0.3321095148606156,38.48282232759361,12.910152144329388,77.55306478022352,North,30.84007018839552,0,0.0029,Safe
33.78025677546593,88.70811029852561,52.9536234736355,56.98625349067007,12.80566426357287,77.55873098029814,North,119.43782225504556,1,0.9912,Polluted
30.47668556161899,49.77358712258197,48.72449408408112,121.86244528662004,12.830159107607551,77.6628610086675,West,160.26632669185534,1,0.9987,Polluted
32.93236095996694,52.83713733184493,1.7620932403177814,65.06509392106746,12.948865843846978,77.53874828220374,South,69.31155318937655,0,0.0099,Safe
39.380757895923686,46.13633211628076,20.66677662195456,34.15485267443576,13.006989307137909,77.48383272667077,South,40.71439780566328,0,0.0049,Safe
26.52767130398278,61.48970211339528,173.91375990317354,102.69749270470632,12.900420597973785,77.46928990446482,South,341.1679022122883,1,1.0,Polluted
23.47758301385506,71.99537561669501,24.56990630802836,141.6015001864228,13.008646537753297,77.66227556300531,East,157.5333083745388,1,0.9955,Polluted
22.66291342224686,79.81001774883653,31.367051087260847,7.653638597139031,13.009590676829587,77.45130325632547,West,51.17489570894802,0,0.0081,Safe
23.10513829020737,63.86073464536216,108.32264501186177,45.54862697764988,13.01118077219835,77.52776056826495,North,193.25964990886763,1,0.9998,Polluted
27.537389743515376,60.20228715117735,56.84553747726995,20.08742372093245,12.947756556206151,77.45615193447809,East,106.69482334369938,0,0.429,Safe
30.046911848899864,67.2763698837311,39.25987372542596,2.8922756052148517,13.074465845036451,77.63199121203432,South,50.26581253736797,0,0.0122,Safe
29.660144795980116,52.472856475549655,71.93345061135501,66.25610036101713,12.946758955394184,77.54231179199239,North,143.4971521195562,1,0.9956,Polluted
32.963099494216145,96.3430808254216,89.90087228847007,119.16615564541743,12.935079558048992,77.50534310716705,West,233.71587589785133,1,1.0,Polluted
28.07801135126744,40.88508459322912,27.46979329016917,10.668894741655633,12.85981424570319,77.50832989218794,Central,39.78797974443887,0,0.0019,Safe
36.7212044629439,67.77110868343587,29.005355119042637,100.4109628136012,12.892296526206902,77.6556642620169,South,125.1539906182513,1,0.972,Polluted
26.412059000572263,95.3540932884446,21.952949011371203,115.20110323222129,12.812700347755491,77.56613218628834,South,123.85764714996373,1,0.9909,Polluted
44.32101499953771,65.10199766839996,153.10720277709692,147.44246847140752,12.990060588084852,77.61536035533938,South,350.22523288524656,1,1.0,Polluted
31.75400408659004,62.14941447497758,53.75570931395918,18.496363879219626,12.874560723178128,77.66911155487522,South,93.15985569315232,0,0.2646,Safe
22.857054661502303,59.63831865784359,3.910099176660848,140.57509816302408,12.89124657634564,77.67052250281219,North,123.84041386139673,1,0.9878,Polluted
21.57464501163333,62.29412477356388,89.43658543046655,23.198255724000237,13.031244356499297,77.49855271630136,West,145.6779999566138,1,0.9963,Polluted
30.89483449145911,85.59272712014796,29.475173559727985,48.22300953969358,12.898166354948437,77.68573537894392,East,90.60355189586052,0,0.1611,Safe
26.659223288044892,31.8220713300574,3.2054266850966986,3.109657016152604,12.872658767603944,77.40746276460439,North,0.0,0,1e-04,Safe
32.28400296455255,88.00150551944489,35.90458072514984,2.6923793468597554,12.850717324740112,77.51305066830486,West,67.73701439043697,0,0.0172,Safe
30.83942574744127,43.64064271324783,24.293246150665947,76.45796805196417,13.032457520654589,77.66873965725266,East,118.12270557761468,1,0.5754,Polluted
28.276025164179885,61.00021506148378,94.5757027097828,35.271037638461635,12.838911877397008,77.4823910639451,South,171.16149828576815,1,0.9983,Polluted
22.91923769158957,58.56133369552008,10.2667191198994,17.766437941907625,12.936126128075106,77.4819244350964,West,45.30496521593024,0,0.0018,Safe
18.91091665188481,73.8282990465608,78.81181742358649,12.673899034747478,12.95207903482316,77.49078668552457,South,146.64092998876973,1,0.9895,Polluted
25.320910287597872,41.02813472174378,36.70835968059407,66.51130185972114,13.006216973805714,77.58369401545409,West,105.0622373013693,1,0.8993,Polluted
33.13839276594084,71.93258999122914,2.527112652334376,0.0240974799437909,12.989985044699898,77.5314998326843,Central,4.288595932882156,0,0.0005,Safe
29.284562464781224,95.36464434930278,160.6518460220384,98.3601776213923,13.043216201883553,77.618020450906,South,311.5247360607618,1,1.0,Polluted
20.525567327728076,44.55238993110784,32.34156365929927,4.953977753168254,12.813425430177872,77.6684731927694,South,44.97944893491924,0,0.002,Safe
29.039085555107093,67.84559251415594,15.467673516978934,12.753705309573228,12.88893221743382,77.60225981248286,South,35.733174946610646,0,0.0031,Safe
30.31190427837302,55.07026733305087,28.51918794798419,29.28872601601712,12.884040235632614,77.46134001605928,North,49.85148223972224,0,0.0138,Safe
22.696855382793203,71.38830809289554,87.79172391212529,39.79884744696791,12.843805071677632,77.67980457070816,East,171.8744967622958,1,0.9978,Polluted
28.92235063567317,65.28721666123629,16.366682419070926,26.30984339001296,12.886753476156931,77.47934786200425,South,47.27074601269533,0,0.0073,Safe
28.349252310676,55.37769636433536,9.63138129345178,23.202619863770707,12.89292959424287,77.44496828859845,South,39.82248641325612,0,0.0022,Safe
28.276025164179885,72.3180842730661,6.2187797014881845,199.3143635864068,12.956565338578244,77.42699018365829,North,166.95934830502492,1,0.9995,Polluted
30.1467241620897,92.06522164680116,15.912972351796355,61.56293439174404,12.999111343677876,77.56901512219986,North,79.8450756349731,0,0.0759,Safe
31.36470715820941,62.13644312409052,68.14558502892234,1.422712375461001,12.914330154083544,77.4341287387442,Central,105.83300010587492,1,0.809,Polluted
34.49830745905166,75.79636913222274,28.70782217372472,33.74565462537736,13.015841069394014,77.44163276523379,West,75.13050678626661,0,0.0318,Safe
34.32281231220942,45.60090563193255,11.614475542717804,124.77066852321886,12.900849601573874,77.49000914417866,South,126.25537030457474,1,0.9856,Polluted
19.73398379225745,50.65345434772987,8.178467548661335,21.52544261994644,12.887085103194428,77.48449590290534,West,16.838566480078477,0,0.0011,Safe
22.373049760509264,72.08609416820566,18.20518797823337,5.959813718127907,12.962356416757109,77.58127185309965,North,25.04488637008451,0,0.0021,Safe
31.09021160325196,87.26174042803947,126.5467976351013,85.22452700455165,12.807114908091735,77.6450235838418,North,281.1480339740544,1,1.0,Polluted
31.08271570547325,70.3342002317849,18.90503638903836,55.88636860423218,12.8239367370902,77.62840489686087,Central,75.13937512529027,0,0.0506,Safe
31.090286117836285,60.30412954215269,199.49589529840415,50.68182581409333,12.925390863075958,77.47874533641495,East,322.6213298964526,1,1.0,Polluted
51.11638894392833,64.98937108135031,29.88161844271086,3.303911920182109,13.082873813417526,77.4735931493958,North,30.35313268886109,0,0.0041,Safe
31.425343064159,46.24388399045424,8.884433085014248,9.084198125371628,13.016453533953028,77.68973745903209,South,19.844095115706075,0,0.0005,Safe
34.813393841083595,74.0677298953305,99.79620611407957,58.45893418502692,12.826437970850169,77.4024708724776,Central,191.23108784586705,1,0.9998,Polluted
33.72401058095922,78.23499593485114,27.758000450855167,13.978289369966772,13.053895403834264,77.66391615991807,East,44.75591373168847,0,0.0088,Safe
31.908347507834787,58.2186450075038,55.653376474757366,42.07923912329564,13.019690231182452,77.45991855573672,Central,135.07490735381353,1,0.9101,Polluted
26.108384532157928,57.94936778360748,185.2785472550545,47.23187178772086,12.983283957710796,77.68418529692693,North,312.0121881135308,1,1.0,Polluted
32.55381532295961,68.98817344478073,2.31650508188638,20.003224022054543,13.046087888182752,77.50269218544825,East,27.687064762495872,0,0.0014,Safe
23.36304871277457,58.44920395939107,4.576253951108339,177.88327415163266,12.921232954322887,77.53210553216798,West,151.6722482250589,1,0.9992,Polluted
26.579088359559947,64.00801078061266,57.35692022444427,110.88611721436078,12.866450315256156,77.61213618418331,East,171.79538096112492,1,0.9976,Polluted
25.087818713025374,96.49582683749772,14.896890523350963,76.88871727821329,12.953607016732628,77.57630071544199,South,72.43906456444758,0,0.2212,Safe
28.491244836317936,61.29461448881005,9.16696580649048,4.872204177797938,12.964652526678044,77.49538179891205,West,25.340527592100567,0,0.001,Safe
41.887951400041054,59.62489771968167,1.8070878069000051,6.731696991245282,12.961497911602974,77.56614927476035,West,0.0,0,0.0004,Safe
16.796408844449513,55.28687291547261,0.993999825842788,40.72878587268104,12.96952213744403,77.61921206530887,South,42.78080318665083,0,0.0018,Safe
32.117561142247084,76.16287957249905,67.02170750186528,10.512178390089854,13.084611475471752,77.41270048377075,West,110.4551593430744,1,0.9556,Polluted
18.32370477286209,62.28163740172845,6.496694514301694,229.7311644705971,13.070673686928869,77.40335979157672,North,199.71574097216592,1,1.0,Polluted
25.1684088052634,55.25940442517861,28.376404629241723,10.355598649823737,13.062715110967682,77.53742008172188,East,50.9267160315958,0,0.0043,Safe
34.5337035818042,84.81956048409518,41.90141311038478,40.1035085921166,13.040425043272588,77.43955098534106,East,82.59148524335053,1,0.5984,Polluted
28.38568011457277,86.29404506770456,25.165418074832782,27.164824482294897,13.083028432179583,77.59930328743941,South,63.49545394749673,0,0.0183,Safe
21.53353133242416,55.99364651391942,1.236636659713735,61.1968988098708,12.829548392503822,77.46421573686824,North,59.30147319281163,0,0.0091,Safe
23.708177744440192,37.00190072959076,68.85772523655899,8.289306255246347,12.87953697843372,77.52985533203871,West,105.12654471598816,1,0.809,Polluted
32.07758649360805,80.11270534755383,0.4755995505740439,33.760452552933906,12.948516783696377,77.45930128106228,East,34.29568184735868,0,0.0024,Safe
23.61780020969718,54.73055261359994,64.57599376309246,19.270611334111173,13.05396034793702,77.56454507572474,East,115.24599604528488,1,0.8374,Polluted
29.29875153749185,76.85938398744153,100.69993069486677,131.2224201163977,12.95154971345682,77.43481603781538,East,260.53335363752626,1,1.0,Polluted
28.27343103942288,35.44844273432247,25.52011600153923,2.485937851453603,13.024410421802475,77.40693205583625,East,31.673577300809992,0,0.0007,Safe
24.0903979143651,78.38896007448963,34.50983234512574,147.01465908322783,12.841687971574675,77.41533949143202,Central,182.1981027437606,1,0.9988,Polluted
40.86366453595196,46.83242106078828,29.16639276048992,107.38358212177752,12.875724143892969,77.6862775324546,South,132.6167645893839,1,0.9931,Polluted
28.276025164179885,75.96146178599787,29.88161844271086,21.1926328088331,13.019532828511302,77.44268586558329,West,58.5486914188622,0,0.0172,Safe
15.849144480054356,65.21409601754651,98.28591684809864,93.43653632781796,12.849420202666318,77.61254347594105,West,218.2966052060121,1,0.9999,Polluted
29.118725888616567,50.690908709050326,100.9660105657691,1.9026650332689397,12.90540678039648,77.42037786126686,South,162.7940560590833,1,0.998,Polluted
24.029281211389677,58.89445530609829,18.41384738098677,204.4309056718191,12.879459877344072,77.43244810567056,North,186.94607275206096,1,0.9999,Polluted
33.114600008777344,75.29477685435052,42.961191316571394,44.8682339276718,12.904958508266745,77.55266287542281,South,91.41881166508372,1,0.6154,Polluted
23.2448755694038,66.58841679672851,117.72136651074666,21.682388598432446,13.01249721472339,77.53946127904631,East,211.64638488045216,1,0.9998,Polluted
27.311581351198605,73.76619470708727,147.2269388060263,27.019892401773483,12.91035415434284,77.68547409283197,East,218.72966691704252,1,1.0,Polluted
31.02992367388274,94.64660876773227,32.00524802720571,4.122775934305081,12.966578996782385,77.68345063590623,South,81.20498622532321,0,0.0155,Safe
33.19453116502073,41.53637582433423,27.134381024808636,272.52898548073426,12.829979563116323,77.63388259276275,South,265.7421619136369,1,1.0,Polluted
20.798221557665343,89.25818862452937,14.701151663468668,2.405082554829349,13.041505307970388,77.5806305490382,West,20.82770455523242,0,0.0011,Safe
25.992992584954308,66.5653390628482,143.5978368424234,63.83650139482473,12.910966587694436,77.5364880952179,West,269.7267148479082,1,1.0,Polluted
25.150328133034265,51.51823927515308,6.934531633251057,35.082963235716754,12.994560247710004,77.50685356029854,Central,45.49148261074517,0,0.0028,Safe
24.080024604557728,45.04529561391515,39.01926954117147,178.45729281194792,13.017616880498547,77.68412626409267,Central,197.97023677869203,1,1.0,Polluted
38.59272544168658,62.163194138344494,14.94235768779236,16.941753993212654,12.86289827663351,77.58087264342741,East,56.3193686680207,0,0.0026,Safe
30.42989026576573,78.82475167886689,14.720743807435449,45.56835129064502,13.065402495486005,77.57372175830581,Central,73.29144160516921,0,0.0163,Safe
20.43469627398973,63.08676319433699,23.361348622695523,39.5080760776104,12.984867275482086,77.46957033653068,Central,93.91675174275136,0,0.0177,Safe
33.507171682328654,87.66732395371021,302.38038726856973,72.81441347542167,12.928617542525444,77.41400934536554,North,499.6076988202259,1,1.0,Polluted
40.7329371820758,43.23236464922662,2.544061409380509,4.22600657079189,12.854700555073466,77.68355657392786,South,9.349948240902282,0,1e-04,Safe
34.19479156330688,64.81866578230918,38.88156236768597,12.924596724734227,13.08269028137036,77.4941205776534,West,54.79189709298643,0,0.0194,Safe
18.88378020427592,46.214098333803214,3.8781606827778288,14.49104072982931,13.026520461239487,77.53277670699734,Central,6.495350225024046,0,0.0004,Safe
25.094595562802493,70.45447823937452,7.553328626053933,80.39918045918174,12.862407368819976,77.43439198307571,West,72.38666263374749,0,0.0492,Safe
35.601466895119735,78.3033108514595,26.05672523405368,12.579495503441592,12.901313232417268,77.6510772989728,Central,46.0668992472666,0,0.0066,Safe
23.75398320628732,58.6885730947842,32.14302176786625,51.12741607878022,13.04290227742642,77.40828954985679,Central,92.81550251696692,0,0.0872,Safe
30.66291656887737,25.936792150592986,13.476354401958933,14.542932528598426,13.0087032989646,77.65019722862974,East,30.742296454914428,0,0.0003,Safe
32.64780432057602,67.98422220194742,17.120965714955137,118.66725163340068,13.029735287814717,77.4420855038364,North,128.614995504255,1,0.9705,Polluted
22.4384171705315,71.55107827600264,4.094247449132066,171.03089295207403,12.93236033066388,77.66596923378935,South,146.15513595288948,1,0.9975,Polluted
27.6428478636292,71.06442132442547,16.25783608239838,43.85006747441778,13.01494287879265,77.61893179120085,South,75.94213959206695,0,0.0201,Safe
8.552395959585564,83.53673287733231,152.9080120175629,26.060482166216524,12.915948116859177,77.4494010787522,East,258.4984393605854,1,1.0,Polluted
21.853674151994262,48.93419480526427,130.28021385728957,15.99891218345585,12.86337887508146,77.56974539785784,East,196.42984473278764,1,1.0,Polluted
26.48459109164104,75.20324158175674,18.350335472509418,3.063767774502228,12.989803110452408,77.49379689430657,South,28.521637481592983,0,0.0021,Safe
20.5133009082109,82.88761268716962,38.06810744075351,18.759489761283252,13.092804177679636,77.45346992967347,South,71.32964355541101,0,0.0396,Safe
37.79446782358981,38.32118623990225,108.15570133189182,63.71989086853241,12.8931802914186,77.65775465982334,North,217.6085121303728,1,0.9999,Polluted
19.4191517322362,69.79477738878465,0.2791359747872848,45.76487680354451,12.938290877663762,77.52105682995217,Central,47.78339636337127,0,0.0038,Safe
25.3597330798181,57.43730253488493,74.89509447900858,172.98845833242885,13.002200411320956,77.51956311430962,North,253.5594501716272,1,1.0,Polluted
28.78444346371655,63.77715990347531,133.36396732271857,30.27841381803846,12.962451884636746,77.45096600244199,South,230.05030110136903,1,1.0,Polluted
36.64763973439669,70.21514725307505,4.309586668185383,71.02342098149906,13.053028338712714,77.51491970282574,Central,51.94084688629098,0,0.023,Safe
19.384827092923363,57.69157153829672,7.923523937498818,40.32104928463217,13.028522811940856,77.66148505389866,South,39.55010869010977,0,0.0041,Safe
34.97898251292976,54.86437881257582,145.69693390268225,43.1172804674412,12.817489161158708,77.5089386131469,North,233.91800509903783,1,1.0,Polluted
28.061398366117523,65.51228626232037,34.703798528562665,18.69998994943658,13.099526370177133,77.68548106874994,North,71.43518306809226,0,0.0212,Safe
22.11094809371229,48.69131091705796,0.6434266819279111,36.41275024057149,13.02572073611584,77.68389266976251,North,38.51031927753847,0,0.0014,Safe
30.772620845579624,48.712623066722216,13.405959009982158,38.18162980962451,13.059170994888234,77.44346959779222,Central,37.46440536301789,0,0.0046,Safe
29.19435817344082,75.19059924434755,26.89805680105294,73.58180108075496,12.995359313628605,77.4531933760568,West,100.79700477787507,0,0.4814,Safe
24.398698737047237,47.76808947262016,53.12748908897871,169.44807998471953,13.05688553841403,77.65880222109956,West,214.22691894863885,1,1.0,Polluted
28.418812509940118,74.99468751363818,59.44983607051718,23.967903640287755,12.833714892478614,77.51782827567742,South,125.23347575307989,1,0.9147,Polluted
25.68811841882944,71.93886939280927,242.38740008236724,2.5870068180246832,12.904321350667797,77.4013121946849,Central,356.70700437254374,1,1.0,Polluted
28.681104071507487,39.11289906814105,15.2545988428296,41.145884933477646,13.062926283081348,77.48216154591162,East,64.98018036590726,0,0.0042,Safe
31.97278404712628,54.83653021496517,34.77001105758989,47.176480493066016,12.860496563380067,77.57928869795867,West,101.32692491795434,0,0.0727,Safe
37.51610089687211,82.91164104571058,34.29535875275095,11.0671492183268,12.823472629574008,77.639779789788,Central,58.34724460460919,0,0.0215,Safe
20.573107007038907,50.28251703290478,23.41255192012962,85.7432454792893,13.036435681983566,77.44001658512798,Central,106.63839357657923,1,0.8588,Polluted
40.7982002479376,58.03393606535919,8.339414454350504,251.6994064167091,13.050645846692989,77.43316240932502,West,224.6432164123503,1,1.0,Polluted
16.287473202864987,71.93091339877844,170.65400875551313,174.87648020663534,12.84879566545697,77.6766277960717,Central,384.8871666251591,1,1.0,Polluted
27.0892894297865,76.75085763923893,86.37672401495365,13.171957625085795,13.056303794834816,77.62534451034678,Central,135.8311485806769,1,0.9963,Polluted
31.52990323890746,61.22691670933256,31.04184520872455,124.94110147599328,13.006030338679151,77.57693388023343,West,148.3780361016619,1,0.9928,Polluted
29.685951206410195,56.03734707962538,41.599682217625016,73.14389444292121,12.956024804964976,77.63075603699878,North,141.55489044917655,1,0.9437,Polluted
24.26380288107644,86.33554792547761,11.601630101615743,36.29131944281532,13.049075057834417,77.528656308392,South,42.43779224612789,0,0.0067,Safe
26.75126649785635,91.08349495696368,35.31580324020458,46.67147525609968,12.92577477479569,77.62753672419274,East,87.62433985592101,0,0.4515,Safe
25.041994392047,79.68287076172693,53.43055123396966,113.66748185485616,12.85819818686702,77.51154089738236,South,186.55069654204544,1,0.9987,Polluted
24.46381145833473,66.27977213847537,32.57778761036653,39.2511600232199,12.885455802983184,77.47322837174778,North,86.89739981507593,0,0.052,Safe
33.097612582126146,52.8760141753861,208.5345789853652,28.028371516695803,12.951549205487996,77.61870402638789,North,357.0500143678349,1,1.0,Polluted
30.142092915790283,52.54333390165152,42.52745767434932,40.78395279005488,12.959399237801954,77.52590168764719,Central,107.35080228046851,0,0.1152,Safe
28.276025164179885,72.83771157898636,29.88161844271086,51.92584895788406,13.04167424793237,77.69441313129786,South,71.37241517452266,0,0.1121,Safe
33.397599252599505,71.27597331333025,66.55844970982379,12.574978806155318,13.0374058170957,77.50484555469244,North,107.0150949097218,1,0.9439,Polluted
29.843797125259652,86.02397889419645,8.409913937030334,138.70223072406228,12.974409967161373,77.67651822615932,South,115.3307114917485,1,0.9854,Polluted
32.87717271303376,74.75675138804209,21.8405711764365,67.28589148653371,13.034235645009645,77.67988876457012,North,73.53932409757469,0,0.1246,Safe
31.777773051541672,42.45379547360273,19.175187984919635,60.187586658302415,12.857532037488102,77.47255588411943,East,80.32100755374859,0,0.0358,Safe
23.02602993446757,80.77921426584378,25.43824334835526,6.288055414230483,12.815019358127987,77.63946635447641,North,49.457250989949074,0,0.0042,Safe
24.638913758818184,50.02909059028381,68.5012838880792,55.60682412182491,13.06209014679041,77.52992235154338,South,154.71139707873778,1,0.9923,Polluted
32.48376163073957,59.24043092071473,29.78927565243703,7.735537766466386,12.822666348128832,77.67525741816911,Central,49.63757086311261,0,0.0049,Safe
31.66222159260079,68.75300309377542,71.09771668088021,4.918022368474784,12.8740065289232,77.53503728179058,South,129.88213993766945,1,0.9476,Polluted
27.87459043621511,94.93501234675946,38.66290031222631,44.95904347516123,13.008595684887316,77.62329111520121,West,80.37713506217118,1,0.681,Polluted
28.703964299852693,111.6487783400804,18.839514465923585,30.92873943884824,12.922834381288194,77.54009022274914,South,38.28556981121429,0,0.0446,Safe
28.276025164179885,74.10084588704274,29.88161844271086,53.32203247283657,13.062894190974651,77.46834022671386,East,146.5532153295593,0,0.128,Safe
24.45057166698502,62.25205071919418,12.248502329328614,5.607377051651853,12.889393938398682,77.45980503868341,East,22.918195334096215,0,0.0012,Safe
31.282584287020228,73.01758472720826,11.434338508279676,33.83070472642747,12.803561404000808,77.52762935827691,East,33.244910473680044,0,0.0069,Safe
26.786844085396638,78.31483138810754,31.59872219025738,11.526803930512104,12.890196692168225,77.62664839710426,North,70.08891505085211,0,0.0118,Safe
26.69391278063668,60.189985616642126,13.601402167213068,261.03207770525546,12.97342251475545,77.58152144555423,East,221.8381114827968,1,1.0,Polluted
34.59266111192314,91.92817033868484,0.4107858249895451,49.41588564099188,12.912781512620988,77.60658878697016,South,30.973489137880488,0,0.0044,Safe
32.95249809392818,68.45106138787104,47.02363689669832,69.77692711348777,12.960461826727627,77.48469790521959,Central,136.90778629853415,1,0.9627,Polluted
32.88105781600383,72.46614633637091,32.20131023402588,23.619747316374752,13.062979435650506,77.54443060378729,East,69.27212125194403,0,0.0233,Safe
35.83287284292597,74.98886378081693,26.537426992666724,5.971913095889271,13.07374551626911,77.4133185794908,South,52.43068345857915,0,0.0044,Safe
28.126023049796554,71.32379915921683,153.4632331458073,223.46010933732603,12.879792219396236,77.64525972478744,North,408.4870195874019,1,1.0,Polluted
32.091717827769784,77.58410750704418,38.10432447701066,20.234110627366366,12.93864214198097,77.69696764867197,North,76.06130786500934,0,0.0481,Safe
26.138399460439263,55.74120220179616,89.5918287748738,33.078879712257105,12.964743204572436,77.52206371878741,Central,146.51535240941251,1,0.9971,Polluted
29.94499811493065,56.62547369080954,6.758272518651332,62.96600429546531,13.084733737066474,77.40328909593947,Central,59.03180960305767,0,0.0182,Safe
27.21914167379389,48.497686505424575,37.89568513953641,1.5004435353934027,13.099585195749317,77.45093779186529,South,47.56332084626193,0,0.0037,Safe
28.58197578995631,71.59251845930339,91.11595614109687,99.725758951939,12.87062217465246,77.59575806332514,Central,235.99845617233484,1,0.9999,Polluted
31.57094215262148,76.6840475526817,39.37152167680693,46.14705617896027,13.018093961403745,77.58362379546116,Central,108.90314150246073,0,0.4017,Safe
23.09067590059917,71.86659299227829,56.96543188593275,19.5618599074418,12.91340931866996,77.63635941587566,North,94.55839884959026,1,0.6893,Polluted
40.55432365411277,90.11738650021306,20.93780206879537,3.8152494693168313,12.802432459065864,77.47616520328833,South,32.38334678705456,0,0.0029,Safe
21.96389571100179,64.9160597175643,4.365273860147337,10.639927398833349,12.802775756730773,77.62908957466415,Central,13.455661609124125,0,0.0008,Safe
28.276025164179885,75.03112483388769,27.55374017086977,135.24704676591278,12.938169802268677,77.60639520645711,South,171.06781332944598,1,0.9952,Polluted
34.948665241000406,48.62448685791029,22.575000598581692,69.5063665405475,12.9465004739013,77.49684434931416,East,93.43157714887592,0,0.1466,Safe
32.74997616377762,59.19350446288399,90.80364385164692,17.253062593140335,12.806770908972034,77.56364644441709,North,145.72923984578446,1,0.9964,Polluted
31.744718902312933,75.43306636348666,12.586846005109289,4.071089133412297,13.00607822503229,77.44418214254951,North,23.603992079883238,0,0.0013,Safe
31.77007305558568,77.73653166114715,153.14518190281342,70.3901899591019,12.888201016578488,77.53576935103068,North,270.66001544855635,1,1.0,Polluted
27.926519362918512,60.59049578503726,142.80208410115972,50.97511009243279,12.967967930460786,77.6643592018667,West,254.2464811262193,1,1.0,Polluted
22.61647377108501,63.926011222129,12.803815737980244,31.103200643278768,12.890275721949626,77.52635741394762,South,33.279343278339326,0,0.0054,Safe
28.45482734916236,42.231893799787855,19.250568294548213,27.11675839420149,12.850140294460791,77.65187001194263,East,32.09259891688118,0,0.0029,Safe
23.93702973092733,59.64456198790086,101.65957899211404,14.663124937493992,12.922152121579662,77.57707600957791,Central,184.0856096888816,1,0.9987,Polluted
33.85071840050651,78.35574745279679,152.99392035140593,66.44911844035018,12.86968200943715,77.45756301393071,East,282.3802452900074,1,1.0,Polluted
27.11765571098717,73.6280752415985,26.369040842432582,211.744629378745,12.96044029307575,77.57433187340938,South,201.23339910064263,1,0.9999,Polluted
23.04701681924493,72.50998582071814,17.420841017485813,11.594353999761584,12.859648559085944,77.55179499874713,North,18.43495202589163,0,0.0028,Safe
26.07168495008204,65.7466053077144,33.6035842718492,54.54648831629469,12.95252179299339,77.51959240055892,West,91.83140741607254,0,0.1667,Safe
30.477588725653742,65.10594737942264,52.3805688650815,33.118136834617815,12.84721355446066,77.43588913185482,South,103.57359624583052,1,0.7141,Polluted
24.617652683176157,55.09518290789829,14.376677308046666,35.51007274012365,13.001292412845736,77.52501259915417,South,57.62359108979974,0,0.0063,Safe
23.06667762660141,75.48242630303803,60.0120050436097,17.593627482860015,13.026181305332427,77.4218287128719,Central,94.55456747959518,1,0.8549,Polluted
28.276025164179885,71.31459416584084,2.386773197423169,104.6244192167841,12.83311827027498,77.42963071541963,East,81.9421137522946,0,0.192,Safe
29.469799426652337,72.380282719892,2.274791886550692,39.8450892154691,12.940340723611202,77.52477495987982,East,26.042343862753725,0,0.0047,Safe
24.958340947773223,57.10947735998629,21.970306611281245,47.037621712341306,12.821261510196464,77.49161444459054,Central,68.40505754959415,0,0.0262,Safe
25.173770166290065,32.69985620193133,19.6263276914943,21.809968932706983,12.9794547336626,77.67766329775867,West,26.9575270618288,0,0.0013,Safe
29.392299624145817,81.45729067630543,17.066757160744583,12.039529214202696,12.879321289378892,77.51271174161408,North,27.189750366235,0,0.0028,Safe
19.31149395101605,57.81743815987394,30.390574034110216,5.389600127530144,12.958287337051612,77.62735743662164,North,56.19470328280313,0,0.003,Safe
19.55521735374067,52.0583635393532,17.403383729244798,75.13080789689947,12.955238302815289,77.55907425790987,West,73.95527534813223,0,0.1432,Safe
23.689334672485383,75.4021836787099,9.608061484934783,13.106846844067856,13.07730630385814,77.6112257005927,Central,34.8926286606533,0,0.0017,Safe
26.71931708972892,59.11981040121306,16.663284328764746,70.28556534477464,12.964724966770618,77.47803479490463,South,89.95699608524949,0,0.0737,Safe
29.86544539358803,80.89904576069932,165.8275955468499,29.69481821890343,12.974899543915496,77.6825714918515,East,282.06748213378614,1,1.0,Polluted
36.85213730169731,74.25508924365046,23.82847525968476,32.24812534442519,12.920495937729314,77.55902654907433,South,61.49598175998293,0,0.0172,Safe
33.145957739212115,75.25353984800716,26.472140096777856,37.99965487288424,13.084723880954844,77.64939722138558,East,69.16393206803215,0,0.0321,Safe
28.276025164179885,44.51066433199199,38.66886018828377,27.504286190877583,13.033155772831885,77.50951370804285,South,83.202812187041,0,0.0187,Safe
27.885902752583867,83.179159780796,184.2655844974531,6.3629769968410494,12.885621587090853,77.43006340471516,Central,294.6914269439817,1,1.0,Polluted
21.984823812173147,68.91875796850785,12.444570499804868,22.23181290106776,13.05326287573287,77.60211349431626,Central,48.74507716916217,0,0.0033,Safe
27.88892118404566,59.46084291130696,51.45520169291805,65.39123029201762,12.929718908055529,77.40232789450123,West,112.87343405318023,1,0.9552,Polluted
26.26804816647917,67.15082701013377,56.64272158320401,65.7581393801814,13.048600143060078,77.54258789296966,South,128.82754673825525,1,0.9748,Polluted
29.936311362028537,38.3564715065252,42.06471732174613,20.231191307888064,13.046866420488051,77.45784057079995,South,68.74263279703634,0,0.0139,Safe
23.036614338686064,71.12979217221006,4.173733548035881,36.98257239998128,12.856661056028855,77.58821265133061,West,43.11438802490071,0,0.004,Safe
31.116079085447037,49.559427377268925,50.83684213712795,12.899157013100632,13.010342339415072,77.69382596194136,West,79.78173634652758,0,0.0393,Safe
37.19643347801546,44.70994571234698,2.980844758294033,14.171606024977926,12.88719289079196,77.5393208718962,Central,13.774645228756093,0,0.0003,Safe
27.34743910925885,42.16461220673163,40.80121003432207,1.3990095022201532,12.8892478009978,77.6452494769577,Central,79.40050814882028,0,0.0034,Safe
30.410270332593647,81.69032562484888,60.54588392244309,136.23411796572978,12.888904423064174,77.55233525608534,South,211.01493007921616,1,0.9999,Polluted
32.14086395026668,55.561049094608165,10.662785883875811,14.197034795363455,13.017670474267984,77.54875200933121,Central,41.113796086653934,0,0.0013,Safe
25.592677168684983,88.00591564874749,82.92468355928074,15.490027488676212,12.868947812537762,77.67912704795364,Central,129.6095069376625,1,0.9977,Polluted
29.3445548908625,56.96297805421553,1.3870809897119731,19.67703926174379,12.800271750573827,77.666989760624,South,0.0,0,0.001,Safe
28.07555440469077,39.3896306361058,83.5515179430378,8.177236110124356,13.01457105604479,77.63574013955639,West,127.91381878651572,1,0.9897,Polluted
28.58605659129299,48.25213340077011,27.75580551886473,61.17634765081818,12.851355423150538,77.48887672599504,South,76.17529796366358,0,0.1631,Safe
23.3619412968672,83.53717430010408,11.0418185782139,4.686965843317911,12.831344718592351,77.56350252471718,North,0.8718062456827127,0,0.001,Safe
28.147061045553656,62.66152733094999,6.462639882872224,8.646248783275237,12.87125483617822,77.4671691699917,South,27.89768712066121,0,0.0011,Safe
30.9879897474727,56.77569055264099,137.88740733786082,62.0971468194557,12.913970156696813,77.53317500941397,North,247.59034133507865,1,1.0,Polluted
36.70686164677025,67.40027338779181,3.394846418576539,24.900081883877167,12.94277189824196,77.54526391972794,South,16.946711137113592,0,0.0018,Safe
33.75562495651124,72.52674104251318,9.990493553203844,73.84936901961565,12.81337101221379,77.6494920120508,North,70.40759741233597,0,0.045,Safe
40.91909474506934,81.76098223853691,19.234722640832207,48.90868562712696,13.091171999788209,77.6688085095975,North,84.44397725333829,0,0.0343,Safe
23.395914622671704,86.7274884483939,43.569100840450375,17.744562178200347,13.014818916025868,77.52438601871894,South,77.93315839615423,0,0.1577,Safe
33.233923820324065,59.60347031316371,35.41593511561786,63.13142998278615,12.896958219597302,77.40531133352198,Central,113.14494252195162,1,0.5814,Polluted
28.276025164179885,45.10928470876942,29.88161844271086,7.416471442189338,12.89560917718562,77.65853215193681,East,11.842746188463416,0,0.0024,Safe
41.13881759930604,58.79802258315086,15.39482673706218,46.12533386414668,12.934562764810538,77.45228360355041,Central,44.18788838327532,0,0.0123,Safe
23.150210287869093,68.9042075987433,12.27581039297349,34.484324968380506,12.98787344682891,77.58656458916712,North,34.1028149825657,0,0.0069,Safe
22.961668946915346,50.54361610684084,10.809767050169963,18.708124731772106,12.84391191997669,77.40749127013025,South,31.143284696989,0,0.0013,Safe
24.403644127335863,50.642736276574354,23.830838046339743,55.58122130169538,12.856678944129486,77.51985194257817,South,81.28758972589615,0,0.0477,Safe
15.25662565414116,70.15681822324828,54.78759400767911,123.03193267168912,13.057830374850065,77.69578809063461,South,186.03403646132367,1,0.9992,Polluted
24.845469869915437,64.27021472644323,11.034054353506257,409.0036058595341,12.87687647716672,77.43020808033114,South,349.1852143748867,1,1.0,Polluted
23.44520403067781,65.4919549311738,20.55499588904392,56.15330642780039,12.914058499392551,77.5271079455999,East,84.756766310251,0,0.0495,Safe
28.902362718857248,53.62256997949896,22.311064455917712,31.1219800030938,13.061381555285037,77.492144985057,West,50.67266064081763,0,0.009,Safe
30.05053585466296,61.54398928691349,168.70080399150405,15.30957068552784,12.998944348819949,77.67152643701648,North,283.5710497928816,1,1.0,Polluted
39.257025035295314,51.13650283597544,139.21676317744163,17.831314131966643,12.902513563802508,77.6608020323722,East,242.2777713089022,1,1.0,Polluted
33.7025430291163,78.3529761668718,72.45567283120738,39.172733841423685,13.005109863717388,77.47130962809187,Central,134.8163396051145,1,0.9946,Polluted
24.538578066025583,80.52874002085629,12.447990990584568,27.46341958214721,12.805904964614426,77.42435633611514,West,32.70352932842458,0,0.0046,Safe
22.609511971909853,37.3071820664286,3.170812575468412,147.07521548601483,13.02069279800341,77.58814151821834,West,104.56829473144788,1,0.9981,Polluted
30.951515029039037,51.05733709711385,17.1504033539368,27.560010375996303,12.946104812154871,77.50091061356511,South,49.48250460327064,0,0.0039,Safe
20.078600757876146,42.55206117364881,13.964819809606302,28.05108399900251,13.043954644185336,77.60162531718183,East,47.912467300520895,0,0.0017,Safe
38.98875259512612,55.249640983896526,31.72813069232788,29.02517635103776,13.08639129560194,77.40963592682034,Central,65.01906900044992,0,0.0152,Safe
35.076640724327724,63.748430453144586,67.67338577653396,108.70066743999668,13.07773656484837,77.44001977055325,South,191.2982582822741,1,0.9993,Polluted
25.18494608737177,43.255321704522046,87.93922629589395,63.12462060722215,13.072779513036602,77.6059116698318,South,168.5304008216716,1,0.9994,Polluted
17.721192825454736,51.1721028031203,83.855415508561,57.14132647678062,12.953650986780168,77.46371119659075,North,181.17292219634805,1,0.9989,Polluted
36.12323424499248,49.94063941877752,20.060113296955517,24.4008227896553,12.90804263424168,77.65727630272872,West,44.301049536706046,0,0.0033,Safe
27.31276092848429,68.10900994098417,52.30354815049534,102.19333377225954,12.939510597419202,77.41757726631305,Central,163.09758577907132,1,0.9944,Polluted
35.42689787184077,66.04016505554375,16.88308529034427,2.347148047352095,13.006968800994008,77.46464459483568,West,29.30391684399762,0,0.0016,Safe
18.4334340472338,54.1739366999412,2.827764535465184,122.78230811671273,13.065199333061356,77.69956807454552,East,82.86307504288453,1,0.919,Polluted
24.40374986227736,67.65231308209097,54.414180688132,43.138664096286576,12.862095890900036,77.52992283077604,North,124.47252697195496,1,0.9121,Polluted
28.0314621983091,56.79979873119102,0.4444272764664077,30.474815557180584,13.07545794753851,77.61088969906339,South,17.202060029787688,0,0.0017,Safe
28.28188356258845,60.9251733451092,23.681171517306705,41.249863814033,13.044554069590967,77.4547989146571,North,70.54669509320941,0,0.0277,Safe
25.29960717112454,90.10178135447804,17.97981892971804,66.05168445855246,13.09365680455347,77.58296062049567,South,65.71227211558576,0,0.115,Safe
31.73709959408499,85.10691577685522,53.19621249036622,0.7708562810173445,13.064075531984503,77.61783182051083,North,75.6172318829491,0,0.3073,Safe
21.594277423704437,45.50628144608604,65.40676844088864,123.13380049801376,12.883981198907572,77.49434299075996,South,200.2496817290535,1,0.9998,Polluted
27.14572308987224,77.44598626818762,16.314371960208803,35.515582033122875,12.831786773403214,77.64866913359276,West,42.0909956935341,0,0.0112,Safe
28.721773790271392,77.17094831737388,75.11990921523608,25.201218146117945,12.833672321597478,77.58102527354168,West,122.59557690399538,1,0.9917,Polluted
31.086633004352493,47.77605066871072,15.660996546212443,8.927095669798417,12.887366995573483,77.51673690288452,West,31.883852497762252,0,0.0009,Safe
32.26968926853334,77.2816646563229,26.603093847131905,34.731855721960294,12.984255117195362,77.56729271800295,West,66.014980800392,0,0.0271,Safe
21.252147448972785,88.06897877618829,58.425810777932185,41.1491781169072,13.041296097829152,77.57302825423078,North,124.05110481075216,1,0.984,Polluted
18.795314975586265,48.16182790633379,53.12914764699367,31.015319584559684,13.069775092094469,77.44966058780817,South,100.82790392199232,1,0.5055,Polluted
35.66606093139106,51.23745768478605,196.72017267887955,68.11534910120108,12.98712601531077,77.5208197109601,West,355.9875240845688,1,1.0,Polluted
29.99388407187755,80.26492200265254,11.479501997931395,32.776446634147696,12.801689393824416,77.50302917640585,North,37.7708560613372,0,0.0058,Safe
23.50908078066068,69.07242966238472,48.854267942283286,195.29750945140037,12.85589503295556,77.52027081677375,South,235.49005533208583,1,1.0,Polluted
37.306911853135134,73.27214412859286,42.33569636204237,54.869169339639846,12.82991786115601,77.62833317654558,North,98.3310621720782,1,0.8804,Polluted
28.276025164179885,70.10883824600745,29.88161844271086,98.85267070995504,12.908997342670704,77.54476152224001,West,239.44497829700373,1,0.957,Polluted
35.07578310438296,70.86043881392216,7.651437941010532,6.948622417938618,12.950405298090123,77.68209484597178,East,24.342763906498952,0,0.001,Safe
28.40511088846065,45.10291807533376,62.70808532915149,30.37927631106163,12.813019153573569,77.48810292400753,North,113.22174302766776,1,0.9376,Polluted
40.36448754929192,80.70976559932173,37.79782564735569,24.6450362360859,12.904543392738695,77.52471107348548,West,64.70046409018268,0,0.1027,Safe
38.53204505465923,82.54384988641661,14.450528746665851,50.566022741960026,12.853753902387597,77.63608704314372,Central,79.42977004727865,0,0.0209,Safe
26.50621510912556,61.55913883897959,28.94765585574477,118.44590223688144,12.994121049877664,77.56380737799623,South,137.8268722269407,1,0.9879,Polluted
33.82942570572613,64.34784575279207,18.27586011842878,4.894617196128111,12.939281710797305,77.56410844392734,West,36.04400470642547,0,0.0021,Safe
31.872255697510887,42.03338746166417,38.96402162386827,4.520587952679237,12.948595294080173,77.41600204890156,Central,39.44169982916704,0,0.0034,Safe
36.21178934519409,72.71382134026753,98.9203761233897,113.9544171311644,12.928307536410038,77.51957989881554,North,252.86218368542848,1,1.0,Polluted
22.210459236519373,73.58086162571216,37.90597769126335,14.360193649508489,13.08680591314597,77.48122011972653,North,94.80943068914696,0,0.02,Safe
32.11630875999064,64.06713474501034,44.95132472073297,66.29350358904738,12.86442053753647,77.69980053684934,Central,132.88361448927304,1,0.9291,Polluted
34.350546921097525,81.86530039805754,32.91137639380228,46.96831529057991,12.954999277953162,77.4925065211897,Central,100.78874385319516,0,0.2197,Safe
17.447563081461315,59.98884153530089,2.3634403412726432,107.34747078596531,13.0208052105096,77.66534896043817,South,85.33543832962381,0,0.3934,Safe
20.90044892400535,73.469088888404,11.928783769376496,8.017980541733916,12.96705332394037,77.60287012051215,North,26.82579023407223,0,0.0013,Safe
15.764606933439396,49.70503491961826,30.47747561114912,8.340758025479694,13.07870626571504,77.50227492275764,Central,57.2695913623064,0,0.002,Safe
26.38355899333265,64.64671773688643,16.713212871411674,48.82653426167396,12.913390506692386,77.56306031351224,East,57.15494632494183,0,0.026,Safe
32.30525353477577,62.38468613145746,9.027179272799623,175.5484819169877,12.939102741731954,77.65216076398477,East,152.73896015786676,1,0.9988,Polluted
37.01414231257617,68.37961883061412,31.565124655991205,32.16837599476545,12.826556694564418,77.66501048940928,Central,63.07245692537374,0,0.0344,Safe
28.44456868251865,59.45709606749962,17.54113907272511,23.755435243618397,12.98269973331558,77.44811816250184,South,41.36099450269028,0,0.0055,Safe
37.77169327342775,63.027911064924986,13.43480031004284,55.9893271920069,12.886463590534431,77.50187194236246,North,73.35257792254097,0,0.025,Safe
19.71939125071065,77.3907075716226,28.061726040606267,159.94135435490102,12.84809271185467,77.50056695406407,East,152.38804788964916,1,0.9991,Polluted
17.77970536386907,58.44853644142674,6.4369898979310936,108.81374597236476,12.963359387871352,77.41261343882279,Central,106.23751770137996,1,0.7175,Polluted
28.276025164179885,40.90134348891981,118.24037531791237,324.0025463495813,12.959693079013974,77.57947132795557,Central,420.788993984602,1,1.0,Polluted
28.276025164179885,91.24375856308131,29.88161844271086,1.3696290856762527,12.822761492367215,77.65644601589766,West,138.1524528466532,0,0.0075,Safe
27.80383151143544,85.72181118035729,55.33663303144383,7.185022944984883,13.009464636048342,77.51447231634766,Central,90.18731927320732,1,0.6061,Polluted
15.59534739976074,45.616059573415725,5.052992092407613,56.41468565468944,12.987131657195256,77.62201078349526,South,58.439398881452185,0,0.0053,Safe
27.46527976292327,75.34561707867792,67.30026327409517,103.08036045737612,12.85670518482395,77.58831012408022,East,181.60928094890403,1,0.9992,Polluted
20.17318299697088,57.455378441729856,74.25169569971591,20.148871931140437,12.940830458646213,77.5126946206479,West,117.04969628354031,1,0.9792,Polluted
32.01803529298023,68.9523082299659,65.70017292759951,16.403960522077817,13.016096874943567,77.4423179398477,East,113.51852227208016,1,0.9383,Polluted
30.19958947658109,69.4133619352024,5.444992214797103,92.78097010788632,12.958830722162384,77.6127971558328,East,104.11732030025024,0,0.0894,Safe
22.36072128203587,61.48388299525517,46.46547152933891,3.4820220523077494,12.91864672285507,77.65636955068237,South,72.3397333491748,0,0.0145,Safe
24.91679849597984,53.24351501620406,80.89767036763226,27.663360896221757,12.896701537424285,77.60575634772046,Central,134.66342862594644,1,0.9918,Polluted
21.64471886866629,54.64188421525611,38.75485108529668,42.290018835700366,12.983118159993216,77.40536354521045,South,87.29285725381669,0,0.0751,Safe
27.62392541636097,51.257121267781365,46.7824412691752,49.306398475380746,13.081732609493072,77.46486986831731,Central,111.12116038204132,1,0.7862,Polluted
33.73085392300743,52.522666876543326,27.59220579422955,78.25304279009677,13.001523452143244,77.42084399546506,West,101.30453007688608,1,0.7426,Polluted
22.085643721986735,63.99232564925967,33.852418939603815,26.295948138466123,12.822423771090897,77.57111582987287,South,67.73957264420834,0,0.0216,Safe
31.024279093107065,54.26360016333872,1.5741739532033834,56.91091629454968,12.93820549204464,77.62694330365213,South,61.16431513875144,0,0.0074,Safe
24.81845428976536,75.2307809856893,45.84487021596488,52.82290808461441,13.067247239453188,77.43317375612061,North,116.19844895652125,1,0.9017,Polluted
23.242763006425932,87.30869233003891,3.8230157242540654,47.593447487627856,12.828338727740327,77.65150134617802,South,42.62408793817667,0,0.0058,Safe
27.35781784027265,56.29920137944936,25.69299204869888,61.37967782504596,13.096662713641262,77.56665269351865,North,86.5346445468727,0,0.1093,Safe
21.78854606548376,68.59106750803066,15.5806601766616,18.021660375807198,13.084720818093626,77.60699070364252,Central,39.520106880983306,0,0.0033,Safe
24.678104167916903,72.495276654544,35.47794836437448,5.306844690258662,12.823482344218965,77.69142055458259,Central,63.06554175007344,0,0.0097,Safe
20.81273264446691,72.08003406378911,6.443847899308241,7.620364104606199,13.080023996134866,77.42510429647432,Central,28.585212697532263,0,0.0008,Safe
39.78835079749834,66.13932901874131,52.94242709661384,15.261212020233124,12.90893977707784,77.67036720689335,North,87.50348739076449,0,0.3217,Safe
28.21158131183037,76.14023627539584,71.31607106072552,41.61258779898863,13.053412750122758,77.43783080879622,Central,130.3199651721968,1,0.9913,Polluted
23.80164695204449,72.23373429020985,8.025964856089194,110.12114942469078,12.925515001313984,77.51788764199101,East,94.57478994745507,1,0.6676,Polluted
29.28387946440533,46.43506366509053,4.957395971374138,72.49759586288276,12.932256533810754,77.65543160889933,South,56.67824854059655,0,0.0166,Safe
27.326031701855023,78.03734096583909,7.076560306943156,93.36537606005808,12.990272927293264,77.67187627102136,North,70.04706676696247,0,0.1202,Safe
26.67418240280066,78.30936255900113,94.34738476637624,25.93710021284822,13.032343225782794,77.55191150206355,Central,176.37675147994076,1,0.999,Polluted
31.68500020026055,53.55070843732128,33.802980844825825,31.11672575356359,12.810136745284476,77.57823139148263,East,84.14371312141522,0,0.0212,Safe
32.54504626028383,65.56906753171403,28.337564173751325,30.02102940218373,12.97794679865814,77.61244420037957,South,43.688000351686426,0,0.0224,Safe
24.816993114336835,75.24993489216604,5.078071763730717,12.78217696691848,12.856019898229212,77.64982760053582,South,20.02231789873168,0,0.0012,Safe
24.54509055613192,61.86029270630958,47.184946933866335,3.790233554642842,12.90378485535896,77.4364533508613,Central,70.04226105035457,0,0.0187,Safe
26.349689817090137,81.09467071649019,91.12276191135064,53.63009951810767,12.904390599846565,77.64302079246877,East,174.6291391844708,1,0.9995,Polluted
14.188473011586492,100.45808741929042,79.2603909935007,271.78530602346274,12.940718102066349,77.54438284515349,North,311.45361658280933,1,1.0,Polluted
18.90885362680869,53.21020951047527,44.264059783424976,10.951033312526018,12.900240923562851,77.53518702753246,Central,74.90448212447872,0,0.0111,Safe
36.20124560466715,44.28433095269338,3.5218305978027384,2.8685823522019143,12.8322083355352,77.52716992559911,South,8.346917690569917,0,0.0002,Safe
37.8698062810077,69.55727893407314,5.365383239063728,90.72007656957834,12.843688621557636,77.55276347557381,South,68.85518064763124,0,0.075,Safe
26.50578376266173,75.82343757689215,2.2754779565381766,17.4681623668261,12.81003139566833,77.68351516601838,South,33.615208368172304,0,0.0013,Safe
31.4593417783346,61.53700439232846,13.396698784849349,106.19182627820646,12.941074725598629,77.56446113183765,Central,112.96200050777288,1,0.8404,Polluted
28.276025164179885,86.79890994981551,29.88161844271086,73.0309130894162,13.086334308455896,77.68595326147894,West,57.60224451129957,1,0.8432,Polluted
46.473284850731424,44.92091300415127,13.55265063680912,174.76462941759726,12.834702567094435,77.4540870391847,West,170.37118322399294,1,0.9998,Polluted
34.71744946860746,75.39377934547417,21.88023368285536,31.548968916459906,13.083879347900924,77.6172407936498,West,53.40398577058064,0,0.0137,Safe
27.2324944511154,55.9120876886166,128.89809103099049,65.07720930513109,13.020008454419628,77.64367186158263,East,255.9599871977398,1,1.0,Polluted
22.266757356397445,90.79066859310944,42.41579674062051,37.51302787118894,12.991249640880248,77.60373864940047,Central,79.20514196451934,1,0.5852,Polluted
18.361322078454563,94.88773029752176,81.07429243734377,59.75067685517306,12.993583326597069,77.58207668406797,South,171.11259736521228,1,0.9996,Polluted
29.22078181520334,53.50015118324978,55.75892231592526,35.82648028402124,13.048018294518885,77.56944383432585,East,100.13686732278954,1,0.8137,Polluted
23.46189552829418,56.7566429613713,5.370762824673236,12.542032242613724,12.832075959313949,77.65827914477362,West,9.716045407742344,0,0.0008,Safe
19.46647774241396,77.89381830469702,59.91771286202996,42.54408480993661,12.951426297069665,77.64649397914935,North,104.59519133747244,1,0.9759,Polluted
24.12056269454484,59.19304025315728,14.477400980397588,45.12088649448826,13.009127341478228,77.43668661635418,East,45.46825283492811,0,0.0133,Safe
21.51071197831363,64.31883173101643,45.86292496890743,99.83486499600272,12.97604613352207,77.65457629710927,East,136.25931634163663,1,0.9903,Polluted
38.12284981043539,65.38082630813615,18.763831936033984,79.79953881129018,13.049833721306989,77.52422058583214,Central,78.33187163747998,0,0.2282,Safe
33.2898385416967,36.20490265703516,272.8286478765666,65.40144866411867,12.821681512703409,77.47610904899875,East,463.4502773082812,1,1.0,Polluted
27.95216415210029,64.79243380858644,13.76621743527628,7.2208081076802575,13.00721031184975,77.66093057040418,Central,8.764075163777356,0,0.0019,Safe
36.87966483334016,54.6540833890374,14.728370226755416,76.51014838452882,12.960208319115416,77.52960743989013,North,86.2887776191817,0,0.0778,Safe
28.46420984588571,57.60315766400342,120.10095451219802,41.62546077513527,12.913748259193984,77.64250940705305,South,223.5107107060967,1,0.9999,Polluted
22.832294792030417,86.65448005203221,1.1228922577109244,134.7153387536907,12.902082494670209,77.47902108358676,South,100.56605623896397,1,0.9262,Polluted
37.13874446361794,46.152396585811154,53.68484507589528,151.44699725688906,12.986249789832256,77.40117879642668,West,200.83539060640803,1,0.9999,Polluted
31.233460262107958,77.19807780121965,58.147729272592805,3.404164173563344,13.067298612393278,77.54863775787089,West,86.58848540486605,1,0.5484,Polluted
21.77652307404126,60.81555604502287,81.45899633078186,103.10214115583511,12.948852777830334,77.43006847699287,North,200.55506496974328,1,0.9997,Polluted
26.85796793149835,60.80359747256249,165.0014855779862,2.305578888647516,13.047416949223075,77.62631278665748,South,223.7917708611343,1,1.0,Polluted
22.746290479691456,76.85557844077567,167.09628616818884,27.453171829848664,12.92064691455319,77.48282254082083,West,261.33887698008687,1,1.0,Polluted
19.703201614213985,70.10076941853336,3.037715590797617,46.89247668351408,12.830718338837954,77.53309369398104,East,56.68481591877985,0,0.0053,Safe
33.55706528518985,73.55919495829296,77.62812546141954,9.617224043975774,12.818451720937592,77.42611006952747,Central,127.3744046614262,1,0.9892,Polluted
28.276025164179885,79.52276990799291,29.88161844271086,82.29943550140781,12.815400311397104,77.48599777453418,West,133.5808597766232,1,0.9034,Polluted
19.608594557085155,60.03037425225016,46.90156100547127,0.5033880197049794,12.9140450425873,77.63444707297758,North,50.54770913957015,0,0.0098,Safe
31.377815420143424,55.81644898238375,6.181525242074874,11.07858645778675,12.901171325250752,77.4454763735707,South,24.066841795030683,0,0.0008,Safe
24.09614458526904,48.72274210163303,47.26606629635002,52.16397501788792,13.015381107086773,77.5941478683381,North,103.51374808572862,1,0.9077,Polluted
25.077247697411824,52.61884205031567,182.0051774511559,75.1871699505241,13.02284645047546,77.67522775584135,Central,320.7828179161567,1,1.0,Polluted
24.445636454566785,109.23641637963088,109.27614947093257,149.07743532517426,12.815256190650125,77.60395102792732,Central,271.8039360625151,1,1.0,Polluted
22.816055381921103,83.67019371105181,26.02202883961486,73.34789443872451,12.866336978866704,77.64330650678767,North,102.81783289110857,1,0.5236,Polluted
28.291129767668963,44.73388450687968,1.8345510672782364,66.8441364235,12.88227855504767,77.43269148879118,West,55.51751899495582,0,0.0087,Safe
23.01429930153377,45.16313064884645,20.24447027180938,30.086303952047217,12.964283595242843,77.47521954780062,West,63.08172073658153,0,0.004,Safe
29.62274095467903,72.22799092577738,78.7925551302259,0.0771150664965617,12.843354567172083,77.66836165567219,South,129.50773712983155,1,0.9816,Polluted
27.69857134330518,73.2089719606695,54.404205119417824,7.680861823435295,12.84018236582,77.61453168408543,South,80.35631937230904,0,0.2712,Safe
26.566311718801543,73.23325752976046,27.673714119804934,45.885621821217896,13.083136666762387,77.5918661479132,East,77.7921163505484,0,0.0592,Safe
22.55461802775041,61.175663096694535,2.550501084307493,67.45978951711837,13.041260872189332,77.59913002083651,East,54.76342064843751,0,0.0157,Safe
24.539372016590004,63.118186099956496,25.050863612960413,32.42023886837369,12.854196470627352,77.5242601662914,South,49.89450787667591,0,0.0176,Safe
32.53234735495454,69.91819286239036,28.48681018335802,78.71108070373432,12.921970342371647,77.4133669894853,East,93.51988845270452,1,0.7604,Polluted
31.005503125746284,66.28839509439996,118.74756667011296,44.27139017400574,12.90668659977727,77.63533246262122,North,211.89674314890456,1,0.9999,Polluted
22.134668531208693,31.71049440878697,46.11027429485976,4.624280307630706,13.037301222219622,77.60361397086461,West,72.29417917828752,0,0.0063,Safe
28.59599383257536,61.553005541372094,16.80579389926094,12.79279999484385,12.953063874943435,77.54184133923383,East,34.89409907280317,0,0.003,Safe
32.50832274023073,52.2289034860953,33.529982847334615,109.95422154507662,12.83835492109804,77.66992788461047,East,137.7251997097039,1,0.9913,Polluted
17.983568313271768,67.62817128362768,3.075212636564359,77.44001679826616,13.021697618946874,77.50084789949554,North,58.40488946658388,0,0.0198,Safe
31.26016115427961,109.77888503905116,161.82241443815758,135.09184222564568,12.919066393467476,77.48829652326937,Central,372.0214761582081,1,1.0,Polluted
24.02425744632492,70.51222498211456,20.08713166990333,7.503681828244452,12.878877274289644,77.66183889752384,South,38.45167601864278,0,0.0029,Safe
31.42359201155896,60.297054707414034,29.24251263081023,277.6604994971678,12.912649586606216,77.6390962964277,North,260.23689685858426,1,1.0,Polluted
23.4204450607449,78.82702252965878,19.75253981708162,14.098297222597497,12.949326969082067,77.5544939431945,Central,44.9306118678162,0,0.0039,Safe
17.170707396012887,72.24031830813819,51.62914829608909,0.7109885261502504,12.902934654925104,77.43922042183736,North,69.50026884727953,0,0.0428,Safe
18.234745372701024,71.30141735677762,48.84284153061445,357.6663418462781,12.872571731777528,77.46452144143952,West,359.66469674313805,1,1.0,Polluted
28.288509679968293,74.10275889823507,56.53789437675333,19.7998012763602,12.919550608641194,77.59686839712265,North,104.65364036600027,1,0.7728,Polluted
29.55833501032889,95.84815347244312,14.047670386584915,66.16073422125133,12.80575187322497,77.51551237135213,North,79.50945945486576,0,0.0909,Safe
22.57410024937355,48.03667347011127,17.069076095249645,11.66478859687548,13.031749353828896,77.6509419574998,West,22.36228677212489,0,0.0012,Safe
31.831554752664243,72.10448115217181,6.021834979703862,52.08269040466402,12.851283468070276,77.68498650279966,South,80.9898347080325,0,0.0129,Safe
18.03087962638624,51.10428305027692,47.95605606598421,140.62629577047022,12.813171384089191,77.64169107758248,Central,196.25313976633785,1,0.9997,Polluted
27.6035212081161,73.33268969513372,1.8274811019459865,23.15573633986167,12.996109607871524,77.51326362689868,East,41.59086051501986,0,0.0018,Safe
20.73390280142526,51.21970232770858,40.9730981523354,66.56595271268044,13.032180838647102,77.63660592876943,South,112.15124939265448,1,0.9457,Polluted
24.088983353187047,58.73949779592373,91.70478959599764,12.488172771707308,13.044148739477851,77.50543250204122,North,150.01564358374705,1,0.9958,Polluted
28.284392027898484,60.57365128643141,99.66908957722757,58.817027902945256,12.94805275479818,77.45013002632969,East,196.9218506583834,1,0.9996,Polluted
22.837519808296285,79.63725079017064,26.824005125754432,24.60909601823957,12.861610455406996,77.41001796145976,West,54.45269172735066,0,0.0142,Safe
25.69266673462105,78.7768166591362,27.6703876709721,14.235176733649933,13.021168303174948,77.51571501382831,South,60.46981208364221,0,0.0092,Safe
34.037756855286645,46.31423935330423,3.604169573085497,22.541160937381697,13.009913923146302,77.67106779110918,Central,14.602669903520413,0,0.0007,Safe
24.53864878286111,65.82401166499773,49.99426086430651,11.822316326887329,12.873881220230952,77.47169597632671,South,91.4317537270249,0,0.0713,Safe
33.01415267239085,54.35630217876241,77.48189100825009,139.31592744218196,13.071022326758838,77.46195394947894,South,222.69466541989476,1,0.9999,Polluted
21.22175887205429,46.12242633986998,12.62613387390039,30.368883470991012,12.83131143742485,77.69094623557231,East,47.22458533824418,0,0.0021,Safe
31.178825067491697,61.74474424363444,24.613766724406897,16.884452312479795,13.094806471877398,77.40750123385519,West,65.04453301290656,0,0.0069,Safe
36.6494117239474,60.3727581731627,82.14090764791082,35.69678089222723,13.05807434329324,77.63573464511813,West,150.43865055067425,1,0.9956,Polluted
13.170132999236264,101.40074729518284,94.34478669459573,23.187076345445725,13.006369593643722,77.49641098672227,South,167.86907896332244,1,0.9998,Polluted
23.21862846717714,71.49439738041045,12.538341380479965,81.85301323345246,13.08162496648395,77.4112463870609,West,79.2008818175582,0,0.0864,Safe
31.46243276308324,44.33573748868644,35.989945994971606,212.8842909522004,13.016693350497112,77.67534076206287,East,212.47901194689703,1,1.0,Polluted
26.781727683742044,56.52838993743587,9.621168378145413,34.57879909464759,12.857137099109014,77.44189269906288,East,58.71208314599636,0,0.0046,Safe
30.22687524022785,80.32074943144097,4.835259596987641,118.4112997377122,12.932646841433844,77.56553378511771,Central,109.45902069612202,1,0.7834,Polluted
24.37608887970508,96.32664159304888,108.92131987006437,50.06371775582583,12.821450907299493,77.48221626222887,West,202.0887482519082,1,1.0,Polluted
28.5195387248374,41.210250316430624,77.29298452056268,10.26407492010399,12.916897226686435,77.41955784065541,Central,131.11482329591465,1,0.9727,Polluted
27.065936587647524,36.80113422291433,64.22678056778213,70.39163084177271,13.022480905921162,77.41497674569902,North,142.48952574861826,1,0.9979,Polluted
28.276025164179885,93.06447763057672,2.249798628550558,43.223024721748494,12.915933005279246,77.43466700965091,East,42.37551315533539,0,0.0039,Safe
29.52652505980728,70.84421266056356,83.52730228145863,63.09339307950641,12.89908825264044,77.42141010416682,South,177.93571786804688,1,0.9988,Polluted
30.025615972451213,51.9756090218545,25.93493365688557,132.26623435820136,12.978606716753092,77.62816743465598,East,151.22082945629353,1,0.9963,Polluted
25.528738203265195,73.01943629183653,18.86179587097691,34.83568893241364,13.061661358699668,77.54566986068504,North,72.57855364778351,0,0.014,Safe
25.07436265556504,25.463783914746838,35.58185483185401,138.86587285308138,12.814274957763834,77.5028676274047,South,178.9479406839452,1,0.9999,Polluted
25.404650873082275,65.05063259895742,4.3109489784590345,83.33844031729386,12.91564113040992,77.5255106730396,West,59.2487834576695,0,0.0431,Safe
30.36671285426978,69.91731759264628,63.59581633638855,40.23677089887281,12.84747222254458,77.6786840206718,West,107.63067539310455,1,0.9717,Polluted
25.47409311507842,78.86405209306744,39.29918590447292,55.46272143334921,13.00860627521956,77.67322554382145,East,105.7760553778611,1,0.7636,Polluted
29.73864914137848,49.791560715611936,9.29340497724582,23.634233759638462,12.83171736812934,77.61470294403678,South,34.54087493414153,0,0.0016,Safe
40.45240479187263,66.28530742105039,9.384342300972463,246.61855845783447,12.999442327574071,77.66540471322651,South,200.0097673910106,1,1.0,Polluted
33.22674822059015,51.11863060910619,9.164056073362843,66.04007334713963,12.885854261239372,77.49589440827629,Central,56.97044263101907,0,0.0191,Safe
26.043858806992954,68.83075633511476,2.641118769914378,2.690230957652028,12.859675044121168,77.5143327978025,North,0.0,0,0.0006,Safe
35.207283532983666,51.56980516455464,39.88092819141127,23.72689817115601,13.080905767347495,77.58411365455628,West,92.15319747677832,0,0.0196,Safe
25.55154776187069,58.87848741259669,82.56419751799206,58.580668880503055,12.805557373023788,77.58708778418918,East,165.98586777204486,1,0.9978,Polluted
15.771252788932877,50.062769078146566,0.7943902837124458,3.478933421344791,12.93133318156687,77.54450995140371,South,0.0,0,0.0002,Safe
21.951482134495578,74.76704362735485,2.26107453378376,1.4504425903714817,12.80648809773854,77.52019735453139,West,3.907649405754338,0,0.0004,Safe
16.775248473844865,77.87676674984998,38.26950375207852,35.87286441573275,12.945077914431298,77.69585409348261,East,86.07526269345459,0,0.0908,Safe
25.890919095752142,61.4806914506388,77.04002690174292,24.27005056203143,12.950314213338324,77.64633708783532,West,124.65493951420191,1,0.9841,Polluted
28.11051027513731,65.57356992440043,17.802992080298246,34.607094078879655,12.896498741418425,77.53049405936642,East,60.29405131312883,0,0.0133,Safe
38.0586238736517,43.27112878049684,19.35854367218328,18.285080413071555,12.839648533257508,77.61818774317187,West,55.03827024769223,0,0.0014,Safe
29.961564242584977,60.50485027989819,40.823929624457264,10.79913501819284,12.912916261320342,77.48086850797574,Central,66.32145152694028,0,0.0165,Safe
26.68539682714681,64.24693074437383,14.42243442903882,70.10540567975889,13.00167888197977,77.4300507978712,North,62.6788733812514,0,0.0619,Safe
32.976433487100934,104.31189636544964,1.2135949342349313,43.36334894695663,13.034718742593338,77.50572930766583,West,33.77361993445616,0,0.004,Safe
14.733188145952688,48.320494613387545,59.79996708647803,13.400180037437876,12.959225180716444,77.52089184003702,North,103.43682727206571,0,0.345,Safe
29.4136873486514,86.96265858128656,44.215373598580896,23.10353268629936,12.976950318331928,77.4049611373682,West,63.22679223873891,0,0.3145,Safe
32.6251911633218,79.95288160198712,39.11859843294898,53.76104404954191,12.860184911337395,77.64443760049078,South,106.50190243183688,1,0.7438,Polluted
19.12848252532095,69.20954606735205,60.91074615055494,4.4982431565409895,12.886199099968294,77.50775802071676,Central,91.21473726609103,0,0.4072,Safe
34.862524259241574,91.379307262927,50.608827829569705,9.571617014891183,12.848568683015708,77.57412544973405,Central,84.00770987109834,1,0.5148,Polluted
30.03097844496649,70.58158208910294,10.373543967642068,4.564001617206067,12.874788605001385,77.42218895618129,North,16.315286973151654,0,0.0013,Safe
25.50827251659519,70.83738793501894,19.55732466180941,100.3801609378,12.86746603406766,77.45249904862519,South,102.1057178334854,1,0.8674,Polluted
31.79669119663771,64.20319020473681,6.066041917278479,83.75868178242712,12.955834635917372,77.66690811759827,East,74.99609194220685,0,0.0501,Safe
41.62415714682638,83.35353323627942,6.259397780008909,83.97808057647555,12.96880662673722,77.58260625836485,Central,71.48235851370261,0,0.0647,Safe
29.09119753035097,81.44703850716326,50.742724553399306,75.59563638684354,13.083484226246451,77.68508521505115,South,133.01478619009183,1,0.9904,Polluted
29.489323517802017,55.614840687556814,88.02734769516172,66.40812024206467,12.858671194130457,77.6996250103174,South,176.36333761664048,1,0.9992,Polluted
25.243834602758536,45.211292081018485,148.03361532318613,38.889501412125895,12.992502713048449,77.51155803459993,North,258.529773973319,1,1.0,Polluted
22.90093378321125,61.955290439065145,44.54077374093462,61.67997525801678,13.045177780696257,77.48964091922498,South,128.52312623134344,1,0.9127,Polluted
28.276025164179885,52.99942153403531,29.88161844271086,2.347004132318068,12.968072439134916,77.65750681654774,South,6.878722502263097,0,0.0027,Safe
22.8634970445468,64.04713138076967,5.02463105099719,58.286712893951,12.876501095750324,77.69958342811124,East,52.998166417134826,0,0.0143,Safe
28.276025164179885,83.56157202026209,29.88161844271086,90.27163036957836,12.878765069006,77.58889237026975,North,174.38524239570202,1,0.9618,Polluted
25.1340553194093,58.14047517369815,38.90448772119519,41.63184949775074,12.8117759159213,77.63854221675346,North,95.54254806343133,0,0.0834,Safe
30.87387895447835,64.35764928032637,43.3386484729196,26.544552423706016,12.891633267964544,77.63452375764459,South,88.48604501908119,0,0.0786,Safe
30.00197263172169,65.87034102212593,68.43580976941324,19.49618754101696,13.023381103701016,77.50660191246587,East,112.46103847150803,1,0.9568,Polluted
34.22523966554739,77.72646323307927,54.67306512609101,61.76791017190617,12.814255327162131,77.57228111407713,West,130.59643598854612,1,0.9875,Polluted
24.93990160687152,31.29665999023092,80.93393403168167,70.81561077037797,12.86578858475145,77.64991708237926,Central,186.7061457074339,1,0.9997,Polluted
26.38075038823977,55.89949557852055,2.603507997596841,122.861504538034,13.011869749559535,77.60643416287832,North,86.12074992349115,1,0.887,Polluted
22.12741770530616,68.16925538419208,61.93915934831566,25.1434920418318,13.034795468846864,77.40634914419462,East,100.10530020358854,1,0.9099,Polluted
25.33424043954333,83.00118434640292,85.62695647944167,88.12118951191393,12.936595523018578,77.50101170066927,East,204.7557323364582,1,0.9998,Polluted
30.263802958269117,57.621463287406925,15.167766133193794,49.444003681663375,13.009422301543594,77.44334270897839,South,62.85163060286052,0,0.0178,Safe
32.54193169987211,36.85170940937189,46.030250148491845,128.65108825370646,12.916385650596467,77.46989166362341,Central,171.2645788311909,1,0.9996,Polluted
22.467008054934247,74.29567168949204,16.970126572202698,45.02269781776796,12.84797397350724,77.6716468432474,North,70.90320697878289,0,0.0181,Safe
33.21763552063396,55.46956416761556,142.6228652070862,43.74260812860239,12.919444848056871,77.41106798667323,West,255.9727240509784,1,1.0,Polluted
36.13382715282971,47.155000113644576,1.5297708072819034,51.74752386914563,12.973990346060942,77.46594021358858,South,60.84371584967768,0,0.003,Safe
30.480609419342205,55.63481915430164,39.01533571498475,83.01357148596153,13.084415984555866,77.49287080567147,North,133.8832267647944,1,0.9612,Polluted
39.2607748753484,62.232119635162256,8.195662458388798,200.6161577902719,12.820625285626605,77.58506522158993,North,178.04367504919134,1,0.9998,Polluted
23.357264805378563,55.92883003192681,56.05018616755961,4.584576945124889,12.95221822815349,77.56023050702576,East,87.20333385275552,0,0.0525,Safe
20.532071780131496,31.916509143513963,8.705322303549943,3.2949129944320723,12.898675933463217,77.46548084485602,Central,14.25228071950949,0,1e-04,Safe
17.32767850657433,78.45599295330697,12.077125498870528,166.40366671589,12.952493508283007,77.44927232016695,West,151.20622063674125,1,0.9982,Polluted
36.9762658689351,84.12312561918083,30.687826792416864,45.28547956370736,12.80719263421296,77.47103941037884,Central,84.48992239273412,0,0.1671,Safe
31.926193938124342,74.77282987009258,110.84238632418632,57.25560397215919,12.893907606410474,77.5507588880105,East,200.00075284995611,1,0.9999,Polluted
27.66649197453727,47.93471494362775,10.70526523085489,39.515888098210496,13.0459604442581,77.48135333571337,West,50.30654913007304,0,0.004,Safe
29.679811757918923,61.97762699078723,7.009440329783817,5.900277405993341,12.96618252015639,77.68428075048232,West,12.80111748573314,0,0.0009,Safe
21.24706571620974,64.90218027155812,64.02879975268057,87.68419400093794,12.935174747844837,77.53915956642867,South,169.76106298206813,1,0.9965,Polluted
42.67451187770096,73.98191584342865,31.24741560764071,82.5152465967048,12.885657521514602,77.4176388049634,West,107.10656762767144,1,0.946,Polluted
28.775327091851366,75.02510733077122,109.2590791360202,22.41211891418614,12.889412756837409,77.618779921751,North,175.22406324167108,1,0.9997,Polluted
28.65636876762936,53.98739301832256,7.134478479574675,21.937686700090588,12.914930430077176,77.49865358646271,Central,30.55901030469605,0,0.0015,Safe
32.35459974339215,66.22993334620341,46.72146125544542,109.15081755433349,13.050671212989368,77.59604667961747,Central,162.17555030963916,1,0.9947,Polluted
30.88605539042028,71.85920606922862,11.9299915386208,4.506515779955222,13.09016396204248,77.48387831115697,South,15.460859011946743,0,0.0014,Safe
29.34330414567479,86.83733483220149,7.672687754804762,127.77094656659284,12.931596614405112,77.57122312252,West,126.917860722671,1,0.957,Polluted
23.25715326732813,75.56759809737085,51.75940704218154,17.796240480672303,12.91800585162433,77.63164575144225,East,104.99959714130976,0,0.3446,Safe
30.82881014281597,76.83585031063278,40.52815302049486,53.93427716636872,13.05396523274596,77.67840262253237,North,88.11638903127174,1,0.7805,Polluted
39.2921469788502,66.25739941894041,63.26068791257399,164.92687479967347,12.928071596190891,77.47833814332992,South,219.06226220991812,1,1.0,Polluted
36.072520276929865,86.15688717805256,16.662829942829575,68.0150547226811,12.965605451688695,77.5004570852997,West,80.56836393708724,0,0.0983,Safe
37.55911975983638,71.14644193939246,26.737014910029604,32.11015361390619,12.869282499379624,77.53927992608578,East,69.50135872625428,0,0.0222,Safe
24.93270594141289,52.08368134739644,23.39941145148736,70.18089343719502,13.023050760733724,77.6781524513208,West,112.56723165293188,0,0.2231,Safe
22.062371078448518,86.05054955187786,186.33481855163248,25.29380689915152,12.959596495481234,77.6704160570432,South,301.146216147355,1,1.0,Polluted
27.24527847940211,75.46854908808541,15.554829642244998,19.482212583019024,13.042710365072102,77.4269634840302,East,37.75393858663725,0,0.0044,Safe
28.334349473732168,58.354339683072766,15.718422302021246,342.5266988104556,13.034219819008602,77.43957894772615,East,286.2186394155001,1,1.0,Polluted
34.56514911082569,57.80760548901135,19.70121401817553,83.36761752684023,12.86450143048101,77.54865275319919,East,80.39198109394604,0,0.4176,Safe
17.845212221711083,69.44863317711143,37.41644414452135,62.09094026011893,13.014690665167327,77.43198578184163,East,104.46069596404512,1,0.6984,Polluted
37.17730191676368,71.94777192901377,13.085274168394555,26.337247337905477,13.04001632238541,77.50367426200461,West,61.27156104266328,0,0.0046,Safe
27.051952608526065,67.95938398446809,111.08344125228052,3.0246207941517875,12.903832172234718,77.44451561346524,East,166.92717125018615,1,0.9995,Polluted
25.43871358031548,69.66963010164328,13.896808036101492,1.892961864764441,12.851782733870683,77.59081210653957,West,14.632265168203652,0,0.0014,Safe
21.927373748438995,90.49936061864572,101.77173610770006,48.47056871504739,12.800789646673875,77.68484862952175,East,195.95475310861335,1,0.9999,Polluted
18.070859968805383,81.07314728352328,4.915312699234399,86.13732588718338,12.935271095927945,77.69902013108832,East,56.22717727952967,0,0.0367,Safe
32.93902350377149,67.85953386897536,48.09378256736029,46.2508527772732,12.905729819461651,77.51257233974908,South,109.9342584464148,1,0.8518,Polluted
28.439907803130424,79.11965871151224,106.87500370050772,110.25001444447476,12.966472950147622,77.57970379113439,West,256.75629894858565,1,1.0,Polluted
20.26023460155368,49.5121414470869,8.317080513051701,2.039878192108677,12.856412327776637,77.65688029605722,West,4.631931324021492,0,0.0003,Safe
20.229527367618303,70.96890574920214,155.35302463243175,27.413596146266965,13.057899664299942,77.43523862183892,Central,268.6491115563024,1,1.0,Polluted
25.98529180425923,92.13959524599665,27.139196889869933,16.23537046511439,12.877326564688431,77.60686932331559,South,60.29391720095509,0,0.0151,Safe
38.01412915173636,61.7293115691144,131.10791989159893,35.57346075785836,12.867928881526296,77.52265309851752,West,238.8998607996056,1,1.0,Polluted
26.44245189181837,52.28549107071373,50.82956866981601,4.50775347519868,12.944214216945308,77.46184384808406,South,66.08742958189009,0,0.0198,Safe
18.98114228129136,55.21866667110409,16.152501345203966,184.91878550877595,12.949655307123283,77.52082608562424,South,170.3567795046645,1,0.9998,Polluted
26.525541615484336,48.655504439864174,9.388240914281708,15.15862104921836,12.864525568635528,77.42278808608948,South,35.43052389607956,0,0.0009,Safe
26.363658581513977,53.22857137808445,16.29112546697271,153.30000583138417,12.881558218017776,77.6086221445768,North,132.09810593519347,1,0.9983,Polluted
11.81868014235057,59.44237852114957,4.393441052420812,33.29638553601537,12.850911571746574,77.47582280062454,West,42.6979868917395,0,0.0013,Safe
27.674230800893127,43.91649471232037,6.989880141400673,254.1163427144595,13.01553805349695,77.49342169351347,South,211.97942547099203,1,1.0,Polluted
26.61439281874793,65.23427500924404,4.974850637951837,48.45403440900822,13.031026709376224,77.43632438947245,North,55.621791953411645,0,0.0095,Safe
32.17723818888051,78.53415760679971,24.741682775630608,160.27376670012745,12.938698549237785,77.65939773416697,North,167.50623813746563,1,0.999,Polluted
39.09373656967208,51.38365729779619,71.44067857251149,0.3218007452581655,13.014226106805506,77.54803328378483,East,121.52672263334352,1,0.8157,Polluted
34.75939017728655,87.78925885462652,6.859483613533265,82.75645706062554,13.020780617581234,77.57164406333592,East,63.57529107292427,0,0.0597,Safe
26.386667856671018,72.66188132791392,6.283370212602999,140.01399802825236,12.841482658303343,77.57082980492847,West,124.72695665079657,1,0.9785,Polluted
21.360844547549977,80.45870878436085,46.40497915021976,9.029881223570872,13.08985340745036,77.52314793436241,East,61.715720920482674,0,0.0707,Safe
43.44015881949916,55.13248169221794,9.883280877251783,6.06390868796077,13.04630958412893,77.45775897463145,West,23.871431200507036,0,0.0006,Safe
28.35531060408693,77.81787840599924,4.62188349410422,33.15853334633118,12.861345038358747,77.62353982454952,North,36.73785109684849,0,0.0036,Safe
28.08357575147768,48.6209914940703,8.214294351159788,162.79483647105138,12.855849510723822,77.4381168796073,North,139.7064950763602,1,0.9988,Polluted
27.85524947733998,78.35371251254763,115.80722571391529,46.90382814807859,12.837698343673877,77.43116213708365,West,203.3959288405829,1,0.9999,Polluted
29.18850856460713,67.57759009690297,77.53525388354431,44.97752376129164,12.841513568762576,77.61304351127896,East,149.03123978438512,1,0.9936,Polluted
27.133837528456347,73.29876829977175,19.667507486408734,9.12799126098349,13.024448539708608,77.4626511061356,East,37.78018093779893,0,0.0034,Safe
24.558027958718583,47.36608091562722,47.996672943788006,0.0473893752744321,12.940896277085487,77.49203182540586,West,74.874788698928,0,0.0078,Safe
24.718846352557648,51.57395236585093,34.67807143702635,99.68812790930822,13.03488025182196,77.54256824010052,Central,151.09076924841898,1,0.9886,Polluted
27.80348037870401,73.95842327380078,50.871948590079306,5.498934583547951,13.023876468305062,77.53480539501886,East,89.44123537739478,0,0.1126,Safe
24.73945137319741,50.77477993663699,51.6517500991883,60.28270190516369,12.981383814051568,77.6125737375195,South,119.83481846521336,1,0.9729,Polluted
23.72292530393701,71.94809438148684,44.587643972161366,147.63611235443386,13.005909981973604,77.58702953803301,East,190.78411233745143,1,0.9994,Polluted
28.63858136615138,44.49293290309632,13.922296388062078,14.041040927638711,12.805506717313744,77.59331884868456,Central,40.92946810901277,0,0.001,Safe
26.470136695474867,77.72261319000002,1.7904398116069422,65.66637093112654,12.893533294041507,77.61421629919664,North,48.65908757974775,0,0.0171,Safe
37.02395793149613,46.51215027847236,27.36044965863296,4.918081079661798,12.991346653777825,77.48778381822704,North,51.996699717105,0,0.0015,Safe
12.094181149641928,73.28449906519285,99.72755259554472,55.54337611011389,12.802803486045876,77.49669999354015,North,179.15868943675696,1,0.9998,Polluted
34.54904111153477,74.38446400469002,37.92607141505575,10.742699743894834,12.80989308310478,77.53139932436866,East,58.559319542077816,0,0.0222,Safe
35.47651115498577,54.54842272355638,80.37547388534864,79.89781704997142,13.055566394741115,77.49223865191006,North,170.23915775913704,1,0.9992,Polluted
15.559658605551103,73.7303985062709,215.20915883809045,21.50612912072476,13.005207458507622,77.69548136069126,Central,337.9080712017049,1,1.0,Polluted
25.943874435517905,68.90663395000334,8.040045837876905,37.34913511616132,12.879610919936104,77.64421557792643,Central,37.20292202100571,0,0.0065,Safe
25.77135480402525,56.91737215710893,52.9620212543394,54.89208596189292,13.006388852035611,77.44939640647681,East,119.38714260908962,1,0.9465,Polluted
19.554929831693077,49.87167973885688,50.47914762723911,11.2718991627266,13.037737000741778,77.40167824676456,South,92.8910003180078,0,0.0287,Safe
23.33309987445475,35.56061462491131,175.94090328761143,81.20357247985449,12.892038284933031,77.41283498047419,East,329.7800371774453,1,1.0,Polluted
21.336544927205026,70.2447507094954,190.8260119189625,21.627239444710323,12.810811213249757,77.47321903531288,North,311.5440403999673,1,1.0,Polluted
38.513622660541735,41.52795842956917,52.22366170365134,65.14860998370187,13.07983373740632,77.43428738575106,East,146.71788324091978,1,0.9892,Polluted
33.61407035888477,66.43016299161962,12.56420241702441,10.3386891589161,12.90355395148869,77.56000143446778,Central,48.06391419901199,0,0.0019,Safe
35.62933056996495,61.04827675876626,72.1009371738949,69.90775650830702,12.831944528985412,77.65739856681822,East,162.679569791522,1,0.997,Polluted
32.33003238425941,75.18714163157293,5.094059568038788,8.230893489834461,12.947557061417944,77.62102506627397,East,19.57325736780345,0,0.0009,Safe
21.225689372696625,60.46931750765204,68.27901527751024,33.24032543839541,13.03054033869924,77.46468271892466,South,127.4631931639904,1,0.9734,Polluted
24.85287840232136,60.05828320479363,108.4557214634936,17.037825536444878,12.866494194385268,77.51978977680774,Central,186.4558367766934,1,0.9994,Polluted
30.936247367367507,75.97806056432444,21.717732007816323,82.78898317752909,12.88084701504001,77.55236826285939,West,107.00468567066218,1,0.5127,Polluted
20.66723314664833,70.02587043626177,44.81868431559516,18.231533225262503,12.872814496039576,77.643061754851,West,75.20786360548027,0,0.0528,Safe
32.27799058103433,69.74233935774167,25.306621051413163,128.080668668245,13.097501915849502,77.65173648093186,Central,135.29076105916906,1,0.9913,Polluted
26.55804761105119,72.03901384712789,25.912595917130943,133.43764360514302,12.859221120119162,77.67291549357233,West,159.47947233268627,1,0.9928,Polluted
25.751075154702416,41.96641815189341,16.72206058589792,13.122303602069708,12.972656065089838,77.55277357515087,North,30.08923263277292,0,0.001,Safe
32.26575980922095,76.35183019980472,64.62132198358057,57.09113297648369,13.07757939249709,77.60828242393076,West,141.48693590157458,1,0.9929,Polluted
30.66557986891624,74.18703191020404,123.82356704706788,5.508344006868551,12.844068970663336,77.43354011137019,North,196.89243486642388,1,0.9999,Polluted
25.83420300508552,49.74975307135254,127.17018004137724,29.809160241355837,13.09125625936031,77.5695866879862,Central,212.94684204027467,1,1.0,Polluted
34.955978820185486,61.33879289488698,8.644806834308874,74.96368204427947,13.084243170318688,77.47460754284134,West,88.27780767726885,0,0.0372,Safe
21.513620034400617,64.41039068558553,93.48267775309428,64.626885943501,13.065371596117478,77.529515065508,West,202.25658544054065,1,0.9995,Polluted
31.69561364166558,62.98254823397401,60.17593749908045,58.80188139000688,12.864366956399,77.59021515249202,North,128.46371734368648,1,0.9772,Polluted
31.558607547810304,70.00789949852802,13.1162601499783,19.922357148592685,12.990216516803295,77.47709578135614,North,29.75720982864428,0,0.0037,Safe
26.14272136411606,86.47050172746775,3.13448292158618,28.49131792069932,13.028267441888373,77.41565551733903,East,33.37039413106109,0,0.002,Safe
29.956798133452708,81.22650091509243,14.038696406847826,6.518362762352974,13.095808378458928,77.40307015692264,South,25.752495764314524,0,0.0016,Safe
20.493318541688183,45.31671209852891,109.47544180844451,76.16890946722206,12.854127146624412,77.40664786066336,West,205.7427002388179,1,1.0,Polluted
33.544162115241406,74.33104985459073,45.12961809251093,42.05731064212104,13.02980776985579,77.40250492125413,South,91.63144693102475,1,0.6703,Polluted
26.890587181342067,84.93399979303115,57.45327450982766,74.01761692994943,12.901640350978134,77.43310651696737,South,147.7349582804121,1,0.9957,Polluted
24.863661876885764,70.80212781033804,13.376893674994577,17.176465802473007,12.8526879396704,77.47184661437105,West,42.71200107159237,0,0.0031,Safe
34.294055355021335,81.3647063777895,57.18523055122909,23.532640822011235,12.926413082364157,77.4663664542547,North,113.65242885632364,1,0.9275,Polluted
23.773937856743444,95.18405668551148,1.2836019957491631,24.407339396598072,13.038150773644585,77.69603897825397,East,41.079644061943696,0,0.0012,Safe
19.54923222181864,80.35564319160471,21.17330616170955,1.564772635562517,12.939454941111215,77.49180183156268,Central,26.09716672455873,0,0.0017,Safe
18.660224958856578,68.73962893462593,44.34821162619393,25.02626350667404,12.961256930060914,77.43822623500783,West,80.10698644677663,0,0.0698,Safe
31.63605970807384,80.6763271112713,7.107172469609212,97.56592830557952,13.098547823060036,77.56366876325033,West,88.46021984227575,0,0.2073,Safe
20.3174238850223,67.17331749645336,77.92315835524525,136.5557109073296,12.919732789867227,77.65738723661926,Central,209.36957043652205,1,0.9999,Polluted
38.52876509190619,65.35854564927433,12.05641617624957,43.81585227254908,12.984620226412773,77.60341811303631,South,53.10655381440433,0,0.0104,Safe
15.508423552697668,59.72878646429401,47.53624144974875,36.473426997854105,12.909573260484612,77.48882462674064,East,98.52805526274996,0,0.2065,Safe
38.17873820974023,88.45120038248163,23.37863671793157,1.8785814848485896,12.917835693898612,77.56848484793744,South,44.48799885002908,0,0.0033,Safe
29.26610480321571,52.72357001086998,40.79017423988024,126.81929407739182,13.008692226033622,77.61445679226013,Central,172.25590260734452,1,0.9979,Polluted
27.419721328777644,87.98551587017174,5.115301364076065,0.7857352530845007,13.081366092828464,77.61843134771033,Central,11.874275869006317,0,0.0005,Safe
24.730485479146303,72.49796185610558,0.7675854593819311,173.75330342123206,12.962707685147697,77.5999615365893,East,140.1827646345181,1,0.9969,Polluted
30.394816686112424,44.01040737797088,108.14029139499688,40.30853793623807,13.030519978684634,77.66124312743268,Central,198.0974218561254,1,0.9998,Polluted
27.77419178545091,70.51473939487133,14.139181616990184,25.107047926450367,12.82676196764509,77.66103163750323,Central,33.366132074585664,0,0.0058,Safe
34.61981129209913,33.49960238522564,77.0852523221448,154.79401317849954,12.86334741122958,77.5736809678221,East,238.63632013799196,1,1.0,Polluted
28.68536589197224,74.38262025246553,330.25502550938995,1.481602831710931,12.95063949227586,77.52895691073337,West,496.7354807181761,1,1.0,Polluted
28.901810568771264,78.27847224483486,10.68910630446555,52.25393654854207,12.806003517088634,77.59247108866954,South,57.08595658560306,0,0.0182,Safe
25.818326726716865,56.1146606652192,13.86526984582843,47.768300255212274,12.875856493628769,77.64546360041115,West,57.30228527460428,0,0.0137,Safe
27.6583262576736,66.85321543933374,48.92653686274458,14.85542748868783,12.95522038694749,77.40169563145236,West,79.06145540956408,0,0.0968,Safe
29.846810613352357,94.31236150625428,151.43886945136853,33.61013674571256,12.80448835947689,77.69759910270446,South,243.7903874811624,1,1.0,Polluted
17.738989644060247,57.41379943607095,111.36288502442076,63.37870349330236,12.879363885867813,77.45486813169876,West,215.6963877644305,1,0.9999,Polluted
19.91088746736572,49.11638619415099,31.45116697206038,77.92585043815583,12.954209245842762,77.541074695698,East,115.46092742209504,1,0.9241,Polluted
32.45958456413629,87.22495103693899,71.33775336643646,0.0430269463585852,12.971944774394371,77.66160892045286,South,89.66700200634719,1,0.9817,Polluted
29.02519262876765,94.43880785796192,6.564978086733414,165.73780489348886,13.077725507916591,77.46751211971326,North,137.46489451038664,1,0.9982,Polluted
26.896099981883925,65.0554350777177,170.61733656811865,10.78531795935597,12.993603686975185,77.54303856717011,West,285.2452197586134,1,1.0,Polluted
28.11060359839236,80.17194553112535,150.03435836401923,15.961531391520836,12.924420740759,77.43977465405436,Central,235.8909949818143,1,1.0,Polluted
30.085490232170027,85.12213873296321,8.046112742097343,18.348599340167603,13.07910535313992,77.51852289761646,South,28.261546109803565,0,0.0018,Safe
24.76144191814383,53.86273651192424,16.013302915710263,2.313232653101178,13.035464895016338,77.45314063643791,North,44.257828632754666,0,0.0009,Safe
23.330171647586123,57.72041246948198,4.748973747356801,7.878463340679946,12.860002676333824,77.50908832463135,Central,16.620584022797157,0,0.0006,Safe
29.175071530586088,83.46311769732102,14.267987658138551,257.640606735046,12.839252708404649,77.51203926503783,North,230.9371521243695,1,1.0,Polluted
22.129763334309807,90.27521418062764,76.16606738927359,22.71917374301145,13.00274349072282,77.6979512368795,West,123.32297333775573,1,0.9966,Polluted
30.44951653428683,73.44321290261533,21.389522491600346,7.350474415971418,12.967964949673096,77.69844390879113,Central,41.09289713260954,0,0.0034,Safe
17.78449837457296,51.80278469746919,4.164779459698893,6.789534734090695,13.036902084137829,77.43443588359818,West,11.530826129939,0,0.0003,Safe
34.174933823953864,94.80591667549162,18.850191715424216,76.2623307869091,13.021641515023608,77.6177906337985,Central,98.53428714591531,0,0.419,Safe
30.83558489447826,57.03543653282053,179.26641409075555,115.68307329053556,12.987563460157254,77.41552364390074,South,374.2193074153463,1,1.0,Polluted
29.536178405883252,59.97293328242822,44.70288708719055,17.819702188265364,13.095914651488668,77.40905760460116,East,81.61321148187315,0,0.0365,Safe
33.89614590367309,70.13506751734432,24.215846728406085,1.2678727233675335,12.960076919033122,77.43160016827349,East,41.15902779314326,0,0.0029,Safe
37.99284666677546,88.31240631072161,8.1975503166388,15.14584735086556,12.833931726950516,77.68964569710238,North,5.514259843209871,0,0.0013,Safe
34.086220390108785,77.80963964828335,192.6633034107911,3.490532683622168,13.048482069444796,77.68225906436841,Central,269.43086296570425,1,1.0,Polluted
16.954754612010127,71.22298250542866,77.37868372670381,6.548387998552537,12.875556008703713,77.45817834608421,West,132.23865788679404,1,0.9798,Polluted
20.322538199585797,71.9493279517716,14.875109269893226,33.88609492961737,13.033190644443176,77.44850170066611,South,24.4725707061318,0,0.0072,Safe
24.25108853382593,65.65272002965199,3.269005286848211,15.675525473115531,13.087132128800016,77.47216052595479,South,20.717290982314715,0,0.0011,Safe
28.156546301265003,73.37209271777759,2.623139964485297,43.53351343731413,13.009038654189302,77.55466409822255,South,37.02496895069558,0,0.006,Safe
31.105954122814737,27.056598834585454,5.7718430645031225,17.541077639797905,12.97880904828494,77.57091138961063,East,35.00415330477469,0,0.0002,Safe
23.645537121079208,60.55088811395302,39.11994923019992,169.3443643388153,12.938115852702513,77.46647802913184,West,193.8036626732933,1,0.9997,Polluted
29.12060058686247,68.61982902375172,118.87869804179414,141.8318753045974,12.90932295979862,77.626986836427,South,309.80608393454526,1,1.0,Polluted
23.467702405880065,47.73478874570739,30.89948199496423,50.194191406593,12.905901425291551,77.4928659508208,South,84.4655918793887,0,0.0628,Safe
24.33089318204831,70.7948497671734,83.30230297834498,26.25673950162069,12.990911811712875,77.67663939765883,North,157.42233508815306,1,0.9946,Polluted
19.560033418910667,61.932931685208175,26.56736801466905,28.79323942123748,13.025381935081324,77.59701681193702,Central,47.90327926395402,0,0.0112,Safe
22.460600523334573,91.33213547473235,55.48508643054103,31.84662860950457,13.003555120845324,77.5309053582911,Central,85.68455600254313,1,0.9599,Polluted
19.889892366302,88.59529587822284,59.23320976398413,78.02446785944025,12.85952303035807,77.63697360051086,Central,150.9872673308421,1,0.9975,Polluted
22.144760482136004,58.01291646322756,8.600245507896231,36.04928649747964,12.948196154043048,77.645374387814,North,27.7338337572661,0,0.0041,Safe
34.32185077964704,62.73743432649957,20.168505100941463,116.5814366218365,13.037492021654918,77.48714448168269,East,122.91864197284116,1,0.9784,Polluted
22.303606667008346,63.89078651587411,45.63833303254192,173.04585769332994,12.942711223456715,77.50191436315083,North,202.76222986135852,1,0.9998,Polluted
43.79429238902435,58.22510785760566,3.299400655412056,24.56352230909006,12.960986983920648,77.68078654611858,South,30.651351629943758,0,0.0011,Safe
30.959907405285332,67.9253747604219,20.191344587448853,49.3536099459486,13.031340814451246,77.44942231150898,West,59.12616516116753,0,0.0372,Safe
29.10901674216924,53.62576896668615,34.437901997221275,5.992968532310264,12.998379591879528,77.41264512508889,South,60.697767506173136,0,0.005,Safe
22.84985331891272,48.04076997593711,251.0649275619003,13.423801978134478,12.922803476264718,77.53621659678286,South,395.97592629538246,1,1.0,Polluted
32.201859276453945,74.34066835850403,28.95610314072513,32.01145462868203,13.068623813358265,77.6403629700731,West,66.98626840683143,0,0.0285,Safe
24.54617304257336,74.44294376332716,76.19076141909136,13.85562960192267,12.848770120599044,77.63150043189323,Central,130.15295657128996,1,0.9857,Polluted
28.732058887872167,52.93526360510012,25.458854710599365,125.52024281186846,13.098654934577096,77.67585918867385,North,128.81878726577074,1,0.9941,Polluted
43.360507229612764,78.430331461439,71.61985928893768,10.338917646592174,12.835655773542872,77.55996019931072,East,111.87436895596473,1,0.9892,Polluted
27.4236406016521,55.52633406252003,40.720182221678336,36.49096419738543,12.804484991331272,77.43001940146996,South,76.85234040782089,0,0.0666,Safe
34.89563995771405,68.79747857056972,97.95571605471916,55.83847870801943,13.06700567034463,77.57660669230081,South,214.99208235897257,1,0.9997,Polluted
23.78094144924468,77.30516018918684,23.81542046443631,70.63282421866909,12.873486052509788,77.63351868430597,East,104.51732886069487,0,0.199,Safe
27.79006905701823,64.49581152944431,41.71995451261479,28.97992152435617,13.018909888234017,77.42799843608096,North,102.36506176401086,0,0.0735,Safe
38.62480381381306,71.82111368211702,44.74362432498434,121.99886950135264,13.04330461247962,77.45179722032928,South,176.85892149372808,1,0.9985,Polluted
24.2381976532734,57.25355534168642,24.310131995215933,50.4041243646347,13.057695917309635,77.4036871983467,East,70.15690507820783,0,0.0391,Safe
38.874691347981575,62.05300124857854,7.013227784321317,34.73639506971758,13.09747827069925,77.57809577383405,South,22.96374441799754,0,0.0037,Safe
32.24651161273285,61.9121085367949,4.4203403390060085,4.176481542676413,12.888211913012,77.66602031758377,Central,5.730964652508336,0,0.0006,Safe
24.6251993446344,53.80132480189641,0.7565438268093004,37.49449605955951,13.013073002578178,77.60119899480064,Central,35.88348132815891,0,0.0021,Safe
31.794446434333125,62.34838755326327,93.050274199647,103.13368868141698,12.834619957484248,77.6946120262773,South,219.1798346862045,1,0.9999,Polluted
33.83532669776038,41.7707255170438,12.1414183188694,57.19922965735458,12.922042787407054,77.41891009574994,South,41.62357514668529,0,0.0112,Safe
31.73085977330318,57.63269379286843,10.693414451826705,107.08552523368624,13.054391507993778,77.67090032554545,Central,109.17929142787472,1,0.7736,Polluted
18.57865168065726,60.72686759945493,59.93731248075011,40.87450046316988,12.910297413817732,77.64422048621601,South,106.62346999942612,1,0.9545,Polluted
23.63717694505079,61.1573037125693,17.355877956426834,7.565210112006901,12.977328614160683,77.49427245614986,North,27.862585491021907,0,0.0019,Safe
26.51488818669097,61.37753831193832,31.738960636029866,0.8240233895194945,12.951132033117393,77.69205796555117,North,65.7055032277984,0,0.0046,Safe
27.55339942539972,64.07353700209806,7.9806252449551005,21.677094357557145,12.993785459333614,77.48638132445143,West,29.803280733361937,0,0.0027,Safe
31.724032585304062,72.19162277129095,144.5642541758431,71.83780264639122,13.091868316816308,77.66679141714847,North,285.08321373655417,1,1.0,Polluted
29.06620600559952,78.11775611198783,85.84733786813054,93.71316915530667,12.81672065795042,77.66422457312225,South,207.209741560653,1,0.9999,Polluted
19.98793384773939,55.25352159727599,89.70996143181365,21.03755383522485,12.972188455250487,77.6272972849809,South,141.30596133783823,1,0.9967,Polluted
30.28118710603578,46.951987169162834,23.49807370978804,41.06955489858367,13.058908633775085,77.56904114214386,East,75.39592178942095,0,0.0122,Safe
31.66351447170294,49.36933381635345,64.66515582793454,32.79949105293844,12.944414813524528,77.43600082488507,North,122.60507119216196,1,0.9587,Polluted
31.35874268758624,57.69195618207609,6.9903105760044575,31.71115260305624,12.823558155782472,77.55959152034896,Central,20.996083258138142,0,0.003,Safe
28.276025164179885,59.72118023275236,0.3895362454974272,15.787072531270631,12.968161805725032,77.50703887669648,Central,0.0,0,0.0008,Safe
33.00353292729342,53.45005900703814,0.9078789546270432,8.796727329486929,12.899622167247148,77.63766510994661,West,12.231892840813424,0,0.0004,Safe
30.75508047537062,45.55825003625158,39.75047255086077,13.14076754682496,12.846482535601382,77.62743876194905,East,91.55177324250089,0,0.0077,Safe
27.57900573124812,58.15818758788718,27.346245468805765,3.4153287485247503,13.054710353985042,77.67318375221178,Central,32.98909431089948,0,0.0033,Safe
18.03423439890405,67.72139930170957,32.84293543412047,13.248582248095738,12.956479853897337,77.40444904872952,West,50.29355534389549,0,0.0079,Safe
30.57770931479552,73.92544198753347,0.3371008046275712,0.5546092396533817,13.07998292371372,77.64273096504692,North,4.927302167086792,0,0.0004,Safe
29.246126122978666,56.63865420337518,24.72165178796917,59.21219175052177,13.04180495138092,77.6815386159374,East,71.3129546208655,0,0.081,Safe
29.62947302317224,58.80503266784849,56.9740474640588,22.820781194287047,13.0078915381321,77.63679013473245,East,127.25818364670668,1,0.5193,Polluted
20.339508545078143,51.09952536729034,26.308812757362453,217.0375506049393,12.801507651009594,77.43905833796111,South,204.43655022283696,1,1.0,Polluted
21.513660757550426,64.52841244437835,59.29139552231881,12.919232667179646,12.928347036991475,77.42438373145227,North,94.2830560976926,0,0.4757,Safe
34.31891711999742,52.27357048713778,11.938194150307252,25.46315021788753,12.85924588449561,77.40625357194232,East,30.23239655853114,0,0.0022,Safe
27.76266907686007,73.596917198618,75.48328497867857,26.575175366902037,13.07323937331466,77.58862356774843,West,143.8326762413652,1,0.9899,Polluted
32.08900418423575,38.21200262098833,39.95006300709654,0.5092447478014633,12.852375195402908,77.58890179555797,Central,81.95498580237441,0,0.0024,Safe
28.169910256782767,59.60555491321306,10.65099370480019,109.65860295966198,12.885818015497788,77.69607411426547,North,96.67093008292342,1,0.8398,Polluted
28.17853683697447,69.51661008787613,12.155893468722011,1.9510481238321729,12.95505103032035,77.51941295223124,North,28.46045301185145,0,0.0013,Safe
33.62970283585599,67.75751774483757,44.50244949299788,168.9847477789863,12.879009085699424,77.49957188546925,East,188.88240365582672,1,0.9998,Polluted
24.90373163069576,105.39550495970744,79.72207069516267,133.57876349945252,12.862959403183735,77.58732747815532,East,236.0388560367108,1,1.0,Polluted
28.5767246616459,70.24700036851861,24.174771283895407,46.01045423654759,12.979729797530826,77.64768260175228,East,90.65412743705012,0,0.0447,Safe
25.226348267769744,49.93918104736984,13.446495396575529,47.062557924255614,12.826678856826508,77.6810321848569,West,72.34335344625742,0,0.0088,Safe
25.393022635406105,63.5680362936639,90.78720410579156,63.64049211895088,12.817450327616278,77.64093724985372,South,188.42144219726023,1,0.9993,Polluted
26.144967259188164,38.356304998003225,49.79015016182039,29.3683159147415,12.91167358855582,77.52800219418475,East,87.85174354443085,0,0.2312,Safe
29.33280262980228,63.79100376054858,26.74629508341658,62.5150271041694,13.016199336352358,77.59047427059362,South,90.13917664597844,0,0.1416,Safe
25.12750827001913,52.50415914498862,30.115608382985084,2.748086578338167,12.966442027482184,77.65688979801484,South,44.26298876539519,0,0.0026,Safe
35.534536753441124,78.73085413340243,10.281525342930012,3.3337834339988834,12.926862940540031,77.54718290649353,North,13.622400369324744,0,0.0009,Safe
22.632356186682976,56.756895881066974,44.35415358152544,36.66422367793589,12.969725469267376,77.46500599311162,Central,97.9281078368562,0,0.1075,Safe
26.878770135031846,63.2485112630713,19.99458913950366,47.86012304300884,12.909635445395985,77.45091703192436,Central,67.61451773579171,0,0.0322,Safe
25.36161365035495,55.46663237893395,244.64120569485493,131.25777122991778,13.080843900629633,77.40004732337343,West,479.046464108546,1,1.0,Polluted
36.6818673061224,91.08277027779997,29.44257496472798,6.63314715520019,12.816471467273232,77.61547139849439,West,56.613827318831454,0,0.0114,Safe
29.179328659069448,60.18135850823133,29.938926700690192,103.77710461038043,13.00201744370895,77.4333291626538,Central,127.3020880984624,1,0.9711,Polluted
34.19106723681181,92.48835565218803,37.5466184783455,14.1469353563553,13.067384799448323,77.47315172990879,Central,71.96004884860878,0,0.078,Safe
19.086637761778167,77.212276431774,111.86906680152434,30.06080017711846,13.041165412620575,77.48936289945684,North,205.06609283803468,1,0.9999,Polluted
29.602301595215557,72.23100091003079,72.60915603193467,22.840710127306107,12.855212310446436,77.56811395804104,North,121.8702966065787,1,0.9839,Polluted
33.33778477374062,70.5309972097628,26.995220408269653,30.6650667219846,12.888777904694088,77.51938718318874,Central,65.18381040947142,0,0.0215,Safe
28.493703935652544,70.90695947324377,57.07489293356051,9.786122302898685,13.01511438161213,77.60240219760695,East,83.15768504433355,0,0.4593,Safe
34.392882250392105,36.08491130981585,39.71062370884592,42.01877653332608,12.82528116775423,77.41669159779862,East,97.97959810694876,0,0.097,Safe
24.896269299397765,60.81674908773865,30.509848321769905,97.06108641985558,13.043558509949776,77.43718175827934,North,125.39871963151649,1,0.965,Polluted
36.45608464111348,77.67736956776483,9.611284713649896,34.953693495640856,13.015672083381435,77.54976345105999,South,46.98857782729698,0,0.0053,Safe
41.7933887417155,64.26654224788842,28.05759960821942,40.47290205323937,13.018881994770602,77.50108943635405,Central,64.57612902968886,0,0.0352,Safe
25.822968637362045,43.922152297946376,12.695505261663929,113.33624730920266,12.83007241108028,77.4887440088254,West,117.36791253883538,1,0.9728,Polluted
28.276025164179885,64.21393324133795,110.84619078576902,73.46239200116126,13.015328163444869,77.42010842371126,East,226.0594284895364,1,0.9999,Polluted
36.72030686270621,90.56158274383236,18.38610788129981,40.45415685211408,13.00394543756599,77.6687157524244,South,70.2374655928889,0,0.023,Safe
37.47743287438428,83.70337573302079,136.89313889469676,17.879756536319665,13.049276747246555,77.60754557583752,East,215.2661742548474,1,1.0,Polluted
24.86283983708039,64.06993985950952,34.26949901382649,129.7311821670147,12.81247878687694,77.4364854470459,South,162.013299815352,1,0.9951,Polluted
25.47887909742486,79.2717391558713,44.92957523423654,51.6258799227573,12.80693320054034,77.41951378732115,Central,113.14538119513372,1,0.8965,Polluted
26.309292346836955,59.50239469447922,35.23237101785435,14.996024263771952,12.911902129963568,77.69246176002937,Central,80.09188459070747,0,0.0128,Safe
19.933296933794335,39.441926197599216,6.234767375293709,18.810339177036305,12.844636485154746,77.60435176513185,Central,23.23732342719102,0,0.0004,Safe
22.48808832109481,51.133010178056686,21.20932996416873,97.51364141439696,12.967515343271067,77.52523682132812,North,104.27614473862371,1,0.9478,Polluted
21.97515539948759,88.44333152762297,4.698549059133168,2.708978347287984,13.075204670452024,77.61051931222674,South,4.277141666746891,0,0.0005,Safe
23.393214609375228,60.89010377256044,43.8924690110408,290.39424147226043,12.917443919100204,77.62689953594405,West,287.0708964543107,1,1.0,Polluted
27.791890675679312,61.34924030937473,26.647641369726543,8.37998271681186,13.05348511318178,77.63398866071664,West,41.64472991618344,0,0.0051,Safe
29.405288395219124,60.5024270558768,67.72545916986115,95.3982750225863,12.80007226235536,77.54336319169592,Central,154.50088453444206,1,0.9981,Polluted
37.30300295688446,93.56204884359512,11.20791249241319,30.129330759471895,12.850554393037756,77.52896482743746,West,54.60299614213173,0,0.0047,Safe
22.00987575556725,89.38938373043095,8.091179937892505,40.66196877789026,12.809127061896229,77.40330842528067,East,64.00682342351938,0,0.0057,Safe
33.9059343908595,98.281703501722,23.46459423656705,127.54198587731332,12.898444154154522,77.67796713454256,South,135.7546270548106,1,0.9977,Polluted
26.716066934646943,62.61432184399923,117.5234501012848,31.954750510759283,13.07245687870895,77.58099236351669,South,206.2299895134896,1,0.9999,Polluted
27.703217742085403,69.43436733120643,55.76984772252347,46.2657129929683,12.829085637079697,77.460946181157,South,122.3074330666936,1,0.9398,Polluted
32.04891695299962,42.25036175868813,24.429288421090664,3.0333821112058423,12.98192293302314,77.67588102582643,East,25.940045106646263,0,0.0009,Safe
21.263667870626207,87.15401639177412,32.77360271747776,0.1410140102316692,12.935448781735834,77.67447957053109,North,59.535810598903055,0,0.0071,Safe
30.294458477104303,47.48330673098097,3.958716883677348,16.846349759146364,13.081540463709745,77.69675524930983,East,31.169660021204862,0,0.0006,Safe
28.99871324927833,68.25163345643944,187.73207202522832,68.47548664333777,12.83675574276113,77.66221696894169,South,325.9686608429648,1,1.0,Polluted
30.954707584048894,48.54046208550734,49.40255273871517,7.756307060819324,12.863608355150667,77.69933531634602,South,83.60776896050785,0,0.0192,Safe
29.735011863446907,56.16699759891956,15.121711203873977,7.246181696485443,12.808862590583448,77.47340585643698,South,25.85189938441288,0,0.0014,Safe
42.731800839465365,52.441063534254496,39.66419683430386,31.75573309026765,12.930180574889413,77.65267487555977,West,96.80010178611492,0,0.0431,Safe
24.173560094492103,55.881871089862734,5.217856837548092,62.61967512101433,12.883349869869395,77.64690849263873,North,57.093769796280185,0,0.0153,Safe
24.81401826998909,56.91315945276532,151.94710788632432,74.70268819066571,13.060971780167096,77.46928210776622,East,287.12488255688044,1,1.0,Polluted
24.261156841451413,56.775968076123846,8.645008763506873,11.793797976290346,12.981482243959327,77.4295312647003,South,40.61133972082442,0,0.0011,Safe
24.66713728503847,77.50000867670461,46.98946070694856,4.976042592694886,12.984227221392713,77.69382615410328,Central,61.61086872653377,0,0.0568,Safe
24.17567723616089,48.4270581040622,12.673784164844694,169.20299640808565,12.959573209064391,77.48880736545618,North,156.85357768160088,1,0.9995,Polluted
35.13409918664531,68.308121405208,56.89323160725591,18.12036092812381,12.82755510116876,77.66126753714035,Central,100.7226444691698,1,0.7103,Polluted
36.52302548793913,83.26938728458337,67.49022529893541,115.18095607136434,12.933505605117606,77.40123814640239,North,187.3439616616836,1,0.9998,Polluted
24.575522237503144,57.30205453229906,50.35857782513087,119.48208194079125,13.099851556912554,77.40630744216588,South,191.52174565252432,1,0.9981,Polluted
23.005866561374628,54.23121663878597,42.894570863857545,88.84226099837342,13.050568787253804,77.53976139260891,North,138.7811519923406,1,0.9868,Polluted
30.828493338318424,61.54213062229624,100.34896385759684,11.095516290131195,13.068037716250137,77.47161440518052,North,166.11758976462744,1,0.9984,Polluted
24.68666173431417,82.69587812541064,3.685050741171725,103.491417170118,13.046967907773949,77.6069523850308,South,96.46674968095834,0,0.2058,Safe
31.797590906533063,67.91161446430037,18.08297197013336,87.9853697510572,12.830912508029297,77.56966929767039,Central,94.3042104418256,0,0.4457,Safe
29.2175381251078,57.03178558088602,12.843059168954191,54.48789502212978,12.86823447621944,77.42324573923516,Central,75.27254726723879,0,0.0202,Safe
18.90553531001661,72.2581497678206,199.08057654197515,24.67710383982817,12.800936495406924,77.44878848889472,West,328.7678923375608,1,1.0,Polluted
37.28503120798037,48.46561775245365,22.19834072883402,18.270051458298813,12.891053037463434,77.51641478101753,Central,46.692548358588574,0,0.0024,Safe
38.77526603857313,75.22039265664422,59.35756981463042,7.798950669989752,12.832582220703948,77.45568121918663,Central,104.65818335452018,1,0.771,Polluted
24.323267857093683,71.12910961552652,51.94397362246626,42.77125373410298,12.941838003590474,77.63766670417318,North,124.5323224773294,1,0.8937,Polluted
25.67379064038409,60.38287293291674,10.726212945786076,52.80633432596977,13.00313824657217,77.524821070666,West,66.2853375767454,0,0.0177,Safe
29.71519234434943,52.421213023291536,12.290349275228344,26.715288498510404,13.062351588511422,77.42802956005275,South,31.455558805019244,0,0.0028,Safe
28.276025164179885,51.69978616574814,29.88161844271086,38.70247132937128,13.02476514952727,77.54530287068164,South,52.332989711919055,0,0.0239,Safe
31.951265636036982,73.02226004518866,23.82953448613518,27.10761450591108,13.081575678733552,77.42725145431842,East,62.18409767246747,0,0.0133,Safe
40.0612272325981,83.43470753733592,12.014890515044067,61.4669858037491,12.816169487118136,77.43868119162595,West,69.71712943209272,0,0.0353,Safe
26.938316635035704,55.44038379456808,0.8931213309901873,138.91542738347124,12.803653950624962,77.47188294960847,North,105.02029585521068,1,0.9793,Polluted
23.21021653276928,71.87580055327226,95.18482909199794,10.741877407153716,12.998401434150864,77.65785831157424,East,148.5051112404053,1,0.9979,Polluted
19.72408463191284,33.694594720968965,151.64930481327738,28.81863963074281,12.886805723066674,77.6773837596999,East,254.04753512424853,1,1.0,Polluted
23.61441976034849,56.23073404014201,18.805394405752605,9.110004283616828,12.876050304831733,77.64787731879963,South,20.403949180555617,0,0.0019,Safe
27.80123816275722,64.53411600693647,18.5965062847816,58.840759120399575,12.899266126308138,77.50022316522536,Central,75.16066866956976,0,0.0586,Safe
38.76734718110673,51.354748745272495,0.3202685642693041,78.30952484754049,12.88093881736771,77.48173393233266,North,70.09446997077488,0,0.0128,Safe
24.894332205782973,50.95240437815606,51.309809605787805,161.21790314599278,12.953430921890476,77.56474670723708,West,208.76841728008463,1,0.9999,Polluted
29.34272770983339,54.983306652966704,78.5468771853229,19.616311439532527,12.93204453416724,77.61655594815994,East,124.93857783533224,1,0.9845,Polluted
27.90146262356349,69.38289092489559,7.13414855250247,179.99792025899126,12.953728565412996,77.69801183644806,North,147.88443665633216,1,0.9986,Polluted
35.1303596406885,62.19006472390438,7.828031829362203,3.921142129830068,13.001814083450132,77.43947121356368,South,29.748913774568493,0,0.0007,Safe
43.16159455524173,31.42653150012542,70.24699148843753,55.431235153109945,12.916139152691343,77.41478759970715,East,140.33900732107773,1,0.9983,Polluted
24.814787362478075,33.18949771047401,43.104157665971634,3.5297848721471,12.875392306142649,77.60830676669859,East,79.33674279392912,0,0.0037,Safe
25.063363344890668,55.89702233214237,2.0654071292245804,134.53128879707302,12.849860161042624,77.64966773505118,South,104.50998887966804,1,0.9739,Polluted
34.264965262414435,71.86529879080328,43.84391382390923,45.27698431361022,12.904842235859787,77.65390463395993,South,113.28919924714435,1,0.647,Polluted
32.09134893775787,23.78742735912148,16.627337667542594,66.40139262059932,13.022541942573852,77.60353906472315,South,83.47316031069353,0,0.0717,Safe
39.08024395441621,57.50404735772554,20.700627367370096,106.87550129391164,13.027011473033442,77.68620474123576,North,113.0709124223388,1,0.9696,Polluted
31.503569111955784,57.10628215223869,66.08290071641831,9.773066070181544,13.000071616005265,77.55330142906338,North,89.27750158735066,1,0.7877,Polluted
25.84424745527764,85.82506667312671,74.95494420535871,2.3613568027551657,12.870208452592063,77.67414443950086,North,118.3071787601401,1,0.9879,Polluted
31.54392898415385,59.22467282430705,23.013908034526988,126.65897701854736,12.97642587375641,77.69034364109746,Central,137.66367503298127,1,0.9903,Polluted
34.65222148349745,70.74483477111393,132.3158904802106,22.694338038507404,12.971206898473056,77.65414723710093,East,220.7684339401077,1,1.0,Polluted
32.922893087184185,67.11885710131195,23.474486233727912,8.285345189721328,12.945279859432915,77.49292756897759,North,47.234020404091055,0,0.0042,Safe
31.043644186643785,33.04150280289199,66.49608441420237,37.91874916181389,12.96499369591516,77.4588646953511,Central,116.93785533001171,1,0.9889,Polluted
34.400048137534924,76.52310824947605,29.76348070858674,54.72389176141532,12.9475371897871,77.56443601949455,East,92.35705254112771,0,0.1825,Safe
35.01577354267404,68.23094758184432,102.51935598824488,1.8876198315753427,12.969636909822231,77.53590442511405,North,162.7145365936314,1,0.9991,Polluted
36.29295394622516,72.62402959511884,107.2518698644435,19.28638289025028,13.014651786386338,77.66332750265782,South,183.61433798720412,1,0.9997,Polluted
31.892259325537857,123.8935655965449,4.1164212701171845,2.0009909816937554,12.832888458321031,77.43000950132016,West,0.0,0,0.0011,Safe
26.997291518098876,33.73830590752117,124.04746619374365,32.71833599582914,13.024887725644708,77.47732201839347,North,223.7888555577113,1,1.0,Polluted
28.880282118599936,90.87044974641664,78.5713599966952,135.28488243991134,12.84076584503828,77.62553968335561,West,230.3719408371064,1,1.0,Polluted
35.23905379905014,60.688287208994666,70.51089620529689,243.25810639399356,12.819988399523114,77.4284959934932,North,305.9283091506829,1,1.0,Polluted
23.098385974076585,69.30993356604515,10.092751887316629,60.80900728116727,13.09282390586644,77.49622932420651,South,54.82933305475824,0,0.0268,Safe
30.212039853237407,64.31731632048137,73.5915255435854,10.57829553694147,13.087097530661133,77.5161466182162,West,126.42084658853624,1,0.9652,Polluted
25.639967126035835,58.63645499902935,85.41023735427294,141.7715726921853,12.81813096348217,77.58677813896881,Central,224.29347370685727,1,1.0,Polluted
28.172468937608905,56.452506076418615,15.358244057975334,43.57095208820601,12.93297603244249,77.44743979371582,South,49.41215904348252,0,0.0125,Safe
35.67071117564379,69.94263103359513,136.8894284780554,10.016378512744588,12.855873481489931,77.65818134710491,West,226.0130883526059,1,1.0,Polluted
29.14659440811942,42.24239454992481,2.3015740907630464,152.85290040171353,12.945603469140323,77.53426267063989,West,132.82062583728558,1,0.9975,Polluted
28.27861928893689,76.25868751282648,7.308547843976759,84.99755705183868,13.049053172899876,77.67510651356417,South,81.87594829239706,0,0.061,Safe
19.840863154120484,58.7570839267212,34.70778769701741,78.9401504450938,13.085183532422867,77.54036097409018,South,124.6509406738604,1,0.9362,Polluted
32.477521396163326,48.04895991439463,38.58896198672751,74.10319079604764,12.990275796035462,77.48251207768223,South,127.29792235640086,1,0.9527,Polluted
31.87290508684645,58.24980713006279,46.62271569423576,13.414105075668088,12.906171700163544,77.4425486486063,East,88.24450938336395,0,0.0302,Safe
40.97952833983276,83.8572382529386,0.770163964469747,14.219846365430769,12.98099766969338,77.4011235284134,Central,10.356843581287215,0,0.0006,Safe
28.276025164179885,56.96997369475665,29.88161844271086,69.94149779545477,12.893600391832535,77.55964724549546,North,265.0686382590496,1,0.527,Polluted
29.314901965983637,70.3768042731443,2.0525721742298053,14.886358432737904,13.07294709224962,77.43214700907808,West,8.353815764922654,0,0.0012,Safe
29.496302102264533,54.0356558642679,6.947534395039288,34.64696003632123,13.06112013893175,77.51751832908936,North,52.24474683189744,0,0.0031,Safe
37.46471967858085,76.3688277488543,0.6351141665319453,91.39611543073484,12.967469525083898,77.57678152837113,South,61.31457742378623,0,0.0428,Safe
27.42822680567829,75.28261608185306,37.65107972342744,91.93542431007224,12.897439674614107,77.48270576907082,Central,134.9331930746585,1,0.9758,Polluted
29.67412915462204,92.72913249944617,121.14810267505796,36.22710908898373,12.888016902674892,77.45256728770984,Central,215.62743253353383,1,1.0,Polluted
31.64737905829924,62.36654081751177,49.34052509074174,94.26784687527646,12.810025398411518,77.6324164867828,East,164.10563646796336,1,0.989,Polluted
29.11965473893815,75.0298220713686,77.8352494582126,109.44027461179542,13.044746255307588,77.6840373516845,South,209.20068528862643,1,0.9998,Polluted
25.32139831269683,66.47101309308417,0.6016584327887109,63.81366460976135,12.935114963911705,77.4301321253586,West,47.72118200932391,0,0.0147,Safe
29.164539957389845,84.43807672794522,35.14137741989998,15.559350199080292,12.89753987852008,77.4466770973155,East,61.08479041533519,0,0.0311,Safe
34.44179049915863,54.21751418586904,27.69197246169845,19.21328944292189,12.941333106499329,77.68800379717582,South,56.85078407219579,0,0.006,Safe
21.84090820353364,76.17507969315922,31.09883383588065,22.686274661278038,13.045621397136395,77.41133526654367,East,76.12396301614383,0,0.0172,Safe
28.797818044881257,62.079540558249775,3.372898417362441,7.452495266220362,12.837384262312256,77.69328970096514,North,19.08654242651295,0,0.0007,Safe
23.79927511036496,64.03717734337253,51.90262831051429,19.142903153959328,13.057296796472547,77.40139334492551,South,82.3111519800363,0,0.1634,Safe
35.170279773549055,66.3762872667256,31.482397886301605,14.106836508555912,13.069252650532508,77.6621005966954,West,61.29569428934567,0,0.0108,Safe
18.860878571297352,68.78360594640016,65.1961516134501,36.45437261889736,13.084012374510166,77.49219755429633,West,135.21035985504994,1,0.972,Polluted
24.64646891637047,63.256564353170624,29.886879402041817,143.4440401564746,12.919246397726788,77.68157665745319,South,157.21379737235074,1,0.9974,Polluted
30.263271250387124,68.22069774755789,7.280626823801594,6.621064652920794,12.865142121211305,77.49508358659068,East,0.0,0,0.0011,Safe
37.39314417540604,88.67177086343277,47.01844589072056,76.43538030882716,12.91209224554001,77.59629189646022,Central,129.71124191370362,1,0.9945,Polluted
27.605498433562072,79.78174528422828,8.51439844792112,69.74739989412103,12.899873628869422,77.42400977092979,South,53.71802058454775,0,0.033,Safe
24.668802839840808,78.03731888745345,92.64655359188596,6.039243084944166,12.85284617375086,77.47269894343613,West,127.36667541581798,1,0.9978,Polluted
39.28694241664354,58.16690710964194,42.73339456895873,153.50472216970843,12.982180001030446,77.63210380394378,North,197.55552857950428,1,0.9996,Polluted
19.311916597502535,51.66138757657514,7.696359224328007,50.42540094675487,12.942987248152589,77.55860575610365,West,77.09516585418226,0,0.0059,Safe
14.807164260279508,79.3295083735663,147.5597329496407,27.127514292025133,13.0597102976972,77.67839071853612,Central,256.6844653955524,1,1.0,Polluted
30.640086700319998,78.14070188794692,32.875635384680834,84.76780816764675,12.80963287414462,77.52862542250242,West,91.02176958291184,1,0.9529,Polluted
24.987674653884334,87.09006013626473,3.4061478529214697,17.853073434857127,12.993160378266538,77.66094370974417,Central,17.661553621782843,0,0.0011,Safe
21.87260309721572,55.94029061046156,44.35780419948418,70.95417713332112,13.028884663553468,77.53468663124347,South,117.40316393699035,1,0.9653,Polluted
32.25013868379612,61.55677016959479,13.138038168968766,2.4312728588148733,13.027845970756491,77.6937744836106,West,6.942852236673605,0,0.0011,Safe
29.462804282627197,40.40773756211848,73.26350192360509,109.73331156612969,13.065822190128657,77.68795031441967,East,202.3304895692032,1,0.9998,Polluted
24.61552821557963,59.11293340908691,76.62471532623849,35.67100716510894,13.018710122848848,77.49874101166682,East,141.62594127151908,1,0.9888,Polluted
20.31817360797464,79.94855765869171,173.73281013617455,60.75041018332336,13.078343018494309,77.66577710112504,West,297.55864745513446,1,1.0,Polluted
33.23474396968087,58.00256931157704,31.36019626688513,15.002974098306666,12.899796979946268,77.6542834122647,West,38.47922124107773,0,0.0079,Safe
31.901207067751965,74.60719692801236,27.310066545738447,67.81987166212708,12.950962825025464,77.46320411919828,North,89.1318358532598,0,0.3062,Safe
27.404944817323702,62.14245341003283,63.01324470105072,88.76784284078441,12.804223898984867,77.58728712023499,West,165.6132117719431,1,0.9954,Polluted
39.079821976286,69.86085542332341,6.394767398583561,38.45756048863134,12.802087276190989,77.42180469467695,North,39.17403161920566,0,0.0048,Safe
21.57949140204308,47.78462915276499,35.62545002043739,57.69720403729202,12.872037986135457,77.65101321617504,North,110.22376161257183,0,0.4707,Safe
18.846848974451568,66.27814174450852,35.559162200215866,36.56432018079756,12.830242159141726,77.45236376505106,North,85.97003977629399,0,0.0426,Safe
23.84855158071253,20.13296043648915,4.217933749332174,134.71071184284054,12.878063410380726,77.42124441041574,North,110.64918300314298,1,0.9973,Polluted
27.726483901867013,62.19655762757023,24.35658692106212,41.3336757992867,12.85311298835852,77.52006572866165,South,61.429545130400776,0,0.0314,Safe
29.46003669593615,40.5429013442729,86.36678894787853,110.63701655489996,12.808556007451594,77.5730766415799,East,200.35053108635017,1,0.9999,Polluted
26.55258365286202,83.08991774820224,87.25542157216641,96.97326948390946,13.072791243921817,77.65647508756794,North,197.5489893437785,1,0.9999,Polluted
30.11233237908578,76.66111029146766,4.703122584664267,31.70932426476847,12.802466939416668,77.69227275765653,East,46.005351399674254,0,0.0033,Safe
20.490763454857337,72.00006472949121,4.279642751451608,15.68846999041094,13.020824643301124,77.53184775377096,North,27.61696982875585,0,0.0011,Safe
36.66258762443955,87.8150934073907,13.713942575835532,31.260854368941388,12.845644366075856,77.41813407689558,East,48.467279696354325,0,0.006,Safe
27.507092929644585,50.76625218762744,93.49073060333312,104.9970028104278,13.07366888659988,77.62473467370776,West,219.2930052428658,1,0.9999,Polluted
34.70377498952877,91.21044796873338,6.210065959128434,15.49769114000108,13.067838781876963,77.56955197686719,West,34.123449736521145,0,0.0011,Safe
30.056352078266222,78.98287346390578,57.28294155106773,44.59527228894844,12.996170343910777,77.53436740345334,East,111.48946636142284,1,0.975,Polluted
30.740519314922704,61.45167069171581,4.799541958683117,98.42375670840124,13.00167024494018,77.49278066363766,North,75.94152257271197,0,0.1491,Safe
31.418603681393225,82.03430220774416,43.914411819563895,26.168834407305567,12.801601742590908,77.55071955835307,South,85.8719103719482,0,0.2851,Safe
30.68625136010389,48.40559731382549,19.807247703432285,61.66848253914893,13.09546146983408,77.50160388133712,East,57.21426781138198,0,0.0465,Safe
31.856336559205264,52.632287577084895,69.9970261572608,16.91246410390674,13.063349781072745,77.62710356032422,Central,108.1307429027958,1,0.9429,Polluted
35.97491518079459,55.8711541514045,11.977608468083824,6.943471912141805,13.068531867719027,77.56316810894779,South,21.158903295816167,0,0.0009,Safe
29.17912701820882,57.06533437903977,45.87464525300138,94.90476132854224,12.99777336111526,77.66305433224623,Central,140.12343698952682,1,0.9871,Polluted
32.25402254553107,49.15163535859621,12.09474204591313,6.25291186766832,12.90343607859636,77.56306317439484,East,13.26189255123664,0,0.0006,Safe
27.46158583427664,83.34624600642988,56.27593582999515,18.9962915741876,13.068094594727144,77.47147872400198,North,119.96490633637492,1,0.8601,Polluted
36.64070329269684,61.117183994452525,93.10146074761629,115.90658735439504,12.887455078445358,77.65532756466965,Central,246.01006340747423,1,1.0,Polluted
23.94164618764438,70.2875745253532,6.101672161132907,25.5219449662754,12.96881346300266,77.56716571347901,East,46.71608005006161,0,0.0026,Safe
38.805642597464896,56.44472950379479,90.64668719919766,216.8159662045481,12.829919291703163,77.46205231144307,South,308.43236083117137,1,1.0,Polluted
27.75905229613394,37.69095049177224,40.51604226793372,233.92963158497196,13.076586689039823,77.58705234298687,North,243.0319087864672,1,1.0,Polluted
19.415349387291712,69.05086037587134,6.117583307379448,18.741114795277543,12.842231137331364,77.50731502948274,Central,40.18590137398306,0,0.0014,Safe
28.768626489464737,36.31617536870335,25.101704521125782,2.510489732709841,12.867469041719122,77.65332168368762,East,40.51301218741292,0,0.0007,Safe
23.91369005515072,63.97048930871797,7.89201318891158,73.25966810314249,12.967440247438464,77.53598992159397,North,59.84085737320183,0,0.0349,Safe
33.043861293932345,44.47527441750785,54.2309898047298,35.97793514608966,13.029227900063894,77.61793240743224,North,100.21852428269938,1,0.7669,Polluted
24.084256124185654,94.80913998846212,64.00851007668697,6.371841540118899,12.98580539178089,77.42866086229088,West,97.86596126159704,1,0.9645,Polluted
25.32289940071132,78.67044083262083,5.031986568664124,73.76211773721549,12.869640173840049,77.51880730389071,North,66.33746895902249,0,0.0282,Safe
16.662755614326812,66.5863068690722,31.74763070232288,1.9002712886268125,12.800282912758249,77.69497243094172,East,49.95627336640956,0,0.0032,Safe
25.28616208450554,83.95560016482003,75.8418651339414,122.50409868354517,13.027145174092231,77.64253808684315,South,209.93022977804983,1,0.9999,Polluted
13.45672404022626,52.305260338013966,123.81403366432085,8.955437358858575,13.095562197773328,77.44798224071009,West,216.2814419101323,1,0.9999,Polluted
18.49658305908566,73.15219068005139,32.424979639078046,8.170622183689401,13.042973936091826,77.48332921484318,East,41.64275722552736,0,0.0063,Safe
32.562487936865786,67.99715650578071,135.05995787600108,11.591227889576766,12.938061985446986,77.49894474265692,East,218.59003172974948,1,1.0,Polluted
32.71480095190499,68.96030122000505,34.5240283062817,193.53342341861548,13.071130178419732,77.59510966814864,East,201.8382539220208,1,0.9999,Polluted
30.55274537070979,84.08530250160152,22.55353604347333,70.88756074086525,12.922954301935505,77.6270984278469,Central,90.15249776815467,0,0.2657,Safe
22.198143141224723,75.98738154169703,84.83454107711367,96.97915270066127,12.95748022527304,77.62485798264238,Central,214.24008805862985,1,0.9998,Polluted
27.71373186314812,69.33085494237535,30.56445784403228,30.413500885716463,12.943138930218703,77.55296221689193,South,52.34999963545226,0,0.0315,Safe
27.97838476545659,40.17668845657556,28.731346795675364,24.596652936444265,12.934287161799658,77.64324616135144,East,53.31564010821514,0,0.0049,Safe
21.04981186484474,50.59930557080804,30.32808594250636,16.032310295525328,13.032557230788171,77.53112342482724,Central,56.98138329635164,0,0.0046,Safe
37.02038981060291,63.15936599606414,84.41609073502018,39.3104071717831,12.958030672180849,77.43716416958867,Central,172.83497958845172,1,0.9972,Polluted
33.26417374345403,66.40058561414976,80.25495272831292,48.15478970420686,12.895015136607563,77.56933255249615,Central,173.61605794698082,1,0.9965,Polluted
26.674214957022016,48.046944129891145,23.251929941293348,59.9436414005749,12.877447450297543,77.68569041538034,South,95.60582241238438,0,0.0696,Safe
28.161315033967185,101.17515013367633,18.243670462849867,17.833124455596273,12.811324195090233,77.63789809541775,South,19.698127174623803,0,0.0074,Safe
29.25029684768532,87.74591082880359,30.47094704149549,178.15018908439026,12.974958548564912,77.57361019430768,East,177.72888013698343,1,0.9999,Polluted
15.749590789454256,74.03177480588725,38.26973895930891,11.162319269903769,12.86898842462031,77.59404169810473,West,56.248112551362496,0,0.0125,Safe
26.516935704876417,66.08055291925618,12.251310969372224,202.2747413186237,12.844440176604916,77.67916860811067,East,179.64440705674056,1,0.9998,Polluted
23.908094512013207,61.81686545148273,71.08474943689201,0.8980547974029021,12.996148989148304,77.5285028383305,Central,88.81530266850514,1,0.8504,Polluted
21.990279940630508,50.72122309966647,29.99122595212805,39.36561635468284,13.004362777346463,77.49941824168279,Central,87.4582973792716,0,0.0214,Safe
26.313398242684272,66.16220777778294,18.294030081066637,24.33101199734744,13.0256464676773,77.69317246950014,North,26.96197897006616,0,0.0073,Safe
38.78611916109713,68.86628810214125,5.083571807406787,35.7746685984881,12.951073068901575,77.65903294005311,East,46.57035202044009,0,0.0037,Safe
31.845057167602057,46.37359136777563,12.281331295267272,50.73100790252307,13.068216381561166,77.49691307538559,Central,67.71519127813953,0,0.0081,Safe
24.57292606130322,70.01264625867346,134.16561322040278,34.31837096581219,13.080902826019468,77.53913417920828,Central,217.75926658953165,1,1.0,Polluted
31.43549668813695,62.67111426762877,16.379409508997586,32.15290029937173,13.042211281937746,77.52452343870235,West,62.9109802871307,0,0.0088,Safe
36.39613261951601,36.382886631839135,8.323027721372654,79.16827556549029,12.990678044602456,77.44472870360144,North,72.48705548830199,0,0.0408,Safe
33.54780209747661,52.09422483830747,27.78447720094896,69.47810053773763,12.891116286077358,77.68734579714398,East,91.33220632191065,0,0.3735,Safe
28.357782219521045,58.79591699867534,16.508335572175035,107.4832338439493,13.094883476486066,77.52129372936594,South,106.53461533577833,1,0.9305,Polluted
24.118379333766555,93.31531486010286,1.6106497852156507,17.25764293599863,12.88224085015758,77.66259872479138,East,12.86526370669084,0,0.0008,Safe
32.18933988168154,73.34829686800637,17.563433860341238,56.42401924204223,12.86079707659713,77.4568068683042,East,69.04762653323154,0,0.0444,Safe
30.3609123125305,44.96777646350163,35.34753187070661,52.79677387973187,12.932646234135976,77.56436124319117,West,93.04898369011993,0,0.1771,Safe
33.37115932016639,72.29054434126455,36.10441016266514,27.697162377279504,12.817052171213716,77.40718841553729,East,67.41118601929321,0,0.0485,Safe
31.811030810091815,41.79044016592452,19.8416168882373,39.938638141245605,13.093548339401536,77.6292661451527,West,55.13137526813585,0,0.0063,Safe
34.29731629191601,81.2403658083061,26.682520816918625,22.59360757899306,12.976530066924928,77.57427416947388,West,52.38264252214224,0,0.0144,Safe
24.78858873063659,57.93313022273182,151.52919565443062,9.178190470692154,12.967085627499252,77.58767687504093,Central,251.36364902113328,1,1.0,Polluted
35.90436439380596,63.59545716891244,21.319572158590997,14.432736353226476,12.996738883969917,77.4155162647664,South,37.81402218138342,0,0.0043,Safe
29.1855976281544,84.88694971313285,13.44202923563238,6.690337922893656,12.94910709433316,77.46331149906258,West,19.161669365838677,0,0.0014,Safe
28.276025164179885,45.692546471236255,12.555413235462456,68.94438055734997,12.809619055128364,77.42229926170607,North,89.15191235262962,0,0.0328,Safe
23.86487309146259,44.04322722330513,27.542478506264164,64.85708067819995,12.98369338665212,77.48667429474115,North,89.97929373341839,0,0.314,Safe
38.415782818991495,56.246010104809926,64.13035371276435,180.47603054738784,13.014852163086928,77.58823170230465,South,231.67403773546613,1,1.0,Polluted
29.187464700775887,80.57568276528974,10.379562141195404,78.48857809007428,12.925024718187217,77.56985579529521,West,67.29063302804403,0,0.058,Safe
24.09149197831331,42.20980886784736,55.59525670395929,3.2069478608668245,13.027188671621358,77.58364494648401,South,71.75683899282464,0,0.0384,Safe
25.09668499567407,22.517666028341463,0.961950838145893,129.3768535779983,12.868100389801526,77.56477538141337,Central,110.35625886413192,1,0.9893,Polluted
26.07791615083408,58.23261712386502,24.43001276130073,119.12436517944964,12.866382977319857,77.48190863870276,North,113.9010035746212,1,0.9879,Polluted
30.5449956784115,73.27611199866381,67.2978159450923,35.14591719931377,12.848425096306272,77.47335224920333,East,142.52683474060308,1,0.9823,Polluted
31.137012928213,83.00392624608244,18.61188841689129,52.89351384188536,12.911598427936749,77.44111790506098,North,69.3193303082139,0,0.0385,Safe
24.557799976368525,58.05257956871902,37.3279607556865,223.97823837853105,13.054103610616725,77.65472126247106,West,230.8037880085601,1,1.0,Polluted
27.853872446434103,58.82860089325996,10.322416909684168,45.596252684206334,13.04837361864472,77.58494380756238,South,49.67707212504178,0,0.0105,Safe
40.85362215167118,82.30851101383621,60.96500236656139,141.43630833809252,12.914847262389053,77.45595330375123,North,209.22711676977733,1,0.9999,Polluted
38.36525902060427,36.95387450456869,2.416285476261481,5.20140440981793,12.976735620794072,77.45316281394638,East,3.087161404740426,0,1e-04,Safe
30.617942018044197,59.17218837225486,86.1397318262193,12.72122871454292,13.016244894942474,77.66191068045785,East,137.468863592046,1,0.9922,Polluted
28.228020869009203,67.85635834887587,9.940120737810508,34.87005108379478,12.872362032388407,77.622819259129,South,53.337020109672736,0,0.0071,Safe
28.72018796030957,71.73828081927552,93.35868092814658,52.7334555826946,12.850442325768425,77.59781972397161,South,185.6938422524076,1,0.9993,Polluted
31.681107836382505,57.35289960213676,19.560674103204647,101.64351684437044,13.091628797963692,77.5220592322618,North,98.1562060363445,1,0.918,Polluted
21.86324460880957,65.51661517558762,57.71682424533222,266.69601877994484,12.985267193962883,77.47859266928356,West,292.8545680477353,1,1.0,Polluted
26.45574077545993,27.67508969880516,17.30357375956941,29.544917962912127,13.0944247165501,77.69383522893385,Central,31.77712850935131,0,0.0016,Safe
17.988495556734463,55.126273814992274,106.35845715931288,2.9145962953152407,12.901326796139667,77.63917187250685,East,168.0218284703103,1,0.9992,Polluted
30.395338735631675,71.80263068831701,6.093186557618803,96.91875908684928,13.01090950999224,77.49053376694089,South,93.8947855237159,0,0.1509,Safe
31.883175638216446,50.265589486179806,8.849134394488445,55.638176520342434,12.866781090962371,77.65426943888355,Central,48.44058780924695,0,0.0102,Safe
25.10088122620376,65.88476332384396,30.56866630269645,13.279426901103022,12.878360051382174,77.62767958458441,Central,79.52506437315665,0,0.0096,Safe
37.443920579740194,71.70308751204047,3.847087383244143,40.97143305178447,12.953570636380888,77.4891241649634,Central,62.92663808641046,0,0.0047,Safe
20.645406021985952,59.86176198713353,9.815911389609516,81.35993518289791,12.895885437652424,77.5279658562725,West,80.0399105633642,0,0.0644,Safe
19.21375071874108,67.55695656494856,129.5208233838322,88.28807719569123,12.850286469152175,77.45578603361731,South,256.9380213213008,1,1.0,Polluted
29.346710911359832,50.55901152073082,168.76417515427883,41.54305773769151,12.8788642105968,77.43331573331344,East,289.11872081588785,1,1.0,Polluted
34.28258981567293,61.9008308045593,21.24092649917804,21.84912945072757,12.81072451833976,77.61682860985191,South,41.13037390987243,0,0.0066,Safe
38.10356614874721,74.15324254383833,115.5452099335217,218.3884044513292,13.011327086443243,77.48025355720617,North,357.5288614230161,1,1.0,Polluted
25.24669442278636,67.35459441452652,35.41826727273458,65.32493549001424,12.94763499712576,77.64601780972387,East,107.05094186139308,1,0.6587,Polluted
34.472085000587775,56.202030956540966,14.14611092609662,31.47899638310642,12.82827291992136,77.69868261345434,South,48.78510016549715,0,0.0046,Safe
27.76894918299576,68.36324606436189,54.54003053646941,19.74885845833617,12.851508197938548,77.4229859441789,East,115.20079062607525,0,0.4907,Safe
26.96423620035508,75.71914685954927,48.4013198651342,78.80560854752083,12.830760361433796,77.54191053752511,North,129.45623337347217,1,0.9833,Polluted
33.30195962492003,34.25088082133783,203.45931205963723,16.638836117174385,12.983777842482764,77.64061876779324,East,312.71012806463887,1,1.0,Polluted
31.91393727048052,82.38611097433846,13.85771033026164,11.303515863545831,12.828263109083748,77.63668526896237,Central,38.4130827803831,0,0.0019,Safe
18.541647058094505,59.95617891978392,50.171539392402735,45.28015313871773,13.026284699910564,77.6279991474993,West,107.26145783224408,1,0.8138,Polluted
36.859242098355374,71.38234899860345,2.404162579005591,20.548353135911395,12.80615327579612,77.50469848059058,North,36.08324059585166,0,0.0014,Safe
36.28054812488471,82.95870385467842,5.428750648540401,59.47785449960446,12.874812736398768,77.53615597670552,East,65.73037593739977,0,0.0148,Safe
24.246623790942824,44.42489454154301,0.1766732352814298,7.529621746282041,13.067200002767573,77.57849050720245,North,2.575096179296185,0,0.0002,Safe
30.374821200624453,54.3583849635868,338.63415462144843,63.84240990727453,13.015559395436672,77.69218217507198,Central,500.0,1,1.0,Polluted
30.964181117696437,60.67176956186443,72.93921810225453,19.98558549389706,12.821890499877709,77.49826418128156,West,110.87486008891636,1,0.9729,Polluted
29.564042594943444,53.24369718313358,69.5323600986999,0.0145778368717462,13.046337831345554,77.67694316631506,North,99.49254180512273,1,0.6475,Polluted
24.69816907692748,91.02404863755211,32.07559563235868,8.144788887917684,12.94791053646206,77.48080707545415,Central,58.676323244769385,0,0.0157,Safe
23.97025979237169,52.148418592598105,16.054685156386714,162.73739059342662,13.054034908150648,77.69672233964211,Central,165.29471129233815,1,0.9992,Polluted
27.84667557405133,56.666798307697,7.380334361297902,121.20457029658208,12.980221932335118,77.60107910604827,Central,105.86128178372157,1,0.9396,Polluted
35.036374115556185,68.06583547404465,15.07580680609744,15.963770244653803,13.004549909609858,77.53905344410757,East,26.49584373462411,0,0.0031,Safe
31.261600927566597,46.96775710885866,21.220145683777865,90.40527285620892,13.098050468118712,77.58401712841909,South,102.74701880390111,1,0.8521,Polluted
25.776314007483364,59.06478932365604,63.53364380476851,56.27715895037253,12.869700663777206,77.48175935071207,North,140.52588637855405,1,0.981,Polluted
32.630192263890066,69.76179891875263,34.91072181637831,212.2307414043957,12.987183672428417,77.48225215725344,South,235.2001290219137,1,1.0,Polluted
10.908744276219547,60.00709393426233,3.629256940512882,28.0665101617451,12.93809641701722,77.43406636315305,Central,40.39133545813424,0,0.0009,Safe
34.89259420223262,63.599197116500775,0.8187080289913188,68.64054876298161,12.811835585876809,77.43421508931162,South,46.12147928544783,0,0.0152,Safe
17.5617173273314,57.06001831327444,4.85798352785747,3.938634145916672,12.80434119245086,77.50430152244068,Central,14.97880059122335,0,0.0003,Safe
25.825354351581208,42.282945362288494,23.7815269642794,30.275440771081342,12.83576857334536,77.62885664336892,Central,51.35418230886707,0,0.0051,Safe
21.281980632243137,69.82389817008858,121.7675777337103,199.151049439692,12.994727522161565,77.58239135027945,West,333.71618751800173,1,1.0,Polluted
20.23191114567457,91.32399607470862,45.65078205804973,46.45894498518241,12.970148926374018,77.43077536809932,West,116.0300842061851,1,0.9022,Polluted
34.96496072427112,65.27602446175158,72.83742034867724,20.37048869999069,12.966028868349118,77.65567095749277,South,123.5594467603382,1,0.9814,Polluted
25.19379279212865,68.37896175871325,28.262752830715144,7.688479894251673,12.809557028758478,77.58041028809703,North,54.9435305072192,0,0.006,Safe
30.079023290384296,75.39084132675289,20.20021883915197,72.94821885074467,12.940790898908002,77.68825667303544,South,94.00624989969924,0,0.1453,Safe
27.718476526724896,45.96004255179952,5.1632142975772215,62.113923614323,13.07738684535276,77.60105564022336,North,56.64110656973092,0,0.0099,Safe
30.86224496333873,90.53771987194408,93.91201719941432,28.098420664960333,12.919277560793194,77.45255245911126,South,166.67663965620355,1,0.9996,Polluted
28.460931346361534,68.03493194634203,68.78680463060327,180.8843277533313,12.987476740936536,77.54213500869236,East,249.92620323582543,1,1.0,Polluted
20.302046654868583,89.47785348633664,8.282915660879945,1.347180341744361,13.033945602686943,77.59454927926417,East,1.997619898395067,0,0.0005,Safe
33.97760091668284,54.00450506714016,32.308828114336414,21.7205359464776,13.035177583742566,77.408479410315,North,70.71292680454395,0,0.0101,Safe
25.037460501032125,92.27092883836735,30.06946442581013,152.35124321875256,12.955784024718582,77.40447307924644,West,159.9252161650769,1,0.9995,Polluted
18.660508608041493,76.62733241052175,44.148304049232536,23.222344348023867,13.0573855836207,77.43882090017958,North,74.10938431014324,0,0.0952,Safe
28.276025164179885,73.29560128778537,29.88161844271086,17.441422279341054,12.917413428009125,77.47549933051364,South,219.75065293445456,0,0.0133,Safe
37.004558743805866,68.51036681529722,39.01304382482565,45.84256436598988,13.06660796443544,77.52886473705621,Central,89.28042416606216,0,0.2623,Safe
33.101330452680955,61.27207072888326,34.965054907233444,104.1687298184383,12.872068149918665,77.54623214212793,East,146.88944751160105,1,0.9822,Polluted
28.276025164179885,83.0079748771081,2.323497671170048,6.531782599725941,12.884064922097172,77.44140828268138,Central,19.694270071877305,0,0.0006,Safe
25.904453774089426,67.1053980477207,2.923796551827547,171.9040442571032,12.815936187259702,77.60201747373475,East,137.1414198124908,1,0.9975,Polluted
26.070189692695703,35.49395444619272,9.335286811504078,95.10605286072708,13.038674550962686,77.57884141850896,South,100.77118192607044,1,0.5802,Polluted
40.46048790136504,48.242203074394965,1.4854339978555196,11.99860824940542,12.925116570869813,77.48833922965235,East,7.93378579258935,0,0.0003,Safe
30.29161271338932,62.21231371710879,61.2023972496158,74.6893465366466,12.86873498417342,77.40409796503059,North,150.87117548783013,1,0.9896,Polluted
30.58024988314642,69.64998474748333,57.821891287506176,29.163953745924,12.869537083284976,77.42329437460599,Central,115.00185993499574,1,0.8959,Polluted
34.18170072419105,64.15117266650157,6.581141929980519,30.8794451512049,13.070419982368769,77.51750843265326,Central,54.96923314990648,0,0.0034,Safe
29.43273495415908,83.28456184690495,81.37665312007881,91.75173907881596,13.05017498013831,77.44619230534971,South,204.87534240502,1,0.9998,Polluted
26.44574712507578,35.733472039420626,7.567446171516628,197.4622928073501,12.966059265607155,77.51304588184439,Central,168.74310797146347,1,1.0,Polluted
26.82190090549013,67.1538190475774,16.126009457615893,8.125536698172361,12.984833240124717,77.58845478135311,South,31.72246710665397,0,0.0025,Safe
27.570392443515612,37.73031161919268,12.884349041386992,32.748862892664704,12.942297671165088,77.56417122836379,West,29.694389549022,0,0.0019,Safe
27.77666658094095,76.39568443226253,20.956690916333404,39.34433361820622,12.917499962863642,77.46935276494122,North,72.95851827807647,0,0.0214,Safe
32.36577726182188,63.58311928336996,13.22639286588786,28.32628452998044,13.0746430643655,77.50314674737763,East,51.47398437986553,0,0.0055,Safe
28.276025164179885,71.29414958036178,29.88161844271086,27.076953900387792,12.837683811056092,77.5842093595346,East,69.80853816803015,0,0.024,Safe
32.395840463293474,52.04175559115351,23.54620245979047,3.2210532896777098,12.925534036914868,77.65825650841303,East,45.07370771879675,0,0.0015,Safe
27.515700519348503,84.19197397486627,193.9601858629971,69.41364061579918,12.903368572396364,77.62596403162166,West,326.2193152810128,1,1.0,Polluted
28.471811141896545,80.62586996088277,2.5897993626595777,34.384876317990674,12.949445216075343,77.56602000805003,North,20.5749439319572,0,0.0031,Safe
16.010795892807355,73.75316454517832,6.9013168304387005,12.999413314761732,12.937289562363553,77.50868789949494,Central,38.766242043389234,0,0.0009,Safe
33.49796604821489,63.05724129704839,2.4422558645301917,101.58009694079676,12.955666859495324,77.50951538326255,Central,82.35018802510919,0,0.1424,Safe
30.07893085538796,73.69785927942698,44.23837317044977,97.33945965197816,12.8419756931681,77.66382519307932,North,151.80345715165353,1,0.9906,Polluted
33.98806065915791,54.39661148018977,2.5223041399118302,39.9776535773558,12.953942450453985,77.41177307281217,North,28.299183455180128,0,0.0026,Safe
10.622467730837863,77.83333488531068,81.47582000162909,21.267842913156716,12.872725644166165,77.69639479332608,East,134.80632767954742,1,0.9961,Polluted
40.53024822868437,89.74221341485881,32.279135590637324,60.98203491462051,12.855299404696458,77.59931262325547,Central,115.7511591269755,1,0.7761,Polluted
27.16246223106896,81.05915839968779,33.69042046092688,20.39346385478021,12.819450265635858,77.60434130972172,North,65.27588358535047,0,0.0296,Safe
34.6490969004251,54.055962952888855,37.10749569291235,16.15187219246087,13.028795767626844,77.41139935119143,Central,73.81834203871763,0,0.0104,Safe
21.760564437246813,70.42125975909654,8.428969265002562,78.67447589863367,12.928232576256969,77.58165878246739,North,76.88759253138798,0,0.0435,Safe
31.676643430375417,45.60287684362028,9.911726547163047,2.4696505979405443,12.987993104993528,77.54543341802714,South,19.307482030323182,0,0.0004,Safe
21.679506620958065,73.58585466763513,17.27661422042249,5.973872093458497,13.018278002991424,77.43173367206822,East,32.816290961486786,0,0.0018,Safe
24.25738623582517,71.75905119293809,40.507313979002646,0.4086791085231427,13.003794999594064,77.48337660323081,North,41.311881552333546,0,0.0116,Safe
39.48418812320072,36.952754907017535,10.614214264668336,9.959250623967275,12.941150215726903,77.6670943368641,West,28.659380563758937,0,0.0003,Safe
26.85590559541992,47.57324234131454,5.565309466908419,4.28911619880718,12.91636955868552,77.56499652475979,North,6.402963204549414,0,0.0003,Safe
29.304597239078337,60.75291654884349,157.97077745771458,328.3940801872252,12.9127879728922,77.52402497255218,South,500.0,1,1.0,Polluted
33.220406384132524,60.48710379288761,1.0002156685200745,20.448936802579727,12.992014639079017,77.42180464675225,West,10.133070507921762,0,0.0011,Safe
30.974091327835627,46.857845968717925,73.03575218326134,9.699488311143778,12.94843830648256,77.6142364582207,West,112.59720538863468,1,0.9303,Polluted
28.902513430861458,70.83468094028275,69.81006680723809,16.544914285320253,13.054739674396552,77.61085524701882,North,142.41217159471702,1,0.9668,Polluted
30.189766014797357,68.77210413410768,15.871635232986243,165.05017069734348,13.062410595298012,77.58421308209178,South,163.08163816109476,1,0.998,Polluted
42.420493511429655,62.08596302032221,6.558770075951377,44.05818172623801,12.851168113401956,77.5530787938662,West,35.25051041935114,0,0.0055,Safe
27.654287217798487,53.66312749762456,7.082520290354541,27.230631516281,12.840870095463718,77.53013532066221,East,34.17239724227914,0,0.0021,Safe
29.206594280289806,80.73060689624845,53.79515857523874,123.99931790863975,12.9891202778108,77.5779813278964,East,167.6882508741291,1,0.9994,Polluted
34.30392637604567,89.83110669632443,46.32650470075441,30.150644360608133,12.890367724418685,77.47001863551853,Central,96.1861394809415,1,0.7117,Polluted
34.6331555977479,57.746577742301945,68.70089716419793,24.478867533825166,12.80557121562953,77.6823777192533,Central,114.590655346657,1,0.9664,Polluted
35.12218183336228,55.81749624267769,124.75293866953204,13.937303482874537,13.066592800808886,77.57663835875407,South,216.92773544430185,1,0.9999,Polluted
31.832381332175107,72.36811498117994,52.983886061830354,28.4693153950811,12.868070230173142,77.49335773330631,West,106.46012614812756,1,0.7668,Polluted
21.141970523617097,59.629559303795205,7.624210288305233,22.84790296241408,13.078784195505742,77.53490395526555,East,34.990159637560474,0,0.0018,Safe
28.276025164179885,62.909041990051485,12.553960277192395,67.86266695704546,13.015230335263476,77.64170543666307,East,82.61858725018385,0,0.0474,Safe
28.276025164179885,76.09479727587006,29.88161844271086,20.514164501870443,13.028796046973444,77.4484848182191,South,151.65869522952218,0,0.0165,Safe
29.8158127914342,36.359658687390606,10.567995032494895,51.651325513728665,12.860438448737948,77.48785068673808,West,50.2823536172389,0,0.0052,Safe
23.474344899883853,84.77453487279004,3.3878945788414243,4.08980354518931,12.870258327685043,77.60385240682098,South,9.303372074971064,0,0.0005,Safe
27.61516992044205,66.09020786494013,54.67349375698341,12.738831039378498,12.95638032614722,77.49464676194467,North,87.7465144359501,0,0.2449,Safe
29.972574461820884,58.8276028315673,23.177029759031743,31.39467237691163,12.85162995579496,77.63775050455844,East,80.82201349862012,0,0.0127,Safe
29.92814329270164,63.66148768667826,113.6803241926136,165.8289229988179,12.89162950780491,77.43913604615321,South,280.3309744689068,1,1.0,Polluted
30.531524525411708,64.43644032530779,47.27480241317679,28.41679880814543,12.896438743384342,77.62880585113639,South,87.89454249871906,0,0.1889,Safe
37.682267614351886,39.03198044832613,4.264704029273164,65.45188452980756,12.84788897997583,77.42050551445517,North,57.9589495166813,0,0.0075,Safe
30.72120580908388,87.42407341179853,132.9190665995249,17.66928867194013,12.861554850018548,77.40377778380025,Central,214.883389887866,1,1.0,Polluted
26.535060188256107,65.61988448405927,13.462080621443816,8.151491059955651,13.036565552602475,77.66946705564965,East,27.87950179186815,0,0.0019,Safe
33.784523009730144,71.64503195671062,18.508537733274128,3.619188351755492,12.85015875636418,77.5744017650797,South,30.196638658893992,0,0.0021,Safe
35.13682293354785,79.27324655861064,23.157004241934303,21.86631434456666,12.808537217553177,77.50554806912605,East,50.604377986660296,0,0.0086,Safe
20.634353109178043,49.6825631365955,2.366228635889209,10.294365885150135,12.988806482788682,77.46977839108916,Central,14.197805347569322,0,0.0003,Safe
31.584400419099147,72.10207848552842,30.879098880456755,11.47038926826539,13.092794935817734,77.58506573497824,South,60.10998973040248,0,0.0096,Safe
32.20703645386539,60.985383636518094,5.922518053022403,85.81710935606874,12.899364144386936,77.55270065506103,North,95.44455333994802,0,0.0538,Safe
26.214618979840047,77.7015616282474,23.05998648048477,0.9578900052504046,12.835596710958876,77.697479332659,East,53.174894760437255,0,0.0026,Safe
36.25424087986971,33.09158869472757,19.434397241922987,48.96095456179999,12.97111619761026,77.69496479599613,North,71.33032811335636,0,0.0098,Safe
27.09966647780484,63.51358549638096,66.69454640542865,28.630046226105225,13.071906263328694,77.59050736984248,Central,117.99240072022651,1,0.9552,Polluted
28.75345872082925,55.95769016324058,73.14378598458845,42.38002453072725,13.035218533948544,77.53286115183177,Central,139.36582599261698,1,0.9866,Polluted
26.96156905429678,71.48394425951233,7.494397543324316,49.64602116777561,12.986754760523814,77.5473422907404,East,37.81749659329448,0,0.0132,Safe
28.093474285488806,72.05066281052304,20.54592375299281,22.55738085542703,12.89451694898228,77.60474371987107,Central,58.39713466352927,0,0.0084,Safe
21.42234947862879,54.38561157766961,21.0317468522048,20.982713982089013,12.962564051982866,77.43047236327062,West,47.88644467298452,0,0.0037,Safe
19.359694704434236,54.31739203735935,7.388084409482199,79.32076848010017,12.827373452391278,77.49850562214321,East,78.91135732022104,0,0.0395,Safe
37.56703037934983,63.34001947164006,72.07808310224608,123.00554267315414,13.0036836272842,77.42258167230109,West,209.85903196371189,1,0.9998,Polluted
22.918231910090032,51.55036659027188,55.2763013109747,12.834799309406884,13.017528805669295,77.42200822785509,Central,86.20608730596953,0,0.1003,Safe
22.051645903262155,77.6297554317819,9.50366175926579,6.163091283274205,13.089509486872975,77.45875177256828,East,10.975144200657738,0,0.001,Safe
15.079659318377711,59.46189199328831,20.55805336779434,136.8469541224951,12.878119207623522,77.54557597637798,West,135.78551841995093,1,0.997,Polluted
24.166229513862987,21.395176710175377,5.032414556360208,25.83732623193512,12.805536925712907,77.63543229634884,Central,33.07574608805788,0,0.0003,Safe
20.06146123955501,59.37766915067291,44.52376263808061,48.08637147815355,12.963682539328143,77.54564876734976,South,104.44722443423112,0,0.4771,Safe
37.85209096081822,49.421842687340416,5.8227116936337175,26.734411236068983,13.012037151319044,77.50064298316826,South,12.46849328615739,0,0.0011,Safe
34.058902536055804,40.53086276808582,191.88030281803756,8.066926146584663,13.037122242764896,77.42470589710103,North,284.0325348324791,1,1.0,Polluted
23.871097928933654,46.43860042666141,68.27547996581796,53.39815873419893,12.858121679907445,77.56508865695494,South,142.45802849477073,1,0.9933,Polluted
41.51461483206585,66.64112707749455,22.260935843657613,44.68422293775284,12.878525860711107,77.48138057594495,West,68.83467843138094,0,0.0267,Safe
33.89059292194956,84.92961242372347,38.88392359725381,13.613551134518246,12.953777277580189,77.58448025337515,South,74.3715199631453,0,0.0554,Safe
26.051011698948265,69.6977671079747,109.03351207765505,36.07446305821078,12.899180242991,77.69315632173974,East,192.8024482533565,1,0.9997,Polluted
13.00356571075856,55.90244917676391,36.3446529086651,95.65744394781916,13.058153445976233,77.43339429644327,East,127.41581143737795,1,0.9895,Polluted
41.74565543554445,71.83856292756055,8.629388192958178,53.55827613469939,12.942128046121615,77.46363761961659,East,51.81983992757265,0,0.0139,Safe
19.662565199418424,58.11364534671512,21.41759802736241,6.11647056721592,13.0398735932306,77.54192836142981,South,39.03419893325179,0,0.0017,Safe
18.12760751825865,54.58099446255283,83.35946730536938,47.64723963134276,12.974185928144706,77.69058414460378,South,167.33748234734213,1,0.9978,Polluted
34.13542259205784,47.684559976505234,46.50403890330031,72.7885428593162,13.031927042485131,77.631542932881,North,124.68886586044904,1,0.9796,Polluted
42.63851443803564,38.72256789872421,47.33522724372988,94.41628133471907,12.899801895959095,77.66946875794885,Central,135.75892504242802,1,0.9978,Polluted
36.30563691106311,59.15114440160832,90.72291770344658,59.51221140888474,13.049424986579092,77.50011445454274,North,182.708091600009,1,0.9994,Polluted
31.38345472031416,67.37080234880197,100.98279190282506,9.939064918259708,12.882371694665308,77.69761154213359,West,152.92682399686333,1,0.9988,Polluted
31.56852604999172,63.550644949776654,113.541261623762,74.3083203335457,12.963829642400988,77.43084984481925,East,232.63435169604423,1,1.0,Polluted
33.12049335268185,58.76049608078962,4.484417034389921,67.8697117923439,12.864202133952162,77.41589187181384,South,75.82987185270804,0,0.0179,Safe
32.55357153872059,50.813809089548286,35.34924724855658,1.4838100985836653,12.942657956487858,77.6566807881162,Central,40.695276382479065,0,0.0032,Safe
29.687148543816257,74.12369287527453,60.70658704554016,31.83595718310385,12.895452562852611,77.6781794610621,Central,128.03561328175854,1,0.9585,Polluted
28.625206623711257,45.24302120080122,63.647677443945526,24.293438615284064,12.880011029191165,77.42717560726383,South,119.5966629926202,1,0.8874,Polluted
27.624441232602862,76.64041870765213,41.99507078999252,66.41295517538123,13.09009550540841,77.43402822802376,North,127.1513774326292,1,0.9436,Polluted
23.476212466799943,49.96674471609913,8.210986627464779,14.611170217571756,12.84802223164602,77.40995224732674,Central,19.647972080634677,0,0.0008,Safe
26.315949538799355,53.71347143970448,71.84804144226057,53.6236215118407,13.036197751237218,77.43135226879282,North,136.21068223341928,1,0.9919,Polluted
17.842259114827687,42.998222140764845,57.30135185613576,146.65304065018762,13.095249487844963,77.4628259450401,South,205.07141799152444,1,0.9999,Polluted
27.4099622392315,57.47896779671545,4.053296930160377,95.91058226734334,12.805970445122025,77.691022985673,North,96.80526377482998,0,0.1206,Safe
22.06845335709449,79.62968687716969,28.046986925744605,152.647104415723,13.009708224212629,77.6003580666719,East,153.5829477543773,1,0.9986,Polluted
21.378464096705372,72.73442132665934,8.600991501677639,230.3987948472364,12.875873541666886,77.63356590765557,South,188.1174012788788,1,0.9999,Polluted
29.079364906920876,79.67633168042053,18.52650331837053,0.6436476610098663,12.812146347298492,77.63284182110746,South,34.17666000459924,0,0.0017,Safe
36.3520137180676,72.83213818900904,0.8210948696250356,58.48944344121806,12.92086687368699,77.56052212493377,Central,42.90112816468349,0,0.0107,Safe
33.50989963601388,48.44495257204446,23.01190000359314,31.94741389252918,13.080565343051262,77.63924669331391,Central,76.73663154929613,0,0.0066,Safe
18.576996378260937,60.03816163508664,35.92054012826968,117.90444248273305,12.8035295283101,77.57874225971699,Central,154.72512120989254,1,0.9954,Polluted
22.06223118057797,53.29701306323806,43.49187851295183,17.406276425976387,12.976365707578935,77.49436382928101,East,71.97060575032518,0,0.0186,Safe
33.6446271279293,84.95862356058561,49.01077972212609,237.89217385168183,12.950418943578596,77.56833303263052,East,258.18344516911395,1,1.0,Polluted
22.105075638770145,47.04817030360533,81.4350028524156,57.06969839850443,13.062015249311314,77.56005257584036,West,162.55720085965103,1,0.9985,Polluted
26.65220110001785,78.40546534083666,10.919764166977682,94.65816045485478,12.825200514356188,77.6470359161278,South,91.67697105148244,0,0.2787,Safe
31.30031259414731,78.39430805163154,5.7771471129734335,5.369200647761307,13.004457808965997,77.6945181652145,Central,16.00559467847236,0,0.0008,Safe
22.189933270818187,92.4443030257413,85.83393005480526,12.160607261534084,13.004032909529982,77.52331276962629,South,140.79368938795977,1,0.9986,Polluted
28.63225303687576,58.85470111055754,7.664810944898765,85.22922095959095,13.000724005058686,77.62901720353241,North,68.43355109575653,0,0.067,Safe
19.99584703049077,75.68483239370244,165.56978087217072,1.3339096737835774,13.082700348480513,77.42992890121144,East,258.4405552966153,1,1.0,Polluted
24.39179413629272,99.22477754808264,83.18576594339135,101.85615627394554,13.046926258702063,77.63304941083449,West,203.3627632603976,1,1.0,Polluted
29.918691604855223,55.73537484599455,31.270586895611675,0.8428332321330735,12.812591817873052,77.51142507359798,North,38.30479084663708,0,0.0031,Safe
18.442037598809986,41.974396287014606,179.35858078704112,64.22228168502235,12.941324855211354,77.41181704886691,South,315.7852449233613,1,1.0,Polluted
30.642848427762395,36.79984949138354,4.610250443540138,27.256691814327475,12.9193859168604,77.50897385356866,East,38.86380713922202,0,0.0006,Safe
27.882173206439912,75.69068043291998,16.247889970244422,56.72693160889038,12.89304416632724,77.5831928252765,Central,71.65661351512462,0,0.0414,Safe
31.314939726502885,36.75274687912125,45.75290357000189,71.44985372263233,12.93540101754623,77.43577505030444,North,128.56485366220852,1,0.9869,Polluted
29.34348480438797,59.41521420593116,19.385706736354397,25.15636957139754,12.915258255477791,77.67721034772907,East,37.503774684685474,0,0.0068,Safe
36.18484257984306,71.5596978055844,118.63246168136922,6.854822925467552,12.9297001699636,77.42330172398185,South,184.7548824679996,1,0.9999,Polluted
28.751347015887443,67.7776330524487,3.0545364153953747,4.331398676909364,13.093778559682592,77.67900201594995,South,18.0222412632562,0,0.0007,Safe
25.423566753248483,71.38167296276258,35.87406794038286,53.34038482411572,12.826589892424876,77.6121412553807,North,78.45361096170426,0,0.2586,Safe
28.276025164179885,68.33434783701281,40.21709408099113,44.12012569551397,13.076669260951618,77.49891365262427,North,91.73224525605002,0,0.2204,Safe
31.25978817421833,84.1829871997009,47.594128538263,81.33450617047892,12.944071014041308,77.51722510431273,North,142.6906078811839,1,0.9925,Polluted
28.293160421954227,50.71525428891805,13.286957408862316,42.76861548010144,12.987122673649862,77.62224280941983,West,55.7277706922226,0,0.0071,Safe
28.243550147223296,54.84507292312203,20.405147480013493,32.937178254918514,13.049054889985308,77.58044133026436,Central,46.76941397070557,0,0.0093,Safe
23.788049873159466,53.41010832093764,83.51340655640789,30.458559510349453,12.908138908744776,77.60149287643648,East,153.61958607622628,1,0.9946,Polluted
24.02259449469431,77.45287717793916,9.757885933964596,1.6081747722672253,12.92912657242639,77.51674938495405,South,4.24925818243492,0,0.0009,Safe
19.58436836920184,78.50597882592595,78.91650391175438,24.528389210798,12.922855544083614,77.54634404454228,South,129.32199689251829,1,0.9946,Polluted
38.49746045912164,71.76837978977763,37.216524989279606,223.832501903946,12.912419306760729,77.69696024521137,Central,227.2652105719156,1,1.0,Polluted
20.53682058765229,82.75240500334891,64.63227500987287,124.07714430691324,13.077658796494068,77.46417686114992,North,211.6440094573912,1,0.9998,Polluted
23.84256881322456,47.32938698935429,56.26762039890459,23.972984340264915,13.048678967357905,77.52535685595664,North,86.88271774152643,0,0.459,Safe
23.689556406584813,90.00836167326706,10.46597753490372,53.17412779486296,12.832699996958894,77.4875469562722,South,42.279314292103855,0,0.0169,Safe
33.36954626166665,87.84857932568387,37.85457586535493,112.75552525110108,12.83243700574313,77.62953345313196,Central,149.8195011968561,1,0.9975,Polluted
26.230301930247837,76.0343299586862,91.0286201466892,34.925801382465394,12.928360854455898,77.62920378769972,South,165.53160019207283,1,0.9986,Polluted
35.486452436042406,91.7269836315659,25.46273355569943,1.0872637766090854,12.829597213019843,77.48773363829922,North,34.364575175569016,0,0.0043,Safe
23.95905625453679,40.150651884833394,152.95153844498668,4.64594705978579,12.985727928581335,77.4244170949899,East,233.2823172281667,1,1.0,Polluted
29.67396497334281,57.13327795606023,27.08426643855473,42.84910088209151,12.84310748217852,77.40342980300167,North,64.26027932925619,0,0.0316,Safe
28.276025164179885,53.97044808977071,6.933026673871623,209.2825731262952,12.95671197919004,77.52823515997275,East,178.74686463520263,1,0.9999,Polluted
40.87089476664033,75.82218985636015,22.201649865678466,70.89541874286182,12.802165984101116,77.52310127830073,West,92.11470491532032,0,0.2274,Safe
20.874409485822923,49.24788890596781,136.3668093591753,4.413379830034442,12.894978904523796,77.69651696359196,Central,220.22791908584435,1,1.0,Polluted
29.85892426136217,76.36242724006229,17.336342221821305,12.595938012813246,13.003157217101796,77.54094062270931,West,55.15406545549689,0,0.0032,Safe
31.802661285592592,85.5580421599507,91.15637707738018,88.52672266353919,12.945211682068354,77.47692551087263,North,204.87978509483065,1,0.9999,Polluted
30.48279458470899,75.42804350125999,95.88332594533207,110.49724167018286,13.093480845799697,77.66736883230945,Central,219.4896552520868,1,1.0,Polluted
26.88827404673375,69.25626535492252,19.39814630028942,57.69212863321153,13.062231138819865,77.54732038489608,North,79.10066611134323,0,0.0605,Safe
27.221075801599444,50.181899886488765,3.911797149445724,62.04083603426788,12.907721233712946,77.57975269056318,Central,54.162296790433054,0,0.0106,Safe
28.26286883187466,52.29723550811953,58.02200410802841,1.7248023585530414,12.813645962441685,77.42870061312847,Central,86.63198577277853,0,0.0573,Safe
27.117987990229068,83.74428357945,16.796602100907442,105.8009081191284,13.053687890034505,77.51487492219894,North,93.72489510337904,1,0.9095,Polluted
33.78327470076946,76.69023505857999,68.73776907085568,93.14807996329368,13.0733702930944,77.68326710234214,North,178.61127300560963,1,0.9992,Polluted
41.26313800954811,64.41470720933684,26.305675603023868,17.988124965031812,13.04618821802571,77.57685161525264,Central,58.07760329641839,0,0.0074,Safe
28.276025164179885,58.73135681351164,29.88161844271086,73.9993020288527,12.83838498227593,77.50335055654274,Central,113.96067538519232,1,0.6709,Polluted
19.78118212252553,34.612881903329345,67.71014561887323,14.513181816278196,13.099374540323684,77.58770015418948,North,108.1209025194828,1,0.8972,Polluted
27.47030770989247,48.93721371973342,21.683470893887304,2.469958286131458,12.877575266465833,77.67312332687344,North,26.24734559762404,0,0.0012,Safe
43.47825602592592,93.67128630709584,26.343841155510543,13.473914380339584,13.017261473842511,77.48219718014178,South,45.160214591420136,0,0.0171,Safe
23.17795259218161,45.793166434963,21.235958802913125,11.806814016601932,13.072410462900717,77.5515350155412,South,50.636182134101006,0,0.0015,Safe
37.8347008326644,67.84219731831621,20.602032318253272,24.7265475537954,12.870706134299214,77.68760719617353,South,64.54536887873412,0,0.0077,Safe
38.06620488445864,80.11165959792798,33.58958655055798,32.52344769415453,13.07247756640312,77.45171884298954,West,87.61304117855863,0,0.0814,Safe
24.67847054975203,46.17615997996562,74.44945678681562,42.622348242005714,12.89284447375846,77.61589917767901,Central,152.24895075642598,1,0.9933,Polluted
31.41389847511165,67.77065712171625,20.20742613461846,38.86219945756679,13.092923966715215,77.58434430246089,East,61.07909228112855,0,0.0199,Safe
37.770379738771226,79.06873306265983,33.42927128231187,18.938117391626065,12.884378006114142,77.6039025393422,West,66.53175042706621,0,0.0273,Safe
25.72523355407508,65.18748982860876,49.98910830450343,1.7762755152703489,13.08603074742735,77.50536588920028,Central,79.10009764968484,0,0.0342,Safe
26.77851783938583,108.02604583500153,14.127442098041591,55.74760912004752,12.816063395267802,77.49416381204513,East,63.268075338325886,0,0.102,Safe
24.509914516308136,39.97101111682707,14.62812405175996,30.225522187277807,13.012781603500944,77.60526290117652,South,55.01441343251695,0,0.002,Safe
21.9114596158428,80.88092794825818,121.91615204927902,21.28678936787616,12.9596333401511,77.46466298553136,East,183.37596477078895,1,0.9999,Polluted
24.10433472960396,62.40797393905304,57.85512772544583,121.0177777196643,12.94336312313682,77.52589642345771,North,168.91967575061614,1,0.9989,Polluted
20.65635839942646,76.57880232255013,38.73710305317066,82.4011026554249,12.867048294276753,77.45645239381588,North,107.48124317355575,1,0.9663,Polluted
28.20450080955536,71.61960727548869,46.94981037867085,117.01671090571108,13.011678736932948,77.402491452337,Central,156.0161708264934,1,0.997,Polluted
23.38016061364815,54.002657043350055,1.3381760051076834,40.98976682464964,12.857242847433891,77.69101720801143,West,48.26099136894949,0,0.0026,Safe
29.40271547074449,68.4349458868901,43.317191252885785,8.419982722153627,12.965852538795431,77.52951089359694,South,59.822209668869206,0,0.0297,Safe
18.66462612277824,37.13147822902569,32.0556640635819,71.48737507726753,12.875973608912076,77.69080488432596,Central,93.75199684978504,1,0.898,Polluted
29.98528139328674,74.0487125085709,35.50980900431926,13.845884633264149,13.086686413934409,77.44209705593035,South,56.08774757287446,0,0.019,Safe
33.00117376965355,69.47237698985788,20.04242566734323,34.92100483819759,12.808589358150696,77.57621003383726,North,69.07557880142434,0,0.0152,Safe
16.037586144571268,74.57990252964653,3.82432303553747,4.032575609364523,12.859918484033372,77.46029220983738,West,23.315423695983043,0,0.0004,Safe
30.24433941908543,80.87177487630726,9.668342831461697,104.68398955771188,12.872693181916237,77.63702223808899,West,108.4002653481798,1,0.607,Polluted
35.36601395483975,70.51429760314566,135.48323570353213,8.076419352671598,12.924220347730346,77.63511089662829,North,220.4564144806564,1,1.0,Polluted
20.74215388785277,67.22134129697415,23.644396614288897,140.04300200226265,12.869819072561016,77.4337821447118,East,164.02001777172467,1,0.9958,Polluted
38.035434321026216,51.78397495008062,28.28878096874357,119.80784623652823,12.947404727080636,77.67361933586292,West,120.31446333616444,1,0.9951,Polluted
30.51411405619627,54.31668854526424,2.436740128557636,37.482537388881575,13.06173965697756,77.45838889416098,East,21.39226097284611,0,0.0025,Safe
23.769928865449547,82.80101930265997,1.723051129658968,81.84103007451422,13.01361902642275,77.58389320247682,South,61.05004915064031,0,0.0254,Safe
27.665385534053765,86.54503108558967,56.83273841741982,57.96748556712734,12.973988594160533,77.69569008602632,West,132.6603787366535,1,0.9917,Polluted
31.349961475130332,61.42834345531919,34.75778893157069,97.49613571425454,12.826700953394804,77.66471896042991,North,131.13847243302388,1,0.9703,Polluted
28.45603234847447,65.69004120879912,31.982063411371698,33.91744720189692,13.008197632516785,77.68696917856835,East,76.26793956169271,0,0.0419,Safe
31.232535954678216,51.43078437509351,12.535044491655482,92.45308384421033,12.849924285293282,77.50277963136544,South,101.10722616209682,0,0.3882,Safe
22.4759584415238,82.59135267901168,61.4481609720733,37.24477091181127,13.03591021578851,77.43167269266584,South,102.7895929020493,1,0.9811,Polluted
29.016164944216467,74.98125235537668,8.289325281871712,169.77828816378434,12.875017027553046,77.45650406198683,West,146.8532986650117,1,0.9977,Polluted
19.51771301857012,94.11826154695623,9.478821203066286,39.97537243550384,12.92511461849627,77.55014846852299,West,48.85462178213032,0,0.0061,Safe
27.3326436319078,51.82515384230392,27.787763055749245,37.262906692566254,12.905141060695378,77.637968903482,Central,68.23691125960086,0,0.0184,Safe
22.576554151211266,59.32988151472674,15.176896075018506,92.24709279332086,13.057644174402457,77.44504609325517,Central,98.4543825513152,1,0.5552,Polluted
23.5868203444614,68.47168883788359,12.793729013754907,103.4161212282124,12.837963337614022,77.59791945967824,West,112.14560193009396,1,0.7203,Polluted
35.416559051262624,74.69734306588656,46.633821072578094,48.51201585749699,12.969693464715435,77.49707328121185,Central,109.3825627947684,1,0.9014,Polluted
34.54786072356561,61.76498543678552,47.3671080358897,11.892264012510662,12.842618482832918,77.50236062171766,North,101.94232266876251,0,0.0411,Safe
31.65482872544306,51.90558364319449,78.3096077080759,37.83944638714593,13.011438750839655,77.59857531904738,North,157.2448410102561,1,0.9919,Polluted
21.44612341196453,78.22111293385356,24.335289564681045,206.6572597636672,13.071523438338344,77.54009982585997,Central,204.49000755262983,1,0.9999,Polluted
26.101549301831188,75.81703043818372,3.415207925660828,83.89866271737894,12.930382296160175,77.64360998790781,West,77.27904295703988,0,0.039,Safe
35.2785861998751,51.25588849154413,14.38856301622506,100.01213833262706,12.946427678079491,77.44677555289886,North,109.0257385896557,1,0.7874,Polluted
28.850301481839427,85.33164201658244,176.05332911627715,2.002580614352656,13.078226850944828,77.63698448093011,South,282.5362775015884,1,1.0,Polluted
41.91597723989017,82.55298063794905,40.81412896367695,37.85085939274845,12.956297416594808,77.41927057441723,West,103.244771722813,1,0.505,Polluted
30.35990703636623,67.01444745871689,55.66356731630307,62.41287131039128,12.946279531414868,77.45821616407369,East,138.56770557493047,1,0.9714,Polluted
29.15229469894019,66.19396793564054,0.332326438624152,106.32894702307708,12.973498730811292,77.59684491435095,East,78.27511021254082,0,0.1727,Safe
26.145301214784997,73.31086656673861,32.86071388366611,3.031740681013313,13.006768920908886,77.65647769695333,West,55.86573922833794,0,0.0071,Safe
28.801245428693694,52.074453946156126,1.721294429511154,114.81077126302704,12.83206501252611,77.4758038883218,Central,100.21990798863072,1,0.6662,Polluted
27.085180981716736,65.45047218746123,37.89816598629589,47.69763125893677,13.046333158322454,77.49815748174868,North,102.78388340691804,0,0.1629,Safe
32.24865206013154,32.714246830862294,114.09349444779215,13.18749830856124,12.93065150823598,77.56113622448602,North,174.35124665021635,1,0.9998,Polluted
33.7402139007675,78.14683468254404,155.48416817839637,22.89804954051543,12.821704552969246,77.4634718419468,West,258.92540657713033,1,1.0,Polluted
23.284063236952303,41.57760166337211,34.99789410348247,19.871255844566697,13.035854800759465,77.64334687847625,South,76.39896622987561,0,0.0065,Safe
20.012602278653333,87.55129742643499,27.57902482899817,45.41111934887051,12.91308499150588,77.63209099350173,Central,65.59877268131244,0,0.077,Safe
16.98276776138022,60.04819859050325,130.5329825959863,3.184156224373838,12.830110248528516,77.44358751358973,South,186.33248531264667,1,0.9999,Polluted
31.047947961475263,61.82499527103235,50.38478004981475,10.356734122630588,12.990133711862976,77.539148919545,West,95.04271106075574,0,0.0604,Safe
21.37980036295676,55.583991408732416,3.019546488432589,100.50039171649672,13.064039406030092,77.6324483299964,West,76.37795799281317,0,0.2289,Safe
15.082656442285105,60.679416891168856,28.20805526358,8.535578904379001,13.066326052824197,77.50119885933103,South,64.51789883782338,0,0.0027,Safe
30.331471627185785,86.27797017722055,12.364168067894411,15.947115582010808,13.087299042442693,77.58993204681532,East,28.51456621300765,0,0.0022,Safe
42.95799710459674,27.68287015197381,28.552911109266933,36.23905380837876,13.060311637930006,77.41506393643728,West,75.66930818828055,0,0.0097,Safe
27.96357453076064,84.15448079132281,27.352084948628125,43.679336556314645,12.800642275803645,77.5826066281588,Central,79.334558951267,0,0.0696,Safe
33.030944646709855,70.07035221652562,39.26791461110033,86.53645946651574,12.914072349924018,77.44579589400018,South,120.98634354335309,1,0.9705,Polluted
28.49097615128539,46.89467528214176,19.85641572319538,35.57991548548354,13.045562773971652,77.64917499753435,East,72.15311927348154,0,0.0065,Safe
27.406662080853145,48.87031410426143,8.075260006653203,93.60019765405524,12.909875901799545,77.50663483907415,South,84.21329014456938,0,0.2567,Safe
33.51445889792661,90.14589540812304,31.5276235250248,57.79449866990983,12.980464551913911,77.48446615881846,East,94.11492243035838,1,0.5992,Polluted
26.25835273486809,50.81739680085903,79.7917946387996,7.201364927651027,12.98189508421236,77.65226669301344,East,105.62712785891514,1,0.9771,Polluted
29.60435388443142,47.69974234106061,49.08062307327824,10.199733661824547,12.909507591211646,77.41504320692155,Central,68.41681663089678,0,0.0213,Safe
29.93018683717608,82.05971813547094,18.587050479274748,34.47213334467903,13.071342178184386,77.51898263980031,West,66.72957024031493,0,0.0122,Safe
23.99145727814171,70.07829314428871,123.36511774037196,30.33928028176333,12.950968503615837,77.51100106217251,East,209.26377749105268,1,0.9999,Polluted
33.95225409721914,50.93111635195402,109.4751006734583,81.64795322672524,12.93943526178125,77.48544011227487,West,223.67534950918045,1,1.0,Polluted
26.95024145982755,68.24937463106929,10.570403816300418,52.15543226661632,13.099254123698568,77.67352629960044,Central,51.88501595675329,0,0.0202,Safe
23.46552904304293,49.61370974539584,1.8096973340037024,29.47442836404684,12.948050109221786,77.62527851805503,West,31.779958448912986,0,0.0011,Safe
31.21905906142242,81.51232097633908,60.84539335455036,11.234760128205831,12.853519475578574,77.41917694925759,North,112.85960901502864,1,0.9019,Polluted
22.609192109253776,80.920564473097,79.10988493998153,15.435931093060985,12.953920826859031,77.61440623483048,East,125.39625865973414,1,0.9938,Polluted
28.16908694421477,72.98009298232915,154.7008196945748,51.41074034724068,13.044205020655978,77.55818973993864,Central,284.1384397965069,1,1.0,Polluted
27.94528602013478,70.42491591870525,99.26049112624484,33.040427733395035,13.033058098069484,77.67026036832047,South,173.72232224770048,1,0.9992,Polluted
34.51537339498947,91.4178218730106,41.293284608958416,43.40741597681807,13.03657452953254,77.49388368520451,Central,101.67235526026715,1,0.7544,Polluted
30.84818939727972,64.99529491082338,33.981027772741335,11.22876591388002,13.012407135199371,77.57224859988288,East,42.20416580626771,0,0.0119,Safe
27.84983824752913,47.27188811868798,1.270618217245625,65.24365226170009,12.876265348720008,77.5502265824223,Central,38.064078317397474,0,0.0084,Safe
32.90659779520172,71.7421086924846,12.745525920330769,114.85138725430464,13.058625225752069,77.54686827186829,South,119.200256167529,1,0.9264,Polluted
36.34124529410388,96.2907057430567,27.696283698241253,17.89947071379286,13.06803303961288,77.53683161985516,North,58.613431521082006,0,0.0278,Safe
31.34686183811117,49.77860760221222,44.55976108884904,40.57908239731892,12.858245808985563,77.46168884265968,East,103.33967953471014,0,0.1808,Safe
28.062115719060284,59.57805849959021,36.66393643863654,222.61189525633867,12.839136690965418,77.62671297674773,East,222.29773036838455,1,1.0,Polluted
20.128982605899044,71.2466905715218,61.0768716142065,24.319663702277044,13.092681490576734,77.5354008098218,Central,106.8486891299466,1,0.9021,Polluted
21.609318021547764,64.19142726491391,14.768118551364466,54.238959020037,13.060497189095113,77.68755488250079,West,48.82086515457651,0,0.0237,Safe
26.168651773871996,50.26544629434028,37.45351376561242,5.671545465841375,13.067970844162984,77.47824252815784,West,52.24302517209741,0,0.005,Safe
24.342926787044306,81.82786784345706,4.152207136609434,55.88654686608943,13.06591291538732,77.60482315188811,South,50.7089288365229,0,0.0119,Safe
26.87817218208733,99.80061083025888,24.023919301612978,5.634366995858255,12.962506047210118,77.68221512389174,North,43.821642624389895,0,0.0069,Safe
28.339899549382643,67.94197188535861,62.41220549842523,191.99652526719552,12.99392052099974,77.59903749690483,North,240.08623032364923,1,1.0,Polluted
31.178156526140384,51.43897565396,53.19963432333933,75.4556340560762,12.963608855640093,77.66138187228522,Central,145.68549407370273,1,0.9857,Polluted
27.57700733164545,41.76559212419787,210.22211088830645,93.11538036715888,12.8153619047571,77.6482442879271,Central,389.44266796899547,1,1.0,Polluted
30.91900986295721,68.86963971831771,14.65107103921184,73.06490742000013,13.023650925605832,77.5080353146467,West,78.16923435929002,0,0.0714,Safe
28.386846488860723,81.55816014974387,31.028954417762503,53.45624699732748,12.951599610000764,77.58003718198185,North,90.1447412503977,0,0.2411,Safe
16.147200601876772,72.12751619743072,17.98996217089935,35.86070600901235,12.99431272243707,77.44687840194341,North,76.66970032306055,0,0.0082,Safe
22.36398763708748,64.9639423862172,26.14032292563625,117.27366716123184,12.95079194149266,77.56065776480868,North,131.41934967739385,1,0.9853,Polluted
27.13547466567031,56.160925223160405,87.5052885305941,188.56444573976387,12.947543396696735,77.46912659154431,South,291.6319253165913,1,1.0,Polluted
20.74183154295336,48.617545509228655,51.8703711620618,41.473282914556265,12.85153673284333,77.62312104448574,South,116.44703585185364,1,0.8199,Polluted
31.599572379977225,77.52126989487323,96.33674571463528,160.88599986960628,12.883614114542343,77.55841752656764,Central,270.7323246876869,1,1.0,Polluted
37.18450499406218,78.70657432078379,10.239394327189997,52.52806327961149,12.847655807583187,77.5233682087895,West,41.87868061806096,0,0.0156,Safe
35.312571110183896,41.814053199639005,92.98870606667798,46.381338433094186,12.858699888687603,77.4806391288501,East,170.31585741873627,1,0.9991,Polluted
26.719342774418752,88.84758467271025,2.773014114673101,36.36124923595588,13.091893214126092,77.69960954455239,West,34.01235549580899,0,0.0029,Safe
36.94435682109971,73.61106831341002,98.75796715072316,14.08927032034285,12.84593403373166,77.42151315626549,South,158.3605992183079,1,0.9993,Polluted
28.89200474321267,85.99391967718691,17.959324614426894,0.2235957575569985,12.880781127291565,77.41306820417174,South,40.08419525942731,0,0.0015,Safe
25.977484173291764,44.86808377272328,16.9980582073618,16.58524137970431,12.977176897321575,77.46517722014816,Central,31.430263332798184,0,0.0015,Safe
24.31958401875436,44.51263766876842,32.29296296545196,42.76710548963297,12.983053572870991,77.69132173758835,East,81.18501515663341,0,0.0331,Safe
26.18518188107123,62.76546035349055,127.1241233215161,28.678272593976885,12.84619223892315,77.693771450496,North,218.99244762617457,1,0.9999,Polluted
25.670939088752625,72.54176640342791,2.203227522461133,35.70519933123666,13.038115227735563,77.59647832043164,East,29.0876361454372,0,0.0036,Safe
29.022497334252925,91.94541234390444,19.539949013153155,236.6982510927233,13.035560860373849,77.66403200016192,East,228.40525946024837,1,1.0,Polluted
28.96344388629919,75.59118370722697,87.38649148302451,25.872122142586644,12.871195311261168,77.46418851925225,East,140.90175822384356,1,0.9976,Polluted
28.018276120920486,61.3597808478195,22.69220757950993,36.10883272303074,12.88659989080264,77.69161262825298,Central,47.72770576691218,0,0.0194,Safe
30.6216290184781,49.60446188501162,9.994060271254888,8.59866703845462,13.081396359637848,77.44283545504187,South,19.00581808782045,0,0.0007,Safe
35.143877648718046,83.45000859078725,24.88623105246343,2.948750788543298,13.047701433793844,77.4303375564545,North,38.97797879740196,0,0.0035,Safe
33.69732481264794,50.52941861373928,21.91643061150484,89.60859599782636,13.009339109918756,77.43366346177419,East,106.74253151997868,1,0.8225,Polluted
19.09061218930058,89.42702832158483,111.15056418337488,50.73360677878949,12.82466996645318,77.57193837698178,North,208.69727852785385,1,1.0,Polluted
12.676473190588272,60.73423025590236,64.58440100156686,85.8034420818013,12.925479224270774,77.63429232021542,East,161.43539187243087,1,0.998,Polluted
33.60591946743564,88.85873108926776,31.654394532615644,9.741451766929108,12.967790561623048,77.5100001533624,South,40.1950754187592,0,0.0163,Safe
19.79872780950748,75.18396935088917,200.43972193152223,50.89392576454653,12.856223386395133,77.69336879633585,North,340.1876357827834,1,1.0,Polluted
26.6514075886439,62.94506765836313,28.17033375293739,17.553032200214727,12.934467974632469,77.5303260414355,West,45.90548017060019,0,0.0105,Safe
20.979321843643845,57.2090544226081,2.7001129776428665,15.53104835208721,12.980307763246609,77.44513456523197,South,17.18057000692225,0,0.0007,Safe
17.188117374519884,59.886381839808806,13.688245496667152,0.6955772047639944,12.89821300403462,77.53979002445584,North,10.008904757710395,0,0.0006,Safe
31.24877636922873,71.42475038562856,25.7771700099317,8.379226819758982,13.034283445685146,77.60371114962673,East,49.16123758133045,0,0.0053,Safe
32.554930961815884,66.15734744326575,7.680276744985422,22.20021213435547,13.052134874491642,77.64966773415132,East,45.95970403463712,0,0.0025,Safe
24.540937595639683,56.09282887896942,132.66825213841568,7.457567029769009,12.89708284083022,77.53763048698698,South,197.7087140997328,1,0.9999,Polluted
12.45374624713054,62.51552884523552,65.52308377739328,255.51823970038245,13.051597146347737,77.57808204781476,South,290.04816984466686,1,1.0,Polluted
24.722533310485105,66.17865544578724,14.05652365446805,22.14503841002573,12.831072969830904,77.48020341364766,East,50.24591750656928,0,0.0042,Safe
30.35082403241528,33.06898858377782,40.21030457749471,8.378069352320185,13.051318729586797,77.59377495792165,North,84.68792112400237,0,0.0037,Safe
19.126530587355223,71.87252172183048,57.51696044369751,13.319825986556022,12.845825129500286,77.69579158318511,West,84.47549467840433,0,0.4955,Safe
29.100159518674936,50.3041816292479,127.5730494369386,53.16071216272242,12.82487814575292,77.41471607177634,Central,232.9728182179844,1,1.0,Polluted
27.90814090496203,47.700013951913824,96.02933212503292,3.971178206474405,12.992532621332304,77.66595920121155,South,152.0885061700213,1,0.9968,Polluted
31.47574899760653,39.689834793339344,32.58012641229635,119.01914538396936,12.94158120972659,77.56868475083026,East,141.48293904940678,1,0.9979,Polluted
28.71748221048492,38.091612531981646,67.05504699091018,195.4253223732263,13.07236718012385,77.47562959786869,North,239.4067153118952,1,1.0,Polluted
22.161586354710668,44.668287453315656,37.164011013890175,17.001280602356452,12.908956758827255,77.68646691300277,South,55.617924102164494,0,0.007,Safe
35.17942900998695,54.36468563554264,36.20405093882184,35.88061388273536,12.886145679031287,77.54500629091767,North,70.33263546163352,0,0.0355,Safe
27.04882256183818,94.29888706289852,5.484424678829535,1.3429856332934638,12.95022047184326,77.49950707550202,South,0.0,0,0.0005,Safe
27.836172762940407,57.11180486157194,6.067458863214642,61.41756255728313,12.9367838557306,77.45444928848126,East,59.10375079322288,0,0.0172,Safe
22.400392245560823,67.66625159402047,33.93138455224921,32.0585589940573,12.903328413865156,77.47333566307701,North,87.521222435961,0,0.0356,Safe
25.34030649285094,71.00722079759493,14.091859449617976,18.88745031583176,13.0081223896095,77.64985471247743,East,22.673138070784525,0,0.0037,Safe
22.691183715838594,66.96597779323773,0.95675990387727,13.903600162940396,13.027868550174173,77.58432300279516,North,4.698914046962191,0,0.0008,Safe
26.962323640459463,63.8383480891101,57.74208524458854,63.68299227507457,13.05589519070904,77.67397368584649,South,126.45991532986709,1,0.9726,Polluted
38.270250880854064,47.07059354601133,1.4861700280774182,32.293559622292626,13.091856981413102,77.46959053564734,Central,30.94824222554509,0,0.0009,Safe
19.768593142411863,86.76391322418817,40.704840175036296,11.882131430251034,12.879996857639751,77.43634157215467,Central,62.34372378733792,0,0.046,Safe
18.31863161273955,92.10794965456827,34.86499659384698,70.09879035952238,13.014828044746988,77.40182625929268,West,98.26932134362238,1,0.9343,Polluted
36.82702196496165,39.76011958815971,156.0513666107227,49.9545257760788,12.918277470648723,77.5523586112848,West,258.0700545897309,1,1.0,Polluted
26.744057937088805,49.63957113670431,29.79277468132092,117.4003342587719,13.003124591585332,77.6994920791146,East,152.2065875199632,1,0.9949,Polluted
23.9855635680405,60.802844864344905,2.957133478621204,7.498150829557946,12.942794507104766,77.6084895806456,North,32.32984263438888,0,0.0006,Safe
34.23942812437646,50.53193307634713,36.1019604860552,92.4133524865677,13.09813193083038,77.49251837758955,West,128.92535638862222,1,0.9823,Polluted
24.366306761578816,72.58948330183797,82.77552478789089,67.16260476212278,13.018670640737223,77.66305757490785,South,192.749324221181,1,0.9989,Polluted
38.956058281281614,54.0759169639008,259.2056537870443,7.330799522905132,13.085747390130296,77.63451667979639,Central,389.0040085713827,1,1.0,Polluted
32.067555228035616,97.47584101709904,25.32245213553912,71.21135424792001,13.050490864844356,77.40462454982297,North,94.94379030448071,1,0.7449,Polluted
25.072531551125785,82.85822891515394,17.37458570454954,34.955120117033296,13.070870303349013,77.6450581441623,Central,60.538706632713726,0,0.0111,Safe
40.943849279593024,68.18861045948323,106.71456275086466,174.00873034477536,13.044325759164405,77.49015802717156,North,291.7611540010887,1,1.0,Polluted
24.36571046197997,80.40479394979599,9.55150654525065,9.161898644813869,12.937747739112774,77.44490203937508,West,20.062265154375897,0,0.0013,Safe
32.45257223205584,81.58850636535963,43.003198383599965,61.7731748205979,12.875536536004066,77.46789925192112,West,111.09449243878451,1,0.9601,Polluted
29.795755482438956,56.54078767912635,23.417788850053,28.87407198904872,12.911096052635155,77.54057394131254,East,62.60332658678641,0,0.0099,Safe
35.81044773639279,52.75674133187053,1.8877542336328643,188.5352663051553,12.806070869791986,77.52746037812041,North,154.28047304155967,1,0.9996,Polluted
37.36906718036112,66.17214594454471,19.197900675455568,24.026405854985537,12.9571979502394,77.48666618981227,South,40.74392035121407,0,0.0065,Safe
28.1920248943946,77.92454186746916,13.868808438735256,196.5044088629357,12.951517340081123,77.45166549666212,West,174.9978331402196,1,0.9997,Polluted
23.4794927779229,67.08590597980127,52.13936854808672,139.05330584835824,12.957575139449146,77.62866923689265,East,200.5991333769277,1,0.9993,Polluted
30.7598328576347,41.34505276713504,133.73235774909034,18.91415175404973,13.092209367491618,77.69703293512048,West,221.2184130285375,1,1.0,Polluted
23.933707781487364,52.95763334073737,14.041765382882106,97.63832849946311,13.07343620103645,77.63333747412591,Central,103.79177050334316,1,0.7599,Polluted
40.08032348515974,63.89040704608433,75.08144674177919,325.6263689796319,12.848513833499032,77.48878109030147,West,395.683277895924,1,1.0,Polluted
28.819211986496423,63.86501593511255,2.5628032197163844,17.47434363611436,12.910664756466767,77.47344268842365,North,6.514180076383315,0,0.0013,Safe
25.808070692127348,94.58813265184712,34.76035569160059,34.44479625221044,12.92718685383898,77.46529976281978,East,86.793963902157,0,0.2224,Safe
28.276025164179885,44.21018086401503,3.2923050378654226,44.06074683007218,12.908159875355494,77.44100852234672,North,40.73509230002757,0,0.0022,Safe
19.917242262821823,72.58383862753811,122.3370237395666,20.9675880737634,13.039548789081174,77.56539916490769,South,203.71777084183765,1,0.9999,Polluted
22.17031576893609,87.33669662492434,65.42714207320994,0.922952801993344,12.957211300960276,77.581620111586,South,100.7019008067112,1,0.9224,Polluted
35.20248344766655,99.07174618134194,48.27591423798398,14.917624243020908,12.971629945091488,77.61165079819895,West,77.33291341772913,1,0.6548,Polluted
24.058634326171624,58.93403865224058,78.1507222386699,19.87186853884935,13.055904067696378,77.6040640112801,East,122.77306453183282,1,0.9848,Polluted
21.71853410390836,72.37144179080299,46.92423671786548,35.176036927301,13.041778446024608,77.48769999338502,East,98.525506775662,0,0.3955,Safe
31.21991651516372,73.54640535797971,156.23892187238306,11.259524903521454,12.83966345684609,77.49909330161906,East,235.54425163415976,1,1.0,Polluted
35.11422492797798,67.93222597329937,56.32273995898829,123.93438056534848,13.01417437522509,77.6044543606327,East,179.93556377840648,1,0.9993,Polluted
32.3137198639904,63.51732198141041,116.35765297420116,73.22872338173721,12.930630838670613,77.50483429223509,West,241.10106071926623,1,1.0,Polluted
33.9762861148349,71.53963084250069,32.76052789340339,5.343020332252895,12.88839467091875,77.4637869568858,North,41.14636217138781,0,0.0076,Safe
23.459229468583235,27.01630872170472,5.602636301549963,63.00517833032982,12.815005646270656,77.51230084610903,West,56.890975821641184,0,0.0093,Safe
19.46913599954894,75.23104235093948,33.801880173291394,63.61944922250863,12.946174868103636,77.4816252472734,North,112.14354006785764,1,0.5533,Polluted
37.00800191173292,66.89266855492951,6.105332764347548,187.71629970026123,12.90663100421736,77.42649381636558,Central,154.2592885527022,1,0.9995,Polluted
26.063920966947187,61.66287654832602,40.39642549836714,0.1815266038835062,12.87545391190292,77.649041670683,Central,75.4344117488079,0,0.0085,Safe
26.49500190126972,95.70293293579336,29.642955494586303,17.095747900838436,13.008401518879086,77.65593341674712,North,42.633089916652494,0,0.0295,Safe
35.96916485109435,54.87598971814172,43.84730068199929,157.69183355125062,13.030845616194677,77.46592509005006,West,210.11826326949284,1,0.9997,Polluted
31.33738005640396,58.95386016402454,0.4544006665723009,161.4131315763711,12.873436855708828,77.41943165985757,South,129.9919402861211,1,0.9954,Polluted
30.735326632489645,94.873299533071,9.752169338105848,76.50373361617346,12.814834231003806,77.62164823120536,West,62.54484441621661,0,0.0784,Safe
40.990014069406506,52.51908042725215,30.418049333186172,87.08539357674277,13.05462581016957,77.46345858775904,South,123.62716527256786,1,0.9633,Polluted
24.13889061771914,56.74827075595192,135.2634553481294,5.75649797108731,12.802987922361291,77.51803064683106,West,211.8087325583292,1,1.0,Polluted
33.56704076848742,62.79461864853725,21.77432289096021,43.27747222300306,13.08113374817644,77.41924057567122,East,81.1049399483496,0,0.0251,Safe
28.34207874938251,77.61101723194324,24.853216748444964,15.80536278614199,12.988285962194812,77.46788087542754,East,34.563706046535394,0,0.0075,Safe
29.611553673179543,68.1170376102997,56.43901406262176,11.996247725605674,12.896553990560395,77.63787068349889,Central,83.29435388844288,0,0.4136,Safe
37.17081055847519,45.61061979271607,41.66180389961108,99.73972760755842,12.873943372873022,77.64131893407456,Central,149.98500574287033,1,0.995,Polluted
31.04701453773774,57.01747155309216,15.981392166118358,8.704191700213347,12.802701699279345,77.46212544746632,North,56.43080095420879,0,0.0016,Safe
31.2297764742978,55.88968350181683,23.805783972425857,37.940245319593146,12.870641425103264,77.500774153532,South,71.81335904341694,0,0.0161,Safe
34.435044023858815,63.84168432165431,11.048252542828118,167.39946614874492,12.841318490455144,77.44027152572812,East,157.79281956762213,1,0.9984,Polluted
25.810283622742688,71.38765487944744,152.19117470313137,12.335316858979963,12.983649866216943,77.42225178908548,West,230.54237026973985,1,1.0,Polluted
22.96474199596596,71.27308633831959,6.299617838138221,228.98483695814775,12.849963676578142,77.69765151433452,North,190.8187979531345,1,0.9999,Polluted
21.7311448358738,38.359823689273966,20.92298620923592,309.91101366817,12.958588951260984,77.59667818537345,West,273.1149452761142,1,1.0,Polluted
16.20186046374399,80.95911481341284,1.178039823374712,48.66412943143983,12.97703492670334,77.5626289527595,East,45.72179056465118,0,0.004,Safe
40.33724277964193,68.78853268994935,11.283541450692251,11.190094145888356,12.889412509504076,77.6296495501216,East,35.17264397670554,0,0.0015,Safe
21.3807498056699,85.7679807139086,68.23222051919333,22.797043083657258,12.810519484705615,77.65202314790632,East,122.44313308072012,1,0.988,Polluted
26.67247825848537,71.66297490936007,10.107615229786562,33.15021580902077,12.81117616418426,77.64201443041343,East,49.63598911894558,0,0.0064,Safe
26.339120200666475,81.51984436603644,3.755273719779328,22.20508654123897,12.807904199658177,77.40496183478697,West,23.109528733142263,0,0.0017,Safe
29.844440186854605,71.9981796717519,28.94921983076227,19.763232399216328,13.021737400140964,77.45604236945715,North,72.48096927486743,0,0.014,Safe
32.89442327523578,85.19338634304123,0.4508667139775504,215.0273103945121,12.89540291144429,77.59647159063535,East,164.0826405576476,1,0.9998,Polluted
33.162840930158474,72.83375954026668,3.9859054841620414,9.989124363879002,13.0388900557903,77.5127278043412,Central,28.1295208686357,0,0.0009,Safe
24.501535368586367,63.53127130335644,74.17409431404282,79.3041298726473,12.929519847152855,77.69474479531833,North,167.54301651441642,1,0.9979,Polluted
26.99726971728153,99.08652080670322,66.42460902411383,0.0246224178549757,12.93589943024899,77.59962143779148,Central,99.82048065525107,1,0.9758,Polluted
29.6954797029298,78.33555683419839,111.00323424690878,54.40755931551605,12.953864780752872,77.68696467261877,West,198.0879884063626,1,0.9999,Polluted
26.50785324289872,73.60616631506619,86.74583790294321,148.5756111525527,13.013909436912533,77.46043394449374,East,254.0389299816063,1,1.0,Polluted
37.64407345611996,45.85543375192496,51.72333686004443,20.375088442690323,12.882050859748912,77.65918710843451,North,95.19992672949256,0,0.1119,Safe
30.94584970982951,45.67538573804693,2.418837915536153,12.31276454972946,12.83647620486006,77.49640569174457,East,20.86493246355795,0,0.0004,Safe
32.4092667162989,69.3907322321278,68.72222500631015,63.27798555646632,12.966817200557438,77.69686944247134,East,136.36785518919962,1,0.9946,Polluted
31.977287612004474,67.18281796652361,84.04340211767827,74.81311212019907,12.898093286972822,77.44730660162195,North,187.25414407637757,1,0.9993,Polluted
35.040843144911946,55.78816152487526,72.2186612950645,69.89099478665105,12.932747394100412,77.55490194565151,East,168.2755951703908,1,0.9969,Polluted
29.08612935222224,67.1147404941809,31.961280860728422,23.079503812149863,12.994084012501192,77.63785336015114,East,56.51973176226622,0,0.0227,Safe
20.21900831226492,88.82940392065393,11.931322720655382,17.437375724768586,12.948237722342382,77.52979274418122,South,37.17704402045612,0,0.002,Safe
30.39812771051585,75.43103711825448,83.99075880377393,187.30331342498943,12.986083645130252,77.5404252180563,South,252.85698418351103,1,1.0,Polluted
24.091858637249025,47.88487235370893,58.44960154676674,154.0708295727852,12.963260000634088,77.69590673865173,North,209.6538125684404,1,0.9999,Polluted
24.82829990950146,63.32736759285584,177.7871193538107,36.67375226470663,13.021938911580827,77.52759244509035,North,310.1446405750193,1,1.0,Polluted
31.51818411253056,52.92550278721159,7.615738351354526,112.3237404446818,13.011780985313486,77.58122163017973,East,99.91891288631894,1,0.8101,Polluted
35.42969842860181,59.18450125387158,11.50875648151946,36.124227238577625,12.960256967542586,77.41636189820255,Central,38.97187087534156,0,0.0057,Safe
28.12762946041637,58.79576501555536,10.710048012913312,33.13939350331319,13.003670906257913,77.65266302406309,North,41.93012658916829,0,0.0052,Safe
29.85299807559378,57.83531626093992,70.7767023989693,10.230429573601798,13.062067880681784,77.59445041469387,East,115.3399460302896,1,0.9283,Polluted
38.213289667811424,46.17296942039908,9.31095672427056,33.35001290941315,12.929681386336451,77.52120603085885,Central,49.60998084019141,0,0.0017,Safe
29.44451907693141,63.08517977722715,3.104349584600953,46.25574875626651,12.923828921824638,77.40485086198636,South,42.959993307157305,0,0.0066,Safe
43.61009868508237,56.59088544729035,294.4652603055208,1.3656848501660983,13.029273686255712,77.57750064617805,North,450.4107365102773,1,1.0,Polluted
31.393057873789264,21.05826964996598,1.130865755163371,35.231415126439494,12.9747661511126,77.40379734854525,East,30.801954975514786,0,0.0003,Safe
17.435423445065094,95.79458036752494,81.14805236634736,91.21868648869427,12.821302034066775,77.40036108417272,South,187.2038416560941,1,0.9999,Polluted
32.52004972662719,81.33154481325008,20.461866761413173,68.37469318297939,13.067633604707323,77.5848295686448,West,71.37399536308425,0,0.1323,Safe
30.286950309296667,59.35548912612506,82.92282317307485,60.497287463910055,12.809234930671291,77.45670512020037,South,176.49889687360474,1,0.998,Polluted
35.738516524496475,65.28228574610898,36.39728391879146,144.18108508987964,13.024518906862925,77.45756626491543,East,145.22845198134817,1,0.9987,Polluted
32.03908810761975,47.42518479023657,104.3564354156793,1.0917940633392818,13.027638242811294,77.59598146974983,Central,139.7560699229597,1,0.9987,Polluted
27.16926409609736,90.43584316716296,117.28356825865924,48.85757596487358,13.08593332558458,77.41610915638182,West,201.03106764732823,1,1.0,Polluted
20.654210582263808,93.45933042159668,0.4112920123833407,92.88613451228244,12.816240322520695,77.49402166844237,West,82.07206763678136,0,0.045,Safe
26.74586045628385,67.35040592369786,3.5283256400179064,46.76616103593797,12.979057058235348,77.44482957064261,West,27.80748923877135,0,0.0078,Safe
22.8968772747442,80.35295966278017,12.967222183699638,23.484462411427,12.928352171188116,77.57405291093896,North,42.93977997365408,0,0.0036,Safe
24.516859301171664,67.62930168400885,49.79656248519254,8.788353487884923,12.899189886457863,77.59852954641822,East,71.40575293645253,0,0.0611,Safe
31.531470426523654,44.94911841686104,98.62603612733191,131.1217711752156,12.827095568089725,77.61634075607972,West,251.3716393960725,1,1.0,Polluted
38.01942702610844,58.82264946554514,27.723539141887397,38.17906705434783,12.968796235901394,77.47656936507558,South,71.50252711589556,0,0.0232,Safe
30.36802917893789,66.97891950157936,42.02447683615574,126.28073507458376,12.943712217702384,77.42677492549097,Central,162.4467789662225,1,0.9967,Polluted
20.82470162778889,58.181784218848335,9.399181978329956,52.8919306046611,12.831366337445308,77.42360509708257,East,49.94582059223537,0,0.0113,Safe
30.667616009320845,61.72020083847446,73.55635435002517,67.28684316597426,12.983746852129125,77.52784546453522,South,148.50027262240528,1,0.9961,Polluted
35.17978891987391,63.62900663736328,153.9558110353019,97.858435710663,13.021385936075882,77.68375332271881,North,309.4887924946312,1,1.0,Polluted
24.341302574083706,63.78682253201808,14.07569914372977,64.57974289713934,13.030183490316094,77.46531871027412,West,78.35388444613432,0,0.044,Safe
27.195896999962493,65.78387735746225,30.72835164550949,30.45533611777568,13.071611956478728,77.47702248040247,South,77.24887166480663,0,0.0301,Safe
28.088129168375183,49.09092400405099,4.052328802319171,43.247555124443,12.922841222566634,77.43026664063176,East,41.49442530755888,0,0.003,Safe
23.29061012150656,54.24475776308096,36.855914857128944,97.48696000048632,13.08592183058664,77.58167108216819,South,135.84947233353606,1,0.9875,Polluted
31.889682603063157,45.73123601450046,31.44283276939988,28.070785912005924,13.059628821524806,77.60396186218415,North,61.90979526666828,0,0.0096,Safe
27.27431110835331,79.667233245293,7.01977249284932,29.473288496244777,12.888950471307185,77.59287936244823,Central,38.60298648786106,0,0.0035,Safe
30.517194663442165,33.415295872395134,26.258174331461355,6.0349911215080425,12.84778491120484,77.65833907291344,West,48.34194091583355,0,0.0008,Safe
22.6750469331874,82.30385514975389,18.29802402242537,147.61361624627298,12.930616818838404,77.54592775050783,East,142.55990163532334,1,0.996,Polluted
25.375250198059536,85.79524095894266,33.2005856272254,5.72700816226365,12.92056961238679,77.44033711223013,West,54.86332945499316,0,0.0122,Safe
32.33428814696663,60.46729119526068,39.64746217258622,62.68311204829288,12.97271579159936,77.48682153921133,West,109.34972773944894,1,0.822,Polluted
25.7630010874494,25.95294368259052,0.3839342280937026,31.983709425863243,12.975015869698325,77.59872899202641,West,30.728291981121465,0,0.0003,Safe
38.36178310740043,59.580341570490646,64.40925422815657,31.214124460258944,13.024996095313991,77.58393659212247,South,106.14690394962014,1,0.966,Polluted
25.602182886312384,64.0372375806677,56.17452878505529,68.28208513670519,12.952966984461684,77.55930093892289,South,123.25037490717806,1,0.975,Polluted
29.348108354511314,49.8410267010663,20.527116293591007,4.167032812753663,12.83144679228223,77.6048893256066,Central,19.00622011529749,0,0.0012,Safe
33.59554499123854,57.27172409287636,2.44748421943544,54.04066255772084,13.05748740066593,77.591217255112,North,42.45609404876864,0,0.0072,Safe
19.48980560240181,87.95292798295027,63.27997913351438,88.71294431435554,12.892929374955555,77.66439746683949,East,170.44339890478213,1,0.999,Polluted
17.435147128115347,74.97390743452611,139.72467778203122,105.68991193785791,13.091389238091978,77.57580491324349,South,271.67905549646986,1,1.0,Polluted
18.846062112579432,51.1315382843285,12.358635032171524,11.218128349196553,12.835358032603931,77.63358040761017,West,28.45252117648733,0,0.0008,Safe
35.575504620563095,41.03601245606852,17.588664718902557,136.62618220568586,13.08747535166975,77.47461214678995,North,147.6214459244059,1,0.9978,Polluted
24.68885112464532,60.09474023585344,9.140024168915437,64.05230384497435,12.827303542064756,77.60345477537672,East,67.68338520433466,0,0.0267,Safe
43.34919571400951,61.79814830974343,38.71044462129638,128.15045456660127,12.869310841384118,77.67065823551481,East,140.39711322709948,1,0.9983,Polluted
24.61451440805567,72.44298781044975,7.57039367682379,39.84801652181092,12.813973982625964,77.51571969836995,East,48.44466703266383,0,0.0068,Safe
29.10730781918222,56.97024931148512,19.81609887046612,46.85753420445101,13.0115339439917,77.6337312562016,East,69.6329883986871,0,0.0222,Safe
37.252659715407255,72.67249363042792,53.7329441102964,150.82672751453703,13.055089620971538,77.61743679035864,Central,197.8344306647512,1,0.9999,Polluted
40.036557328954736,94.02731060090343,36.955988305485405,138.10085612486685,12.930221324544794,77.41785785906156,East,167.73243955681832,1,0.9997,Polluted
40.369021459818384,77.23251533666394,21.983129858359767,35.66992274662911,13.078556622512728,77.57445249288723,North,47.55198020059496,0,0.0179,Safe
35.250197383558856,64.27867239003841,24.53209272053827,19.24642733228652,12.97708972152668,77.43905680476024,South,52.7051679274305,0,0.0078,Safe
34.144375154868776,62.25274293420058,37.16053007981809,29.97043855010701,12.989002140633955,77.69019575166918,North,84.50306966428144,0,0.0412,Safe
31.555161695207097,59.64990298730193,0.2646896823034041,29.4382791896369,13.053625760510233,77.6434222508102,West,17.018396197470818,0,0.0016,Safe
32.67016645699982,82.70961368678218,3.679344497209136,20.28522989352685,12.889040061515551,77.43291714037414,Central,17.03894671488793,0,0.0013,Safe
24.6928857020288,55.59029831073046,95.886124984453,18.7660132719208,12.906279716398288,77.43652559929431,Central,153.16574994741805,1,0.9979,Polluted
23.09080669946616,65.67834063499974,3.648546709369033,118.42405372902552,13.071785575758392,77.5783421564738,West,95.45923489015097,1,0.7821,Polluted
27.979753255534288,65.76796852821629,55.21106584928591,4.345333888421069,13.07028904881163,77.50346675225195,North,77.99141957511455,0,0.1316,Safe
26.97889226485043,57.47323710782702,113.67926142734773,67.91981717297455,13.092944832860262,77.41047175772194,North,217.14841153636164,1,0.9999,Polluted
25.28063170403635,44.41301678173849,14.204143252191887,11.38398094062332,13.0705514949325,77.56249245234991,West,35.57430522184267,0,0.0008,Safe
32.17832468474029,69.84461755426503,20.826712027142182,25.341957990232125,12.838211610810008,77.51635352990576,East,34.08669784496437,0,0.0095,Safe
33.73183125142307,64.08494042216924,37.86591836133816,3.8110966903774086,13.047117285841097,77.43032294771153,East,61.67766474069902,0,0.0095,Safe
28.530441317751084,72.50360704154855,96.05732993969004,18.88047789570984,12.92295154343288,77.6405761176768,South,164.331833463008,1,0.9986,Polluted
36.86518048633157,56.99599540341249,128.0558603709376,87.77007108400097,13.09724040678378,77.67452302958364,North,248.77284176374505,1,1.0,Polluted
21.14986531519897,83.31231948219572,60.54278590444763,129.77738498586388,12.94168428929864,77.62697818020425,North,193.87047810918895,1,0.9998,Polluted
26.838043244321693,51.848393281822325,4.077135578628237,15.025269931145486,12.966150824750668,77.6467266930049,West,8.970520888288526,0,0.0007,Safe
23.69906607638317,90.68060426026838,49.77462324513716,37.366673403343846,12.95893247457704,77.46494717017984,West,115.91855288482212,1,0.9133,Polluted
16.80078029756164,38.78545235257607,23.766644585860483,38.12939223757779,12.896521108957485,77.47907188527559,East,64.09717712840111,0,0.0073,Safe
27.503915884943805,71.52155096835337,28.629080480078347,124.0865070315546,12.822506626667876,77.46255826208976,North,156.94400766832962,1,0.9898,Polluted
27.269514949700294,72.13146023789935,2.2678769126902574,86.33085713588912,13.068695369120576,77.62951902940968,North,85.68927503957872,0,0.0408,Safe
37.08069845945279,53.06664398088677,9.541492872450922,43.17898366492249,13.040802743757888,77.68437512368035,Central,51.92871790342812,0,0.0048,Safe
31.784870107328665,71.36590906791518,70.3393422370811,66.65576613909658,12.8418580341679,77.61505116202018,South,180.2607025817231,1,0.9964,Polluted
21.85487905402477,84.19278004640239,27.227740892905217,112.77844009041264,13.03303048140502,77.66444002946388,South,115.31957066854282,1,0.987,Polluted
39.12455539800513,31.74771740968903,16.15735794364698,0.5750844752994136,12.987753999815183,77.59160972846496,East,39.15027689150117,0,0.0002,Safe
35.32620217315212,72.54117211236222,21.80426760705812,30.939238797391,12.922743136375288,77.51629797016764,North,54.777048357886684,0,0.0133,Safe
31.492586220811692,27.600937695048835,86.70999603067797,142.666434722178,12.876206344728669,77.5277284844791,Central,242.9312612137016,1,1.0,Polluted
26.64109540690101,50.51502794715188,62.20342913115277,80.89670028593356,13.057918635050669,77.42259642965023,North,153.4102076522044,1,0.9956,Polluted
22.24336457965912,89.43749547351418,14.30494031457905,46.963490772018766,13.010056477788217,77.40943715857381,West,44.52768767433418,0,0.0163,Safe
25.76675934357368,56.27326949911919,5.624935893150509,45.255992681450216,12.96432197284074,77.60864268125673,East,50.3381631250343,0,0.0059,Safe
34.53249171822512,47.39180053386541,13.06574655881843,25.641490090320424,12.98287056016954,77.53152866760335,South,27.704647969441524,0,0.0018,Safe
39.307517835607655,62.03093406522977,114.08531718868088,44.10325251616308,12.827319854624657,77.56566452041639,North,200.50059310823823,1,0.9999,Polluted
37.259461169633134,96.01859507245328,39.20808097835637,63.91933214059696,12.942175928273356,77.56729837428674,East,104.48026308405954,1,0.9764,Polluted
25.066903469282355,37.52476629190961,34.3104675574619,32.51452819498824,12.858110087835712,77.483212744,South,87.43308940431243,0,0.0159,Safe
21.282295400265934,49.23035132540984,40.82918096618965,75.13794530861706,12.862515103702648,77.54276775324885,North,120.61736183549016,1,0.9749,Polluted
28.845317481467223,87.4614752476944,20.508790893082544,118.49720656449662,12.99839118868606,77.54122806650031,Central,101.12353847106075,1,0.9863,Polluted
17.38936380662289,92.865535153066,74.05288889858949,10.08274562577315,13.073376845550284,77.51652816636836,East,110.15515710553952,1,0.9933,Polluted
29.93900628510869,63.44853163564574,33.33775822122173,36.03922396693207,12.921126983143504,77.64620261502033,North,63.21653999147205,0,0.0484,Safe
28.276025164179885,46.41420946210036,5.586507823396135,31.45695495933561,12.862324781903656,77.53534920110629,South,38.57014652634171,0,0.0015,Safe
25.203780988790548,96.4376525271374,6.218463379845815,69.78229134640559,12.994624081170995,77.5810933573518,South,53.32460511998305,0,0.0324,Safe
18.431781596399222,88.91663587623795,34.63758233749705,17.250322504455273,13.061356113905097,77.66865603611426,Central,59.6982761399577,0,0.0279,Safe
31.081600639418298,75.18420481643349,124.1019801593361,61.34090859109054,13.024495640336747,77.65987008685768,East,252.7290642066051,1,1.0,Polluted
24.803794962028533,52.8139647659387,16.590523465061803,125.97338581520616,13.060627169160975,77.66712666113375,East,132.03225424304875,1,0.9915,Polluted
20.980498985738272,64.26455988742944,91.65139074792704,32.49065839816641,12.96096640130324,77.4810014989395,North,151.82374336003943,1,0.9979,Polluted
10.766426720310104,62.59459878432754,64.99478627455858,145.15771974431752,13.025562873310758,77.41049474649242,South,221.86883933751955,1,0.9999,Polluted
28.276025164179885,69.96276956923367,12.814630879590345,299.1308594702754,12.842019367807682,77.47832003996861,South,251.34831834349583,1,1.0,Polluted
38.63350958001847,86.76502157197004,1.665788409680481,6.729148395443523,12.904482384608958,77.48361220368622,Central,16.107501076635288,0,0.0004,Safe
37.96755528728722,78.19125561706105,4.833681380194354,15.920269530096276,12.916864749344455,77.6728080980175,Central,15.863417927377991,0,0.0012,Safe
25.257422460482367,48.83935884522863,58.669685853947975,180.2013775385328,12.953388723873813,77.5947728198514,East,222.56535595990027,1,1.0,Polluted
24.38672763782932,85.64744675029307,10.022886407467103,190.67509890503015,13.078722908077047,77.42451118788067,South,157.03972333527116,1,0.9995,Polluted
30.81264553645014,69.69698210019733,20.88246740811141,6.168976990284494,13.062288968066651,77.44061357880334,North,39.1351633203503,0,0.0032,Safe
22.009687364870253,75.30598693788374,31.3448085008336,0.9067269210868436,12.840357647686757,77.4467028376626,West,56.87280695125227,0,0.0044,Safe
29.8107513989168,86.99811288917904,58.170962827144194,10.539827811144528,12.85183689556474,77.58912652445068,North,99.41231091902628,1,0.8607,Polluted
32.596481670308144,48.32629625729673,5.40769548452748,331.47971286270456,12.907292164876674,77.6206242076521,Central,268.968906817659,1,1.0,Polluted
35.36159934330585,64.46261631940305,23.467184723133613,11.907028270560282,12.887223159767204,77.65789317316963,North,26.75296201911642,0,0.0046,Safe
27.399075541120283,57.028181729611774,29.86784817711332,41.89532513194896,12.98443128594688,77.68219096524187,South,71.92452439644119,0,0.0387,Safe
26.777957498938203,41.48210861951816,35.024776782025434,113.19760449430466,13.070832814329362,77.46051136721594,East,130.57491498607848,1,0.9975,Polluted
22.732104479460634,70.2006496640738,76.7579446751771,1.2367558881590908,13.088687462501776,77.49293174541722,West,129.8120151558446,1,0.9688,Polluted
23.03871787576084,102.67334827376636,8.475909604810706,55.654598064532166,12.996080885760568,77.47209686422346,East,53.25270428423086,0,0.0261,Safe
26.64112664859084,37.39883383241371,74.22220966383404,19.462875385960192,13.051447760420324,77.50762847023985,West,129.90741590311268,1,0.9824,Polluted
30.204193040897067,64.51579083425794,53.12302239575403,118.97588845905295,12.95756066006924,77.67439953222713,West,171.4286805667793,1,0.998,Polluted
33.4815077573995,74.60814402612161,36.523790993651566,19.999368614684595,12.862498084058013,77.57253377008182,South,75.08203635380303,0,0.034,Safe
23.18092629591793,66.84617302484271,54.10801242324397,69.64631678689332,12.957406523628045,77.62145756919735,South,144.0608122937643,1,0.975,Polluted
36.956131413757134,63.303079212263896,23.89763249206704,67.29191062979785,12.966524780431296,77.54703577083804,Central,112.96452447130343,0,0.1387,Safe
26.37325839374459,45.51175454831264,6.703260810422758,15.022680066829473,13.022737269264066,77.40865737400084,Central,17.513780402914442,0,0.0006,Safe
27.871796233909382,68.49180114410245,49.31602467517416,2.1251469750866736,12.865964896912203,77.41925864579935,West,86.10521093992259,0,0.0439,Safe
23.51672992511306,53.6485403447611,33.4687874464765,31.58169848609308,12.91049311462602,77.56137690938037,Central,78.24771041153566,0,0.0205,Safe
13.454558438362351,32.1511744253217,45.89622398845358,20.48127290910385,12.90920824076437,77.61563671044601,South,79.44811767891747,0,0.0435,Safe
33.304272378166296,82.91888330770595,18.56195467650595,99.32192181308166,13.08783187872235,77.46459915825862,Central,102.23302927790402,1,0.8804,Polluted
32.4210633825546,79.37578729763064,106.81749727647224,96.67563087849676,12.933183488098017,77.6165728721977,West,242.275774917401,1,1.0,Polluted
26.31203465729072,65.7749146527662,39.83416437770205,36.64140425238567,13.026528190189444,77.64319973204506,East,86.0983476389289,0,0.0978,Safe
28.401944303349232,68.43612032308553,4.017203280958516,55.96231678638271,13.025243414412332,77.52356924350863,North,51.84501208667791,0,0.0151,Safe
31.0956353062246,81.11477019073342,26.88663076680052,55.61979755762001,12.879663255440972,77.62392576985323,Central,91.4722400902656,0,0.1486,Safe
28.276025164179885,68.36509485167124,29.88161844271086,105.32269532025848,12.97156090681152,77.52120898509854,South,204.52437675938987,1,0.9686,Polluted
24.825683935922232,78.56026332141971,71.12396411645584,33.203366200123575,13.068290867995596,77.60350518883651,East,133.57348345164152,1,0.99,Polluted
32.76558807773096,60.53776698689225,30.707966364870657,19.331995443427807,12.942559315837086,77.62919911479587,South,50.24581158119813,0,0.0117,Safe
20.474263460984503,84.6797560786092,101.3127177014256,18.475937314322397,13.083535252202765,77.69757798549243,Central,170.72971942823892,1,0.9996,Polluted
29.761347592999776,69.81178588899026,14.01848608145483,46.09711245875819,12.864337468797247,77.50361899861909,West,53.06512572009741,0,0.0186,Safe
19.86050917225957,67.9107791540881,23.78915992631112,35.7773685890492,12.82224773173221,77.5233122341724,North,83.24171510499295,0,0.0159,Safe
30.79857989460116,45.94908366931952,102.98932742373978,34.80205085907226,13.067436161943425,77.44968601782305,North,177.35450225114326,1,0.9995,Polluted
27.786151106215097,69.30433781452564,101.96261365690457,5.733677059626289,13.054304359388665,77.46122191752055,East,157.71483280445386,1,0.9988,Polluted
18.309209104566943,52.52067623758323,52.08515830060947,76.07948565194003,13.097776962780154,77.60801850077952,North,145.2204650694582,1,0.9911,Polluted
34.988436126743025,55.42575910207259,88.14858455015475,14.427812405173084,13.003818046433729,77.67511367704634,West,148.67813417081052,1,0.9952,Polluted
23.592450539211704,52.769365575258185,4.183358804828862,13.160569260590592,13.081006378000144,77.51838148549838,South,30.705418717939796,0,0.0006,Safe
23.138485377913717,49.00647602151162,90.1099479582168,31.93912942480765,13.048084707525232,77.45395333405067,West,167.39106157149382,1,0.9979,Polluted
29.20341518338566,96.87157104525444,17.395853574446623,15.509018874740027,13.053327899936026,77.48552984981491,East,61.93046288606298,0,0.0046,Safe
28.276025164179885,84.97008592982604,29.88161844271086,52.603762389639584,12.97074247113628,77.53651551144245,East,59.836167800659965,0,0.2298,Safe
21.90506908612962,93.80551253216392,12.312361195174043,27.861655334307788,12.914709379375012,77.48719509880962,North,53.74890170075162,0,0.0045,Safe
28.370079099087828,46.65657470666655,24.355382524776655,35.75161617490391,13.080367421762984,77.47007372493657,West,60.44185701749526,0,0.0096,Safe
30.57289900198344,66.06880624866339,13.017270431889202,46.223639831442185,12.929635152684767,77.62079534662713,South,76.25305344182989,0,0.0165,Safe
32.15863364357887,45.59738562193856,17.392388160335358,13.654364930761812,12.9616458101749,77.4023534763722,West,33.53511365911679,0,0.0012,Safe
29.05864933166335,54.56457684204404,6.5250405344733,10.15851251852254,12.933834292137556,77.56176915820095,South,32.77470452985636,0,0.0008,Safe
25.797832965500067,51.22809524875137,15.805261880711244,127.42713531788672,12.96944549418806,77.63813004210893,South,134.5687884045197,1,0.9923,Polluted
23.034458676107683,83.59376009662343,38.21829396521278,34.12038974084559,12.941151523697698,77.47986848589524,West,85.29044732620251,0,0.1634,Safe
28.51686329827825,59.0565548284736,26.241038058692435,31.871252628751364,12.814390267573843,77.58098745318361,Central,79.81527095506192,0,0.0176,Safe
21.56716592808636,81.02569000541024,19.15863998356767,2.175703892654598,13.064614455802309,77.6006700316856,West,30.35863916166776,0,0.0016,Safe
10.471897099032354,74.06181334382777,61.74911848404327,41.34647726420204,12.93331814567473,77.59650740892152,South,139.3847175215795,1,0.9779,Polluted
30.619358824946005,99.55458128157184,100.78667668450407,48.46901646690903,12.976683094552204,77.53375489025962,East,193.73572179153115,1,1.0,Polluted
33.42360904651717,42.80833665290414,63.62220672667137,49.10097790702532,12.841756340827397,77.50397339636274,East,130.94192778535742,1,0.9874,Polluted
13.822405386748969,83.88849859680198,18.156067043418616,73.66134333392411,12.801016354394791,77.65077722190834,North,89.36585528156932,0,0.091,Safe
28.276025164179885,82.19661305601092,61.393794569057206,11.723082688150308,12.873587028093093,77.62753378709996,East,101.81019430297845,1,0.9118,Polluted
31.714925566031187,50.39931742959448,7.418307318268748,17.439039198313534,13.011375809640006,77.49637655202417,Central,20.653526174531542,0,0.0009,Safe
40.34497281827019,80.10700004709739,6.2832436964739,99.87499019756643,12.829758359033864,77.43090575833267,South,91.65471590387436,0,0.2968,Safe
28.12476224605245,70.04217444539343,19.083501464013946,176.44126463280128,13.07266623211594,77.42154226363364,West,173.81513095400467,1,0.9991,Polluted
23.631982352625197,61.587856100698886,74.19199256933248,8.766280470727484,12.864506770806855,77.42828279336969,West,93.75566416238722,1,0.9572,Polluted
26.90262135337096,52.64096769542,12.72711978163828,41.30743825516227,12.861378084287534,77.57486080835761,Central,57.150266130942825,0,0.007,Safe
36.24925851488911,54.21335822826221,2.9404116173164123,14.461365109512464,12.854452388486449,77.4154986527487,East,23.39075748050204,0,0.0006,Safe
24.124214925252787,95.74718143678888,6.355304254852864,3.717194725391258,12.80419451389141,77.50107806248921,South,27.02316958656129,0,0.0006,Safe
23.20484796009848,65.01024228436223,88.07347298522157,23.62731314307477,13.03154164054347,77.62595991057427,East,138.6520537660833,1,0.9957,Polluted
25.103538866907805,76.73195002297189,45.2038501186542,9.307202733521398,13.062510359373578,77.48830444995461,North,65.07649770592792,0,0.0566,Safe
22.28002835044773,53.13650927498671,13.138174130507698,74.25861608197778,12.98424881078486,77.62899242315405,East,81.2068857043522,0,0.0584,Safe
28.276025164179885,53.30220580667542,29.88161844271086,45.778834640545774,12.85645999450396,77.62364011146212,North,84.1921628145797,0,0.041,Safe
37.74807075081736,81.22977213874913,33.744872669300406,9.317492791416802,12.885583399082265,77.47374813978998,West,46.173715789042895,0,0.0162,Safe
29.938475638696172,44.75635682672701,47.94639150263249,0.5570734091677426,12.942778009209489,77.61864665402783,South,68.23118962749874,0,0.0076,Safe
26.485878987242277,58.77179348142093,11.948086683087972,99.06469232021678,13.08630378548699,77.62433299148164,North,93.57568284377658,1,0.6205,Polluted
26.249132386506737,65.51041116608349,89.91305699290668,11.62924240316769,12.874205411545324,77.51923617770011,East,134.01648316394864,1,0.995,Polluted
18.62085514782006,66.67058902760078,16.656703759996798,55.91726245567155,13.019493771175966,77.46312614512246,East,59.49566092272858,0,0.0267,Safe
33.29865866288296,62.313600724757656,53.307023011321625,24.65175105400741,12.931834466987876,77.55638124206756,West,98.4687474920934,0,0.4294,Safe
27.53297681792319,70.93729671643885,0.7315228393244347,52.83890283186891,12.889354204508006,77.67641927640007,Central,28.88213059958577,0,0.0092,Safe
26.917120518456247,75.39283633726717,20.98179204924956,22.757465773962547,12.936774781106635,77.59188501972962,Central,35.03148190286946,0,0.0083,Safe
47.158645407069166,76.01956318188995,19.50375919840544,5.457192119615495,12.82136201526237,77.45187674928819,East,34.33648100975509,0,0.0021,Safe
29.79251745019412,50.2129428699826,35.28596110888783,15.135035498018842,13.039606211279107,77.60482707742005,Central,80.09340179762661,0,0.0077,Safe
23.489253699428893,60.73767353106804,3.398276098286108,12.499624057646225,12.87299057839489,77.52816090818456,South,22.42752674233529,0,0.0008,Safe
25.44185442276674,82.92144292815406,70.25730899396254,33.519007266667565,13.017623636957891,77.57745863920661,Central,144.4273557095327,1,0.9923,Polluted
34.89067425518053,78.41970781360808,11.052912288140112,64.42647974844931,12.82050451143446,77.62021921050693,South,50.06994957961881,0,0.0333,Safe
28.679622463226583,44.40710822778404,50.85990164480765,18.37570258992835,13.086529566849704,77.55448420545434,East,76.90440688922652,0,0.0648,Safe
19.3703321300958,70.27219850528303,73.15330041501853,0.7286021074110125,12.85790449562171,77.644195192372,East,110.41933414185384,1,0.9331,Polluted
33.515373607451224,35.326621259377845,37.136496880521385,43.905467851827055,13.064822622862124,77.61664667379499,East,99.19133995847258,0,0.0764,Safe
23.99113548676604,65.70402353090554,60.771437083251705,55.84764736941869,13.04284196288463,77.58452200200556,West,142.21571224537948,1,0.9747,Polluted
39.23978665730528,93.46650525118966,48.793328613194966,197.6005989321501,13.090357977224423,77.44523784474971,Central,217.82882070970717,1,1.0,Polluted
34.48028839428789,50.78160924096521,19.76970107907371,53.41849364335965,12.943367198283726,77.65078473327347,North,83.74641678306288,0,0.0227,Safe
25.316068626047493,52.48515431762627,74.46336712816087,38.2255859724544,13.018219188153786,77.68077167559595,North,141.46203235109294,1,0.9887,Polluted
35.68609817041067,76.4604467235929,15.711028966954354,51.11473705472447,12.911213197111335,77.44108953714279,East,72.23561041783631,0,0.0245,Safe
28.40713306316442,41.85797727185531,38.10576577647033,157.7825982407902,12.85531047140591,77.54647233883003,Central,177.33395168203944,1,0.9998,Polluted
33.11664205073332,55.50867455172441,61.56237207857275,105.74770460422076,12.932922779880036,77.47766662259116,South,161.50434492803447,1,0.9984,Polluted
30.90839690376685,73.9466170637263,21.435894039479937,23.40315561067556,12.849724704616538,77.62635699222767,North,59.33481709502564,0,0.0088,Safe
22.92186007005476,55.48571228465895,16.228642758326334,16.24984058130197,13.094613386835915,77.61648889080142,East,42.03930546053432,0,0.0022,Safe
24.13870100609523,61.46045019183543,27.673910096936808,18.28022258947406,12.828873947342217,77.44226553617112,North,43.67879972112135,0,0.0086,Safe
34.17976490548697,76.16278565472552,76.6596614183894,42.1217149887168,12.976763517035788,77.66310818137849,North,142.00513694664198,1,0.9963,Polluted
25.99134800736076,71.32319125304842,119.61643462706316,81.76626132142285,12.987939156576218,77.45429191919341,North,251.698532258875,1,1.0,Polluted
25.57810922054802,69.00227594443103,35.44385408118243,41.9763846547025,12.961423862862215,77.63917770769443,East,88.80724492659972,0,0.0907,Safe
22.26926452390388,59.91316581094942,48.74091097728677,4.212241724605927,12.99865576571355,77.53709410788841,East,81.49808155871634,0,0.0176,Safe
30.541594393560764,70.55091672903433,105.1141110476265,77.15018188676662,12.834854232503568,77.49848168806746,West,214.14777818877903,1,0.9999,Polluted
40.37514951545887,63.14400979850365,4.668624368876564,98.384589350938,12.966505557261588,77.44747177880227,West,99.94187718508104,0,0.1708,Safe
21.594802514474363,71.86708414888678,11.883053969950351,20.50699960151329,12.88616377133821,77.45028427684399,West,33.11867613449234,0,0.0028,Safe
28.14531674003655,57.54601962323033,55.53398023678264,65.4611047869492,13.082052818990316,77.59856716641028,North,111.9952770543581,1,0.9717,Polluted
36.473323332492576,62.26146538430688,78.11191872041519,33.36945607242438,13.028621496031915,77.56512911638414,Central,144.93283233744648,1,0.9929,Polluted
27.52215165252571,50.15063311171979,87.53011490912827,131.95805598110937,13.091754344647924,77.43662562649537,East,242.9110444202753,1,1.0,Polluted
30.714230777498404,64.47488584990646,24.13469955753005,111.94718615131715,12.811266820922055,77.4338093581315,West,128.7305653223646,1,0.9716,Polluted
21.62563883111872,52.83498704556733,4.21135021515722,44.721021533516165,12.885539952554211,77.42169317243184,Central,37.8274815040142,0,0.0036,Safe
30.56984258324589,48.2893032475701,25.91391034060579,70.56308475021648,12.858626775991503,77.62313020421206,West,75.78414659547121,0,0.3554,Safe
28.276025164179885,68.87991721783082,11.804365473777176,128.9144830490493,12.80334637619355,77.61356462556878,West,114.3384066297657,1,0.9725,Polluted
33.914379974079175,68.1910966378649,15.487959522967872,41.07706083277263,12.872697719073896,77.41752929725638,Central,50.53807656682049,0,0.0141,Safe
35.124316309388504,76.74310602422858,66.58127253059955,22.547161935495534,13.003632795056127,77.5680810226791,West,111.31772833734962,1,0.981,Polluted
43.53738185211168,58.53311645637351,3.5339186974982564,84.06405001163118,12.869326676640371,77.42540284657281,North,78.67175459962829,0,0.033,Safe
31.477799039281454,71.12079270255134,79.10230407116218,14.912778296276064,12.952701033644786,77.67112373118269,North,127.24944830975596,1,0.9905,Polluted
29.954777899493,73.26196358410495,25.111707011768143,29.513475732131504,13.0663454344895,77.67213522575405,North,75.09509215904836,0,0.0176,Safe
29.166305809464017,71.67160711747393,40.79243964787191,120.4729202378772,13.008127376104722,77.60946989694395,South,155.3113982151654,1,0.9959,Polluted
28.276025164179885,52.61519475796787,29.88161844271086,77.33314821671632,12.91838872097181,77.67785667643184,West,80.36554021219739,1,0.8376,Polluted
30.030903060770147,67.24045223406783,18.5184914322686,31.031853413676743,12.911740681673631,77.64343590912411,South,54.74786987368167,0,0.0114,Safe
26.22759153916582,70.46210444081991,4.229193287025047,14.50476837096442,12.936720744202546,77.64856157277812,East,20.585723580608125,0,0.0013,Safe
29.010765857617685,65.10767700361913,146.62050040294235,26.400448291419234,12.853112432317973,77.57091235517099,Central,234.2224603158912,1,1.0,Polluted
35.905585213647754,33.70283512443373,74.08897676349262,20.053234944998813,12.990200230224795,77.49181775946485,East,113.66971551664793,1,0.9848,Polluted
21.960744608322152,67.4073443596022,27.69778287231425,11.621586845946316,12.909245845731382,77.46533973453494,South,50.110676243127685,0,0.006,Safe
34.83927136677427,98.18796559095864,11.389081946537416,81.59852504072244,13.055709604778611,77.49816000661168,North,99.2309098049057,0,0.2067,Safe
35.90269040403919,59.59941096864526,121.944530253561,17.4267442194325,13.026965798017343,77.58854862902672,West,192.2712199418007,1,0.9999,Polluted
27.291588838053528,54.07884353217018,19.01269568427912,36.32658433230012,12.983153949227647,77.45179696074972,West,51.40660696858423,0,0.0097,Safe
15.268870605948432,70.60022839567097,7.898670760110671,29.25188778504537,12.909260666794856,77.47759207099121,North,33.53031807263152,0,0.0023,Safe
24.35306807743341,69.68567315699858,37.26892483244706,241.3014960383779,12.862979549502048,77.54041825883864,West,266.62646351980106,1,1.0,Polluted
35.781967279366654,82.89102748124621,129.52701611960902,29.76530945810333,13.032845559231689,77.46991502955738,Central,225.972141403172,1,1.0,Polluted
27.862791626206707,46.13197766136668,0.1726940181831395,5.001754120920474,12.945922729697326,77.57659310091482,Central,16.40307358608937,0,0.0002,Safe
22.004186606230533,75.97070378862489,12.238765785425654,5.647153026678674,12.867425011453207,77.6769528085369,Central,3.0724791519601773,0,0.0012,Safe
28.276025164179885,73.85633091877196,125.45401909246364,53.60628935261119,12.858552384512002,77.62442680971094,East,222.81975462889545,1,1.0,Polluted
33.04372015902732,62.867801945891806,8.443747291041905,54.88205254266957,12.849620271350409,77.59992798424467,North,48.671921197880486,0,0.0167,Safe
31.280401409208277,70.08030976882534,5.408316030649345,32.55538738183408,13.03314835886168,77.57481644279514,Central,45.517659148803794,0,0.004,Safe
26.566407404981835,80.44186222397536,37.9982497807481,33.92152251163194,12.868696155590094,77.54638437277713,South,90.73339295709434,0,0.1427,Safe
25.799053529111877,78.08473070042676,89.07167333146663,3.3264868184169467,12.95799267905756,77.45596915789041,Central,146.8276081780274,1,0.9966,Polluted
25.649451105737068,47.85471031889407,29.177271604601177,43.60800983619937,12.935463908291917,77.66841313662806,East,59.896435282785,0,0.0263,Safe
22.465538893008983,77.30237280133227,234.66415514325857,42.16028055025768,12.973883269768486,77.47456080060385,South,396.8278371967223,1,1.0,Polluted
37.69225413681665,64.02967092451222,51.158213481735615,9.71933139293092,13.063146470111358,77.42739266327345,North,91.10604923332194,0,0.1039,Safe
26.06607718473196,66.09311147023273,3.463287341571752,6.578137529947246,13.06032421702452,77.62500455376862,North,1.2165025659735722,0,0.0008,Safe
35.302951124952976,66.09795486502541,222.2166138430297,7.914076959667953,12.93532282154746,77.45268466029935,Central,337.68693006748714,1,1.0,Polluted
37.12789631153471,62.7463551680261,23.58315026853103,6.390219894325253,12.804609875220418,77.51156879986236,South,31.551039541135083,0,0.003,Safe
33.989865388887765,82.87561245660598,15.24773617164128,56.45163618363048,12.927933141714291,77.4084854784873,South,67.06682605826755,0,0.0344,Safe
25.41027812369171,63.74423060226182,36.72774422701077,13.125390239862258,12.981858061227245,77.44112038276214,Central,70.0854834520195,0,0.0148,Safe
30.422380542019656,48.20680807425247,16.328144637195376,17.375445745524125,12.96732942772942,77.45196108922798,Central,52.43476923372122,0,0.0017,Safe
27.854826361654503,59.09705216045407,4.069142445754489,11.43855925682497,12.995400831740062,77.41632303832506,West,5.860367540402073,0,0.0009,Safe
22.57778883561923,67.68042075215713,0.0643213860095586,189.9703203833756,12.846222719741926,77.59699708698686,West,147.38057590369226,1,0.9992,Polluted
29.94615569032962,83.43822176445576,26.868588632970823,115.70320951822514,12.99396052963422,77.65110233874094,Central,121.83615835122892,1,0.9904,Polluted
20.925761253041184,74.0464202742325,81.59253878554361,15.72045699785216,12.854795485623132,77.51199462190979,East,142.63080778973173,1,0.9931,Polluted
35.12607633076938,52.24197081879434,38.221594636977976,23.81110504129014,13.025157194209024,77.66237294301547,West,60.62546091105508,0,0.0172,Safe
25.21229621620964,102.27784875018338,321.30289733673385,14.135202004068017,12.901726283978803,77.46400397236805,Central,495.0326462324657,1,1.0,Polluted
29.206957935237035,68.97162966466969,15.21264593030252,40.6217812151777,13.012968630014436,77.49761712706838,South,43.05851397207905,0,0.0152,Safe
29.699727229276853,84.13086106998523,14.811133553052082,1.188322225420845,12.814359679671831,77.44522109790935,West,23.62547745892749,0,0.0012,Safe
26.446570157775536,62.72428349634156,7.832482649535476,66.76900334137852,12.922358007677277,77.5861677586257,East,76.72304390684835,0,0.0294,Safe
31.520162808851648,73.00038867058174,8.064122908890555,44.43422364296128,13.011510356679,77.5259608772611,North,42.53093563645798,0,0.0095,Safe
25.15057806026485,77.59202756777607,15.108018470471247,137.34397018989682,12.868061154899449,77.58398500405258,South,134.7459042656182,1,0.9889,Polluted
33.227783784743465,83.27292067631384,70.84188251866075,10.775789660743628,13.038586113439166,77.62850247161826,East,105.95179339995448,1,0.9866,Polluted
19.92412191851951,80.86052458067337,106.28444269992444,97.81188918043932,12.98923391993148,77.5637109048099,East,236.5518671898913,1,1.0,Polluted
28.758277477278472,78.08295500109466,166.1567550945762,94.20178718371376,12.97626853164494,77.58828910647054,East,309.0175664571412,1,1.0,Polluted
39.63357399434971,60.27369903208837,11.895424683581656,8.16163754815342,12.906064656261302,77.6805750943183,South,31.449606131866155,0,0.0011,Safe
21.99801205236655,56.42380937065908,95.90108851625293,30.505632550198417,12.944735441114336,77.48971929288265,East,164.1014983087355,1,0.9986,Polluted
23.93353017685089,69.98911265486296,17.90444734484011,11.19081000584905,12.979204790293355,77.50774918159019,North,33.721028537472684,0,0.003,Safe
31.08344709795349,78.99692108511604,5.3878744530271945,17.63975782734652,12.941738634174468,77.6153110085128,West,22.88565797377106,0,0.0015,Safe
29.07749069163759,61.6591894883509,91.81856617562345,18.33008792564479,13.009493997182169,77.58339165511661,South,132.72447715011057,1,0.9963,Polluted
30.103780595641357,80.9775794857158,45.49012463375645,48.74779663873139,12.930109079932087,77.45355987136192,East,100.31109959386391,1,0.893,Polluted
30.93512278088598,86.78925118229269,8.100059665946873,31.80162094998542,12.86068195452261,77.51284419300315,Central,38.943793671442016,0,0.0037,Safe
31.808328811370615,51.2551862138987,25.28203151311652,177.08317994129033,12.864180134840314,77.54035140393742,West,177.9903939213516,1,0.9998,Polluted
34.65819905173734,52.4461894430558,15.238590627915572,8.105909784080472,12.801741130652884,77.52581695139052,South,51.11606862707072,0,0.001,Safe
30.458911941571078,62.894374116419954,60.06691998649488,218.27323976285803,12.890287314667605,77.45348244249662,Central,277.3061480005695,1,1.0,Polluted
26.552454072288747,69.61419002283795,27.18304648724593,15.731670669296584,13.024675292143556,77.67732902753528,Central,54.7558565140561,0,0.0098,Safe
32.03544220721639,57.13149479349424,204.1037551205796,88.93500415877965,13.038248812651284,77.6286956285082,East,367.07864469061536,1,1.0,Polluted
39.39929160937129,85.28304018300716,2.5335237533089354,24.83735656177036,12.860740262628726,77.54440674963236,South,18.720826724196925,0,0.0014,Safe
27.20419752170456,71.36100292277676,19.733788390264003,9.264740522681812,13.087713199061422,77.60401830849206,East,43.59382393045463,0,0.0036,Safe
22.15282417197615,65.5917057236111,29.59142974673909,117.06888840801147,12.950720838044038,77.66918480164065,North,138.80846669669285,1,0.988,Polluted
34.642484015721834,43.46135714197209,31.474530487138203,22.16485031448809,13.07509362470555,77.44085224270847,Central,77.70471780215667,0,0.0057,Safe
27.27771301627841,45.2627627535874,17.086659247776296,64.52693142302782,13.012029584558489,77.4751119152121,North,77.93856803732687,0,0.0441,Safe
14.963982723915784,69.2151387542271,58.79355207012567,50.144015020249576,13.016730026906725,77.56281037417699,East,129.4638815309342,1,0.9731,Polluted
33.08453006290253,33.01106560767745,93.48390782696887,38.29185399035703,12.825513086391824,77.63970311140571,West,187.10146656686325,1,0.9993,Polluted
24.788030884276463,80.18956114466107,125.65306633113026,41.089253151347705,12.86599733806908,77.41087646863247,Central,210.3853613704433,1,1.0,Polluted
27.45680030617504,62.6276923344152,73.58556107197928,79.05938591372193,12.802644449988344,77.69520544505892,West,190.96442577312945,1,0.9975,Polluted
29.99188198341409,113.646394543921,85.54479601133481,5.511979333854894,13.014838292143022,77.53647198086472,South,140.42310561455753,1,0.9997,Polluted
29.1429980786744,99.61874375924164,35.987409457710605,66.1898772419771,12.903331486528554,77.50776934218652,Central,139.28771801100044,1,0.9623,Polluted
32.25671090283424,62.27826396128725,78.66260141156631,135.6935575601976,13.035995754822904,77.48781733135193,North,219.5344244588034,1,0.9999,Polluted
25.38708177658094,63.40494496203028,16.276189425205548,3.5715111450854544,12.901680865981108,77.45230701229526,West,43.56553075497904,0,0.0017,Safe
31.078634789056498,79.93372271003045,22.87320461894773,9.094972514025116,13.045800125689658,77.63747217267901,South,42.92450369629963,0,0.004,Safe
26.4427199344965,90.54758914877056,17.150988084460735,75.66051895991876,12.839209476124497,77.68662424942383,Central,84.39905528860126,0,0.2107,Safe
32.432862885325015,40.42956413845975,28.3482372219354,34.49856235966904,12.852011947027252,77.52409342645362,South,73.17022808864951,0,0.0092,Safe
31.69220490407832,38.204368019679706,15.132767270679926,31.005453055904763,12.90226296187518,77.68572620842605,North,48.75566081186425,0,0.002,Safe
22.38736778773243,55.66947791668428,146.69981276256715,8.838115588351961,12.92254621666468,77.64713928463051,Central,219.331052101632,1,1.0,Polluted
34.51589269705019,73.74106374760797,16.88376834998694,42.40678589067562,12.904610843252891,77.5443153382429,South,57.934702565999714,0,0.0167,Safe
24.78421932931571,72.45310385761395,4.643556174077711,8.1179414341989,13.029094109756963,77.60220785373784,East,16.530754255201117,0,0.0009,Safe
32.84834678968687,81.04657182475775,33.672304082625445,38.84690238975354,12.829085417788017,77.53049525375114,Central,77.33442187992374,0,0.1191,Safe
30.203723880408045,47.00453707452038,2.645733111694988,86.53768271785556,12.905365105891546,77.56761702246376,Central,78.60316071485221,0,0.0326,Safe
39.02910206077074,30.257842055466853,5.2714935804353855,17.925742606357,13.051171999854638,77.41741390110556,Central,19.28941030708994,0,0.0002,Safe
26.65920410576889,77.87021292953219,11.145547403537064,39.32636839842851,12.820039123178653,77.60887904259016,Central,52.76286880908655,0,0.0089,Safe
25.90409922329081,52.57705590552148,28.09236522493456,289.81871441511936,13.082703052301406,77.41584739334525,East,277.37068069180566,1,1.0,Polluted
27.883482364673604,34.72268203417043,25.55273855723239,69.6261512022244,13.095895052681604,77.6451254840759,North,98.54335245474316,0,0.4551,Safe
26.18092130299435,67.17595618939072,72.35542836419496,110.46584655841956,12.826570452147523,77.64748407883818,East,183.41868137094608,1,0.9995,Polluted
32.7996514116523,76.89763532328016,60.52748060574869,32.15297784414166,12.88738175667672,77.47112318626687,East,127.4844312711558,1,0.9703,Polluted
18.302136349380472,63.16914301818084,25.00562500257315,87.62511705843934,12.911720199810608,77.49709883431075,South,98.9481452024813,1,0.8386,Polluted
21.67790548512188,58.13227420726266,18.27097084215852,2.481151422391411,13.032917410595818,77.5443931135675,West,27.53284344974895,0,0.0012,Safe
21.59318247052484,62.6095665178114,17.12173289125443,7.868821053340619,12.97877804363502,77.57899887207975,West,25.51925197583364,0,0.0018,Safe
33.70184555184146,59.44125856398826,66.92393440390418,13.619350644883252,12.99330971014777,77.4862060985226,South,111.99486682187408,1,0.9087,Polluted
38.26368023549155,44.77929332089749,2.406472088156596,30.845048078571903,13.027252946845552,77.57774592138958,East,27.174512860022528,0,0.0008,Safe
28.276025164179885,54.279789845143526,29.88161844271086,112.14884478150626,12.835393699831108,77.48933612196879,South,97.10206444017574,1,0.9891,Polluted
26.987069660859937,72.81919857520722,71.43319811247729,25.503288946732205,13.049962837073078,77.41664721632132,Central,127.99125869621112,1,0.9823,Polluted
28.42031297867909,69.82517812064751,29.18041792642737,63.78680846942764,13.011685941254044,77.40075826494957,South,90.88322188357654,0,0.231,Safe
34.971269815649144,67.5208970895023,6.31239225750492,74.13075878141805,12.973202517558912,77.43034531737554,South,50.79911341252436,0,0.0308,Safe
22.43588119485656,50.07277277219931,12.087877622144289,52.93979226024743,13.066920600434916,77.63767521004921,Central,69.32688489941086,0,0.0112,Safe
29.43021389640871,62.27745256796499,121.3058811250927,26.519216212438423,13.010091906165142,77.688429393715,West,208.34955642954708,1,0.9999,Polluted
33.85118577869458,32.34402430335718,88.31560361658785,51.63055267375597,12.860509988789309,77.52808985978437,Central,183.0290894151045,1,0.9994,Polluted
31.006565019639076,67.67714995828085,55.67100409957425,25.137243935911396,12.9289236143227,77.55380518603499,North,101.76236583124354,1,0.7551,Polluted
29.13748969959246,86.4328656172035,29.619672249595755,5.256065027900847,12.94821286008072,77.44405445072204,South,52.203689618846376,0,0.0078,Safe
34.00627655540285,42.88801801936842,33.05896306657208,296.0536158896465,12.816565288025124,77.56530940580406,South,279.89741653227384,1,1.0,Polluted
11.780606242004575,56.21108490023367,166.44190579792595,8.161724467673775,13.086391254008015,77.4433964706021,West,248.7442052861753,1,1.0,Polluted
32.067251917185445,69.93660168065195,151.85996073997532,4.505941817862637,12.838573178239065,77.58336429935966,East,228.55867845896492,1,1.0,Polluted
24.075545901235454,83.79263951641225,10.908645904413545,126.48564768755652,13.009238380168018,77.67997760027426,Central,126.7695562288568,1,0.9646,Polluted
17.016202618861257,58.27663075549776,74.99527550561095,21.557959725523645,12.951869310827265,77.45870956179091,East,126.99154030056246,1,0.9837,Polluted
31.06721559714988,54.616245061011554,9.886626457543212,63.04025892175139,12.807689674965328,77.62936911541713,North,64.72128756064113,0,0.0216,Safe
36.24195127097775,35.46615286375875,10.80945940917274,23.93968086220965,13.077424242759308,77.4070507268455,Central,37.79038202232514,0,0.0007,Safe
27.17530891223385,66.5515719396216,50.728452610786455,29.8009931202422,13.05555104264568,77.5126491723965,North,100.18690039427736,0,0.4466,Safe
33.71724728321763,95.63114060215617,23.363807391172774,18.237872682776207,12.95727737837115,77.43322455234916,North,59.77938159921334,0,0.0128,Safe
28.276025164179885,69.16037692947013,120.67065102892067,25.208294558329012,12.868682700841834,77.50574263247871,North,193.69192966916685,1,0.9999,Polluted
35.889486721504284,64.6658153122443,4.195038047597946,31.72923401431476,12.836486867204028,77.45206107589166,Central,32.67337262430046,0,0.0028,Safe
37.83978717622836,69.83123466150478,32.24107339828737,76.46716451952054,12.909017743829638,77.51199149703687,Central,114.27761944872069,1,0.8819,Polluted
32.45276494643135,64.83361994077097,112.83374118836156,42.98939417061966,12.876628484313828,77.52525684183226,West,187.21933311127816,1,0.9999,Polluted
28.45260183340956,52.80478441609805,105.5066288526345,172.48017560970425,12.95200736030189,77.49017733683428,South,298.9045781304385,1,1.0,Polluted
18.38820512861699,77.34919873516557,7.660350502434605,2.566959536953839,13.089922788837027,77.59698658484194,East,26.96433592833963,0,0.0006,Safe
26.52362507122031,68.38642284667631,20.552070008330997,41.958163945197015,12.972486047968893,77.67565561537768,East,60.8897280820688,0,0.0251,Safe
22.94052042810285,65.26419877900486,43.4373565465626,52.656631352117984,13.066979316767029,77.52017861223159,North,96.43092329318247,1,0.7312,Polluted
41.02565630498688,50.369509590826254,7.813497204826223,151.69164040480663,12.995263651248733,77.45770294694252,Central,137.7438911065693,1,0.9977,Polluted
26.94468512540598,84.55261897902139,154.92206217426994,3.024475310190076,12.94257395797616,77.4812168274588,Central,236.5975462765921,1,1.0,Polluted
28.739228840706915,74.97054117999664,110.79716799092265,51.12851633175826,13.05638226882001,77.65620024704891,North,222.32303230442463,1,0.9999,Polluted
31.30891225624281,56.70618743949047,8.219782328468234,115.29702769135952,12.9414104330519,77.57149191698105,South,108.94397517877762,1,0.8702,Polluted
28.26161467823472,80.02737280522906,5.811626629873238,16.61859314374343,13.060588451153109,77.5365033096921,East,12.576843494975105,0,0.0015,Safe
38.17030624258452,57.53643742422189,4.017498420802197,125.39004878370515,12.88747303087273,77.44489101645269,West,96.45080462487758,1,0.9349,Polluted
24.26410382959329,53.26994761233445,108.0802406301406,1.1536242252358502,12.838643922128895,77.53491819249714,South,171.64145122194458,1,0.9991,Polluted
29.167644731423454,53.604453237795695,9.684220866163765,79.10796697879907,13.056594339308882,77.48354760100722,Central,81.38182313586813,0,0.0494,Safe
23.54517648581171,38.43397170367864,24.22540379496109,162.28523743307227,12.9762245491378,77.682948938356,North,165.58410128343286,1,0.9998,Polluted
20.079864932675765,72.07313570627309,26.808783857938,64.23607625570402,13.066727719474688,77.66522103282472,East,93.3259188361758,0,0.141,Safe
24.32938545456829,37.53282682492475,41.12196271805549,34.68519018753373,13.081348162097717,77.42517076254846,North,93.85045510691894,0,0.0624,Safe
27.77777921770953,46.573342531013566,3.349727861737944,2.7551613708709684,12.816088517111435,77.55499604677837,Central,10.956920147745455,0,0.0002,Safe
25.42418665289644,33.866179863822,11.572380534162772,151.6291394275193,12.95029079055766,77.4675175036544,North,123.60711091602818,1,0.9994,Polluted
23.845474120756865,63.7089546081366,120.63515429746266,38.12624036541714,12.91248936472236,77.52323312685729,East,223.62069389023551,1,0.9999,Polluted
28.276025164179885,62.74519309592192,107.56954596375168,1.7655274679001778,12.987757519121034,77.66305439947544,North,175.6028482498006,1,0.999,Polluted
27.50136656422783,60.09955680220454,68.40052144749959,70.23635752503242,13.038077359160695,77.55825435596657,East,176.89115225262827,1,0.9937,Polluted
18.971677755813985,49.36133457994136,0.8816364012192889,39.44795422694142,12.884177064792311,77.50026458801123,North,48.80687353882624,0,0.0015,Safe
32.560335782137614,47.4164936984504,17.82090029649282,7.967007825349122,12.967039515311953,77.4623665062315,North,47.33041437866032,0,0.001,Safe
28.49463851760702,71.96554795319861,44.49377269634939,14.468661583919674,13.01261857397147,77.64009745782195,East,75.45072689720342,0,0.0619,Safe
19.254691003210414,56.74172102437268,14.483070882765492,3.999850273082264,12.84032932485072,77.58735540460931,North,27.938181317484357,0,0.0008,Safe
26.14474553770082,69.74537482304217,108.15137297122756,51.24031383436353,13.04422007178538,77.54041963812787,South,214.88929844069585,1,0.9998,Polluted
23.4870615664565,51.72126970813666,45.216898844734246,58.37634443057434,12.981832879955892,77.46524530615889,West,96.51890145745892,1,0.9361,Polluted
29.91504706251508,67.71594114156623,3.3580364001572707,42.28189407390578,13.084861231134097,77.50027391224714,South,36.67578153963368,0,0.0059,Safe
36.04270267613887,84.54917055974096,107.86307355577212,101.9296431466836,12.901858675739208,77.68795302802155,West,226.28461538007764,1,1.0,Polluted
16.74896518212553,73.79248700589176,142.4045375678975,118.40068863077184,12.83244378270116,77.55602698128176,South,311.1301735968449,1,1.0,Polluted
28.690156474884503,58.8137927267528,3.640418703968032,57.36810424906277,12.951950360311075,77.52020978437298,West,64.01319085362607,0,0.0122,Safe
27.03920322660016,68.85798455533892,34.20256554316754,0.7703125336547325,12.825743231512831,77.5564266127045,North,52.10808148726988,0,0.007,Safe
32.02804045870279,61.3900223820468,16.267169155906892,71.29180533980838,13.0908579569972,77.63369655176989,East,75.74196590936404,0,0.0708,Safe
29.279179769426136,65.11820277042092,22.453263458015744,32.477009145235606,12.811605487477156,77.50203268095086,East,62.49315263721389,0,0.017,Safe
23.488184009567085,60.115834217772445,8.911155834001638,50.02149842656646,13.026051170332192,77.45361183627979,Central,57.50854414408205,0,0.0112,Safe
26.08567638600029,62.53497191171913,38.83143768269891,62.83192303607697,12.957530719442673,77.57548083550172,West,113.34216324736197,1,0.7731,Polluted
23.223844859179067,68.18140029611263,142.6317386479687,25.868820264373063,12.910586195749486,77.59956123104432,Central,222.4932691524206,1,1.0,Polluted
34.45604283159159,50.09961950627074,31.469010325246927,149.40613111800783,12.819752649352598,77.61381540088757,Central,169.1632743210358,1,0.9992,Polluted
28.12786989203165,49.761817595150326,3.894959745149656,8.630480916716914,12.986650077252085,77.66459627722985,West,14.588505417535476,0,0.0004,Safe
39.40714411451805,44.17186169253184,43.54143909385218,66.79526308321766,12.975566098817287,77.51135223620673,East,128.23131911785873,1,0.9698,Polluted
27.636035117112275,40.99593343244435,18.71340171450369,0.2621466381121862,12.88426498192028,77.42260646886868,West,27.52373454599661,0,0.0005,Safe
23.749559398537222,46.74075961669281,87.18401689115096,155.13756145750233,13.073066510423091,77.68750457508929,North,274.628315551178,1,1.0,Polluted
18.91771364432304,67.39193760206194,25.6662027462014,7.161084888785484,12.891233002202853,77.53050357823125,Central,45.051524523641,0,0.0032,Safe
17.18116194246433,51.60818726762174,9.640479631433768,5.981545258483619,12.934917623177633,77.58697725290195,Central,14.465156620238394,0,0.0004,Safe
18.49518434196706,72.70421696346645,9.543911850723156,24.29860061930597,12.963128736775596,77.59989159693849,West,23.723596377800853,0,0.0024,Safe
29.6027599060689,65.52070623128843,65.89427519282965,28.06273883863154,12.830069563452886,77.56395411261036,Central,116.15303585156391,1,0.9569,Polluted
31.0523501393796,35.47243679842919,13.89080488419242,14.470819850960345,13.07964851576409,77.46157725892088,East,24.423005614942685,0,0.0006,Safe
18.5128557878072,74.82463376332535,65.59735586018861,52.786197635486346,12.912360845735313,77.62654291503485,Central,139.06478227767542,1,0.9898,Polluted
33.37022988445669,77.16197968387564,10.37384558185008,35.10214970400486,12.824233764162305,77.64112559229123,West,60.509753004178464,0,0.006,Safe
25.10163368989936,50.0920598774772,17.466548173374328,2.0863938291188027,12.916187352102598,77.56589267580523,East,13.27584826160316,0,0.0008,Safe
28.88075807191329,71.30287314342488,28.18796289548496,23.109056311085205,12.980060764127774,77.54656834817546,East,46.87835183029839,0,0.0162,Safe
37.673323769532544,52.15252643886201,129.06656492162168,99.78073794154434,12.9540958015464,77.4341814549384,Central,271.0780826450484,1,1.0,Polluted
33.38103589519319,66.46505565122503,120.79375727256254,70.21323923523204,13.00836259221118,77.42518549844993,West,223.7320017935045,1,1.0,Polluted
26.388816112565006,46.03252389567552,10.42967254245108,77.43088009249246,12.816645182620372,77.50186945366906,Central,67.76984782556228,0,0.0542,Safe
22.65284664750828,38.10340321198135,19.957869866076532,71.86293014488761,12.885362183081618,77.49325384665522,North,90.81874777112994,0,0.2326,Safe
15.08910759202417,59.257742155805474,7.281565974189556,22.348491152524627,13.045769173052031,77.68609693528899,North,28.27510396118066,0,0.0011,Safe
23.68508008454548,63.14406580587746,32.09937470822025,6.299229926819831,12.823968106337407,77.63508682273303,East,57.57354215938123,0,0.0059,Safe
26.733218567033838,59.03480459578094,27.77694836973692,19.08577038573186,13.056645786408788,77.59797728857772,Central,62.84461906580715,0,0.0092,Safe
22.07692283709289,47.239541626661605,103.95970906986032,106.95084842433788,12.827568827623132,77.55529442670529,North,254.9261816160192,1,1.0,Polluted
27.21245819744617,59.00151406803295,119.67015894618449,236.15066304212883,13.050336264467507,77.450210259218,South,372.2161025741013,1,1.0,Polluted
28.46111129775261,69.03942128871101,21.77128235750129,40.85497877897672,12.908236520323618,77.69353700165529,North,77.39071638483124,0,0.0273,Safe
26.650864109151527,64.32660454816194,30.454114689672604,0.5848625912677078,12.983662718977165,77.51251220947206,Central,47.21980714051096,0,0.0045,Safe
24.09998451505924,67.7375154589882,101.95373656364562,9.052499893501912,12.8458661346944,77.43207768073418,Central,164.07690537973735,1,0.9988,Polluted
29.01192803180037,54.94827199318651,73.95985284461938,23.32361044520689,12.819850616517554,77.54813966871473,North,133.37387342113158,1,0.9769,Polluted
30.651643897416456,82.57576872074239,0.1648355395074684,51.84828058851885,12.86478146120604,77.66219940348392,Central,44.57145779029973,0,0.0064,Safe
21.457605535342925,47.35739995167829,17.35875355662983,4.683767118188601,12.83835614537261,77.6661873005332,Central,31.84189881891004,0,0.0007,Safe
36.46559427847762,72.31340445630077,24.650590575716297,172.25952830789242,12.89372176930389,77.40328977481694,South,192.99334619897505,1,0.9995,Polluted
27.40847120629443,82.72836639439942,11.744836616298889,27.25572346341292,12.954314973953306,77.66588872342543,East,46.40279582013875,0,0.0043,Safe
28.113097737669086,72.21362139123343,10.01736965261059,146.22476638076702,12.976627839069502,77.48144526524996,Central,127.53199335128936,1,0.9903,Polluted
32.24928653953934,61.96213659402755,1.7332581502865805,90.9901428353728,13.036960432213922,77.41169170919053,West,98.82625118402656,0,0.0471,Safe
29.399296787581008,57.07554430005531,46.39750552376445,84.49700693058543,12.996871967974508,77.65433708110886,East,133.42333310711325,1,0.9778,Polluted
33.71881980347947,80.54131476569384,13.702641482835975,55.99394304659398,12.982627497538866,77.65916002679647,East,65.29683027377672,0,0.0277,Safe
29.722744991210945,43.65537612107491,2.4195179599523184,59.1358468967913,12.923534608245731,77.5788693239527,West,42.63164702540798,0,0.0057,Safe
24.32537575215737,50.44813609430535,11.818683245410956,60.96720025546564,12.942142530488042,77.5723301271889,North,73.67291038876964,0,0.0208,Safe
30.16902115123661,59.03663351762418,72.8574192474807,59.448151191009394,12.924356248817055,77.64393608178644,South,173.7470051858217,1,0.9939,Polluted
21.13764275607603,83.56480636267997,85.81938626375425,48.40962995387451,13.052649809018416,77.63589286581309,Central,152.5451292062414,1,0.999,Polluted
28.65135823465914,70.69651454061344,29.69282459338761,257.923007319021,12.86900013576452,77.66703164203281,North,248.10393355082533,1,1.0,Polluted
27.800620056133237,50.47931362234632,24.208889150254784,79.07118560765765,12.80171627946259,77.56582423427902,West,110.73641890328751,1,0.6437,Polluted
26.75129885636476,60.34538441922645,171.45380456601052,90.02058753721161,12.995395969167872,77.69029412781984,South,318.6040037377999,1,1.0,Polluted
27.228774931366416,55.78515283855558,10.07323312548025,123.56083863009871,12.86073865509165,77.69884404928,South,119.70234314711948,1,0.9724,Polluted
16.708905727014166,54.353165116496974,10.91382080105966,14.57321267065034,13.067034540892942,77.4349633829996,South,15.014894580676147,0,0.0009,Safe
24.70765055355423,79.68334337835168,15.530561992248185,5.251508222725902,13.057713898911995,77.65486312786624,West,31.57635774081292,0,0.0017,Safe
28.55706940684669,44.42385306104742,8.534573043139087,39.57049444726254,12.823018211578464,77.54994667732458,North,45.23643066335149,0,0.0027,Safe
28.959138351984404,89.1317128360156,21.465589292177956,43.302762554204776,12.831916521624224,77.51626990148995,Central,100.0164238896171,0,0.0368,Safe
21.83394915444425,77.42344535276933,108.77661106557322,106.02931971304356,12.948551477674,77.58392169296482,South,255.4330540988323,1,1.0,Polluted
35.594247045188204,81.36292505905547,42.99371258546212,35.19586887438034,12.982766798830806,77.4167896671786,South,70.92302758666924,0,0.4731,Safe
22.802950910712998,58.05590731962113,23.89218441724633,50.757349255712434,12.882472501244672,77.55193833563013,North,75.6966940129519,0,0.0373,Safe
33.81674320316042,62.75088921381336,122.59548665831826,44.92859264719458,13.015039315009812,77.661267171008,South,228.0790648820889,1,1.0,Polluted
30.563166171230108,43.502722782129325,2.2355101026308937,2.3370986677916927,12.978474806275662,77.4640384548417,South,1.0913680157959336,0,0.0002,Safe
24.122636140937185,57.13006389399796,10.623239411559029,57.30421641059276,12.897447232924566,77.52791696843083,West,57.212526446705375,0,0.0196,Safe
38.65186535565707,72.40482271464727,37.550434839456,105.6307497191375,12.807611446412697,77.68184426631447,East,136.75280591148135,1,0.9928,Polluted
20.83817900946112,84.44094592672094,43.017676234356735,10.282936037454634,13.025045084389555,77.52856915134171,North,78.22445671315705,0,0.0546,Safe
33.51492504166001,48.39264774796322,1.8162526523497915,54.13317192048196,12.864426099747526,77.50751028969972,North,33.478216752213186,0,0.0042,Safe
34.003493908257866,59.517410945221016,23.21563899665143,54.02659974208908,13.050342123038789,77.53216099443702,North,72.42948169033158,0,0.0489,Safe
23.97627874554013,62.73051169651217,47.13335090961657,10.76087635486921,12.926087078016277,77.55583582995527,West,89.63852892612717,0,0.0308,Safe
36.354791800385975,44.06316196711272,53.8902848815937,7.906621002359645,12.97312323278953,77.58959740323944,West,82.29012892696925,0,0.0435,Safe
26.49972091240628,73.87023862637601,45.742392580273325,234.87741196165229,13.0618846191227,77.64020784027502,Central,251.04645885880237,1,1.0,Polluted
29.732161775679145,54.14014502386087,17.39209928116678,30.02471903057505,13.059086900275986,77.5356306617293,West,36.34435790118951,0,0.0056,Safe
29.561931032627324,62.06914473234464,4.4183901716608895,15.48131719813374,12.911455872573072,77.64524428052705,North,25.471778236408703,0,0.0012,Safe
27.194147551176712,58.22075942132184,25.067962039266558,11.275601375232702,12.862666667814452,77.56011619840562,Central,50.87681823173574,0,0.0045,Safe
32.864849638958695,53.159922414204885,6.202413451158545,66.08528227190118,13.032543823318578,77.5015441531104,East,71.8954901999318,0,0.0157,Safe
32.76093232331328,64.89432521779167,132.71851296437782,56.41123415065542,12.92992406108064,77.59738524843583,South,243.07742353547195,1,1.0,Polluted
17.508808160570915,61.76585632147967,29.0107137804542,61.8940354413293,12.857612598067702,77.61531667642305,South,96.18912006054066,0,0.1533,Safe
35.826041457268914,59.42213176582002,17.173798023492896,5.527313882584826,13.071327602695144,77.56741469268886,Central,33.256243110477364,0,0.0015,Safe
18.025048071785957,54.07307567479486,65.41805060400449,134.39610445517775,12.859431258272329,77.41698449194043,East,191.39407835233268,1,0.9999,Polluted
34.195277226049946,69.79287006174434,31.007374169348257,29.58566497265361,12.80774215045737,77.45096486254825,South,93.71404542432607,0,0.029,Safe
34.7602308209655,89.80425902738428,16.700084674631512,22.557530452980203,12.806083992130226,77.48558931626707,Central,52.87673607811934,0,0.0052,Safe
21.454201418708813,67.09830849258691,75.20137865294497,37.23412677813673,12.98669460693628,77.48478768178545,West,143.37936812945003,1,0.9896,Polluted
25.53511427227249,79.94177322366693,90.83478591490112,29.664277931066707,12.99850251821526,77.60202624007407,North,157.74144571115323,1,0.9987,Polluted
21.365771989084383,44.14667112269806,50.30190367904663,119.51969694583936,12.893312511517095,77.40550459850209,East,184.3081560641076,1,0.9994,Polluted
26.710473818267587,67.36642158940654,2.1646369718437035,158.9254728578471,12.896003296774118,77.62670453311486,South,131.34657090203618,1,0.9933,Polluted
26.15179429488555,48.539475215434,37.59547433747752,21.69721911163031,12.901848174517983,77.47960274244208,North,82.88721071394123,0,0.0128,Safe
32.67796319361604,42.846126087021474,64.84231202029811,119.67771003803992,13.004047564027664,77.49300655386483,Central,187.2254119814563,1,0.9997,Polluted
35.86185247671765,53.909428888114455,6.604419133259413,91.2645075621726,12.817440137308049,77.55837294838318,South,74.16374176514515,0,0.0954,Safe
36.37410286473974,82.87849001620359,11.68379800061241,160.2519176723641,13.078734905807398,77.4647776802817,North,144.1098686615836,1,0.9981,Polluted
28.276025164179885,79.25023743004468,29.88161844271086,16.92190889072734,12.866756313253234,77.66534139407266,West,158.17938431160033,0,0.014,Safe
26.744668757532832,68.645070830816,0.9147114451910048,51.61719196683604,13.099901961572629,77.42561063379797,East,46.90103713872329,0,0.0084,Safe
17.899370846674298,42.00949160165104,62.87682811202544,19.2573397414821,12.851456808136156,77.53331470869033,Central,124.39010465407182,1,0.7804,Polluted
23.164779601022868,62.05579022918095,28.89104203238282,104.26849835199452,13.031463937193712,77.65482668083646,South,137.87168025106922,1,0.9756,Polluted
33.78910979858475,69.52550013352604,26.63934088413185,0.3203048750229844,12.867023763478889,77.58475316832637,West,53.39532286083711,0,0.0033,Safe
37.69349694128939,67.63304344367897,0.3204824691708318,49.91961700664973,12.824254040492978,77.4876988547528,East,33.090322976294736,0,0.0056,Safe
20.593906768720466,37.343096247788814,77.01573792304528,24.85855496349791,13.062479997305196,77.52622806233295,East,132.4611557536782,1,0.9937,Polluted
28.276025164179885,51.64523227970192,20.07060962817274,23.37701504134064,13.057625377757269,77.61200831410275,West,58.48748219201586,0,0.0043,Safe
27.84156545824644,64.03883353776925,35.0187566421926,62.122418872747865,12.92107111773488,77.69197822300917,South,114.37554475481758,0,0.4475,Safe
29.68096695291764,73.04436364275784,50.896543805104095,114.42393646786144,13.010718842762127,77.66794161551384,East,175.30248514761115,1,0.9979,Polluted
23.14237888047012,32.05808268350081,54.574951496768136,56.37285396798662,12.967119779805175,77.50272984251471,Central,121.33355688382476,1,0.9924,Polluted
30.54436626678454,62.56814036780212,140.54006426550623,115.11000663458135,13.055886834102123,77.69945936378636,North,292.48192270464943,1,1.0,Polluted
25.156963917574505,67.14573154818429,34.10449291578701,18.44020697078434,12.894516790795596,77.40105139905933,Central,68.2386813988776,0,0.0182,Safe
27.91328637473033,77.7441798277432,22.96612430674889,43.975914639122486,12.957101719999695,77.40828892674253,East,60.71267016864372,0,0.0334,Safe
31.2777054880222,75.39286376356155,138.27112411105804,35.92878014801263,12.945611711361366,77.64715215455136,North,240.75612130448704,1,1.0,Polluted
28.03853361886563,73.73856978213207,46.23886165787765,0.7027939409645821,12.90617174787706,77.45983880604992,West,82.42738004037332,0,0.0326,Safe
25.381684656840587,53.000892399470985,15.931623628208644,48.82569256246049,13.067436519366913,77.41823078051888,North,64.8488787293913,0,0.0144,Safe
28.276025164179885,36.37996794315039,29.88161844271086,64.99818287049155,12.84976337739876,77.47114442197096,North,48.06667372805702,1,0.5072,Polluted
27.46982224476799,59.10420864407899,83.19041647430575,53.77670000945722,12.84485259185621,77.52783004619427,North,162.7140263250186,1,0.9972,Polluted
25.779933820707235,80.0244773781284,20.236575601533847,79.97201765603502,12.973072860596826,77.61916988113002,East,102.9793102220939,0,0.3245,Safe
26.447223623997385,85.90181791286648,48.60864674972499,50.82540690149674,12.997248268995484,77.58730065796537,South,118.31250989095275,1,0.9637,Polluted
37.5918830230283,75.65823653446678,28.638894329603623,4.144946055974734,12.85838577629737,77.47128636526813,East,51.81322234171421,0,0.0048,Safe
31.365516687647432,71.44011234202601,9.981300153693557,7.428139794573273,12.917215232676387,77.55098113443017,South,38.6040906524564,0,0.0014,Safe
26.22711809182504,70.69459472578949,41.42322756090867,54.45094730454924,13.083969152893625,77.67786423161958,West,109.18629116926309,1,0.7404,Polluted
32.18172642706441,56.65821879858829,2.8171051634934465,19.2932954287984,12.873985226807203,77.64450233309513,West,22.83553171077145,0,0.001,Safe
25.99708306146394,63.0490955966957,23.99913163519549,4.979757240206356,13.000508210635218,77.49695693544955,West,48.54925722630418,0,0.0034,Safe
35.03874782551985,90.03604288739497,35.59560712858803,33.68533317516124,13.022044818109276,77.69467936840671,West,68.61005819294279,0,0.2112,Safe
30.217853153188564,50.86162991312186,25.77529432786316,48.48959416612994,12.934438609839548,77.61258612013054,West,73.00351441887125,0,0.0296,Safe
27.356187135974626,89.22168186064778,62.14487027970338,23.91645940733988,13.081257796027874,77.41873480670004,Central,104.96561155361704,1,0.9795,Polluted
30.686301554861664,60.16957768261912,79.19210639436702,76.47094879055248,13.020997020565638,77.4105482139866,East,186.5140590704949,1,0.9986,Polluted
18.57474308758901,84.88148163642617,66.3792884025422,61.93082378245415,12.93737737395827,77.45052238470302,South,139.92256833467957,1,0.9968,Polluted
21.239395186541167,43.89777485753693,1.781381055439302,24.281576876284934,12.970800560532828,77.61835676041505,West,27.73181217208768,0,0.0005,Safe
20.836449961605663,73.78856301746974,9.712409132725776,84.3586148143362,13.00778403302753,77.45512167775273,Central,79.88780873999993,0,0.066,Safe
28.85765856858224,53.94844796078567,34.61313923224483,62.76603648202603,12.977657054128766,77.55344603076266,Central,98.57097892945583,1,0.5614,Polluted
38.39508999691055,43.77099212113718,122.87852598670813,60.87480819837103,13.063609275147822,77.42797803605426,Central,242.1359075760442,1,1.0,Polluted
41.3878008771558,68.27801063616418,81.06965415037949,48.369238046690256,12.90706659868412,77.67626584734906,East,146.97822184096938,1,0.9982,Polluted
31.828306608644542,80.14207682893954,83.1847025415988,0.687301626626004,12.889965722016742,77.50318818407507,West,120.44005665021687,1,0.9946,Polluted
31.00506684966674,52.32587842109756,16.25708756879803,71.5438402529885,12.86415166684858,77.67243961696819,Central,110.91590580206856,0,0.0611,Safe
17.193653595083568,42.51476059312398,25.25178533980882,28.300313147210208,12.81133489041938,77.68346269257317,Central,79.02211366902665,0,0.0043,Safe
24.74395720159587,63.62232853497567,28.62950113675797,171.47280938963925,12.812904189314017,77.4018385941941,West,161.97834968635556,1,0.9995,Polluted
23.27329748855057,63.68847006834228,7.7053142271296835,102.21989520035773,13.061016557932785,77.53924055615963,East,88.25832022477711,0,0.4429,Safe
24.274914410493302,73.22479441331748,1.420244073586093,53.15943753952886,13.003517943921771,77.40739681671208,Central,45.28606954555857,0,0.0088,Safe
26.991137088491264,79.24391857046733,132.10348302005835,17.435737308599837,12.998159724630948,77.67260782989088,South,197.99174521912957,1,1.0,Polluted
25.16745653381724,64.10877228091259,12.39187042127939,13.668067354589304,12.984392845680466,77.55552226342037,North,49.70256978383284,0,0.0022,Safe
16.124201137745274,92.83254972191396,12.346632720861106,24.965922084807268,13.05476574340823,77.42248320380955,North,38.78849897608092,0,0.0029,Safe
32.487461536705204,68.36352116802938,3.917756478247534,38.84088265547925,12.944080077699688,77.43308301848298,North,35.090124380564404,0,0.0047,Safe
21.56354184556116,59.803602409896506,118.71748142793103,21.064198871189102,13.06112324856749,77.51505270734782,East,198.73823363587135,1,0.9998,Polluted
29.435481184666894,40.82648961345758,39.00936810144971,43.407661697107066,12.907833507854672,77.68207025786187,Central,96.89148463309982,0,0.0987,Safe
40.44449601849984,61.06010719525749,49.487556473348576,10.846036555819497,13.078012251301727,77.60787274547043,North,74.36461888405285,0,0.0601,Safe
22.48369245048146,59.95419581883296,109.15298492453869,228.2245999085024,13.009597094024372,77.66028565985674,North,359.4620047644978,1,1.0,Polluted
12.81827486352202,79.40457194422206,19.08302915771893,6.852274220587577,12.877153140807328,77.509936993902,West,35.726722504814475,0,0.0014,Safe
26.28397466871933,71.93725436100281,43.72013350691811,161.24558612169002,12.969225476506589,77.412964109865,Central,207.66413474739065,1,0.9997,Polluted
34.605757809991424,47.30946317551074,1.780749352725477,146.91078827383004,12.959909168446476,77.69229529116133,Central,114.44337096612968,1,0.9924,Polluted
39.75008472532356,67.58381579616557,9.303498697296028,44.71198032950767,12.841369646519102,77.40515189719872,West,31.765535326509724,0,0.0085,Safe
20.622702433285497,75.0729675759358,80.06904408654918,77.43947701813616,12.977372871725184,77.68429549592433,Central,196.42805684295132,1,0.9993,Polluted
30.98019533941913,87.92047039081748,65.50754132157557,34.36719995124651,12.894435687115088,77.51060322715475,South,133.1590366098468,1,0.9927,Polluted
25.20813725931968,78.31255951121089,19.42974725949575,59.66074383169524,12.815704630042882,77.40302712150657,East,88.55537730497281,0,0.0619,Safe
27.364309874175184,76.41269981467217,21.280717715579303,24.98330744299516,13.08459684731197,77.60674716951736,West,64.20504363291055,0,0.0096,Safe
43.86606008210221,65.90128991922745,34.31762777273747,21.49992352476064,12.992447110719286,77.6941620912094,North,68.86922858960354,0,0.0219,Safe
18.982178029629083,70.82468008135174,0.0108465179143785,51.79767781432249,13.063075679561251,77.68968771685128,Central,37.78509350391484,0,0.0054,Safe
29.52243796896744,83.74257351059238,12.423396229965885,41.36481046602195,13.002816801503975,77.44828110336073,South,50.81016253459052,0,0.0099,Safe
30.8061590305926,45.00833903780526,10.50689779405792,51.98383761355736,12.907095107642034,77.45437434181986,South,62.86168248926968,0,0.0073,Safe
34.51471794963608,59.75841009174566,12.974679398825437,20.2678757258817,12.953806421698644,77.5696616743859,East,38.4467042272389,0,0.0027,Safe
28.58789892082537,53.41146876865639,73.7735350453278,27.433094559233027,13.002724028104153,77.5911914479285,South,114.31496880453014,1,0.98,Polluted
29.848303237024613,70.68729678089186,14.76230366323465,5.257651429129633,13.08807569756043,77.62182537409976,Central,25.164581303089182,0,0.0019,Safe
25.65010859546925,83.45333263476181,9.567043770110882,3.2215410698109954,12.876100837736509,77.45431510814164,Central,31.06676784334691,0,0.0009,Safe
29.614761647470644,56.045385699183896,31.57697989494758,17.53813411298989,13.062493117587236,77.68770212602934,South,61.38285237643424,0,0.0093,Safe
25.940846347015537,29.145434487958436,90.32714995985975,4.628859997594278,13.07722334158828,77.59162177688677,Central,161.43921886995872,1,0.9967,Polluted
31.729431339136305,58.81668882463295,12.42964577835104,6.573807381443488,13.001124654397689,77.65411407566117,Central,14.293138085385902,0,0.0012,Safe
25.782337983738195,78.7021059802611,3.680632478716239,100.57583259260096,13.0793799882204,77.56201971458526,North,89.46692848778125,0,0.1441,Safe
30.26260236341312,73.0644485442482,19.83083500193525,2.3789669967073914,12.91936357624321,77.52428305427696,West,21.79601297462848,0,0.0023,Safe
27.82442311789013,71.42279371715864,61.96254734327135,64.54230336279281,13.085904852812131,77.6931548719785,Central,136.02190816002093,1,0.9884,Polluted
34.75630150463301,60.8001004718828,36.0019538370982,19.09323977413304,13.010834863149793,77.57463641124596,Central,60.81475198619696,0,0.0171,Safe
27.691637658469084,45.8145389567032,76.37132858027711,123.13091578446712,12.812601730225644,77.66006207483976,East,235.15852524560987,1,0.9999,Polluted
17.361805190758712,72.72941482436701,144.3929016057123,39.814403821662445,13.072061849545715,77.68598771890989,West,245.9194345619735,1,1.0,Polluted
35.57152900428395,52.48577284948063,70.80332699347971,21.88039292838213,12.945341842709958,77.6026063881026,West,116.6829211523295,1,0.9696,Polluted
22.565606194824287,97.76145100070684,41.66297620565084,43.743740957037325,12.93809809543335,77.56468160355561,West,97.46237581635452,1,0.8096,Polluted
24.077401968107083,73.55760812531774,30.59632107680804,28.871933609048785,12.96993998179389,77.4010532552732,South,66.76788462387121,0,0.0254,Safe
24.426032235739047,56.29027546169073,1.8402282925185247,49.84822736678232,12.84481536403137,77.41200589222171,North,50.75343765901239,0,0.0054,Safe
36.246628559024906,55.829221289170576,186.99729623544735,7.298396449747331,12.94074981457022,77.46025536481534,North,265.9419611972141,1,1.0,Polluted
15.185954716127828,63.60583690079618,21.764985143863395,348.3589356920688,13.049338165015325,77.4558025295568,East,301.78848511178666,1,1.0,Polluted
46.82649120195996,61.40747116967376,7.43147098175492,33.26114697620169,12.804644737741254,77.47642763855995,West,46.22117899333313,0,0.0028,Safe
34.33634085439631,81.75250663294932,49.44324882904452,25.6838712911622,12.881875148097311,77.49148039130931,West,89.82568421018189,1,0.6565,Polluted
29.33943348477496,67.7962425461607,15.051502417660965,74.31589396925443,12.800736375933154,77.50801964806523,Central,74.48045656809731,0,0.0807,Safe
27.67063599630228,54.02552391637208,39.66092419797023,27.14391373566469,12.924713392744955,77.52616130702067,South,73.20950326241712,0,0.0298,Safe
29.71332444914594,93.35661027733674,39.768564482421546,107.48432172623578,13.01849465314812,77.42965990153681,South,152.87675233870038,1,0.9977,Polluted
31.126734570276028,65.73962497280334,26.554636044674535,36.33793550187588,13.039631548734388,77.41270857958584,East,75.70195409938628,0,0.0291,Safe
31.87129351570034,76.53259513953346,81.38755702616317,76.2833893584832,13.0835569283381,77.60218333472191,North,192.684247979968,1,0.9995,Polluted
31.33362679602069,55.87660238832861,13.852798495341547,6.820580888978349,12.982551383891236,77.56120044745293,West,14.608682710086583,0,0.0011,Safe
28.53748408753149,70.44673441616786,26.79092501273347,112.29461450308057,12.876388059995868,77.53324326066604,East,117.80386153616128,1,0.9759,Polluted
26.81596947815604,69.66664986714792,34.71858996782756,79.84431084530506,13.07724438474101,77.5903319823505,South,127.32683130746123,1,0.9037,Polluted
27.09236029807893,36.655260618557705,49.02875279154833,14.2738701302418,13.032594726164112,77.64830382216107,South,87.01346505011415,0,0.0294,Safe
26.830550317883915,95.2291266569096,68.95559511250782,9.419302819819848,12.972328544900943,77.52830787273487,South,104.90937820663544,1,0.9894,Polluted
34.80262058120239,84.35966691383821,22.599374893988163,22.813491788582,13.008692064715682,77.5923358395156,West,50.57826582858646,0,0.0096,Safe
28.276025164179885,59.04207025781019,29.88161844271086,223.9588120071135,13.077294906502228,77.68607166715056,West,236.9286160091112,1,1.0,Polluted
10.35766819201432,48.465953893162165,7.345708031316199,17.80995462009643,13.013718208541876,77.65188734875848,West,19.970481866778265,0,0.0004,Safe
31.93540465917857,70.21342420705328,121.4020878182628,36.5423939667872,12.91051235227542,77.52780024315072,Central,212.9291939617432,1,0.9999,Polluted
29.16841716831265,66.30046549121595,21.73417064387089,1.8288035374250924,13.013908460686729,77.59341505134442,North,37.60901798605887,0,0.0027,Safe
27.88774746132461,70.33503422844844,58.84030700232908,30.3729289655279,12.812083448820616,77.45312127657479,South,111.68449438105117,1,0.9152,Polluted
25.668889281466686,67.87366094291134,0.924786478591456,50.82267570832765,12.915924668549176,77.56815665546853,South,40.148269892097865,0,0.0077,Safe
34.74467631991608,72.5936148395889,10.33418663635348,183.6157516937391,12.921896909553674,77.69439848734153,Central,169.72645058077063,1,0.9993,Polluted
33.68515877273715,86.7095854908771,30.04381583424771,43.631537027637854,12.850051470326251,77.55549453456076,South,78.95719018273589,0,0.1409,Safe
23.362733993058345,73.52154807692969,94.76126037331632,102.59108315373928,12.806925644165531,77.67829148975704,South,219.7436043953111,1,0.9999,Polluted
30.44231372274721,49.25516751635088,33.71397592975234,47.52869789276864,12.840014370991325,77.52220047615099,West,80.97095204084637,0,0.0615,Safe
22.170059592752285,85.43844279068678,119.58351721189608,2.4984030819718286,12.996386448739116,77.69965344815539,West,163.69805319859245,1,0.9999,Polluted
19.722291011266417,89.60921845232431,29.75647408521839,22.700911281713736,13.040686644909108,77.57376601056828,North,69.294628893959,0,0.023,Safe
24.23969665246021,112.28085101768129,30.340148536750704,51.41759437522692,13.096461047818092,77.41268069827079,South,101.28014739577706,1,0.7225,Polluted
33.17436083429655,48.14758950140603,5.739555265150164,180.46096290626295,12.90390905093255,77.57602643900742,East,144.71299826305912,1,0.9995,Polluted
33.71875027225652,68.64323019725413,73.0263652814167,117.59522120969518,12.97981376667833,77.48237180870389,South,190.91518837749683,1,0.9998,Polluted
31.07851252058376,33.768519452165194,12.76398536663078,15.553888512759473,13.081143490044536,77.40974439661078,South,25.361842165358475,0,0.0005,Safe
32.35057472108798,73.29723734568813,103.44228640204255,14.91613061578279,12.850112534401449,77.6462559914084,North,170.0016752291909,1,0.9995,Polluted
31.09706972268975,56.776995527498414,108.7715612085455,13.476650168560225,13.015293675902823,77.48271889109424,East,168.885662641918,1,0.9994,Polluted
24.151110428662285,93.8516869223743,129.15717408382417,153.44778608797304,13.026493619944748,77.63896456621396,South,311.2670730726948,1,1.0,Polluted
30.591535268043643,53.38077544972127,33.05022642169553,114.90325199062178,12.826692660760802,77.48646527488677,East,140.6687080243784,1,0.9926,Polluted
32.80245715136609,39.66225443049108,50.86770089796367,89.46821592350764,13.05837481555492,77.45829790616214,West,148.8842123937443,1,0.9969,Polluted
28.276025164179885,57.9310438894622,29.88161844271086,29.927411878672277,13.043931514133252,77.69218067223133,West,129.37424713929903,0,0.0197,Safe
35.13348022884786,35.36768343174294,6.319303930837215,42.11683175779202,12.810020901973232,77.50849359832651,East,40.22089279218661,0,0.0014,Safe
32.24982308320638,76.26649181760965,41.34089642122846,37.45441418293548,12.827325324464017,77.58041286343295,South,88.84531391291809,0,0.2964,Safe
30.108689245249497,34.02375430615519,1.570494544778157,17.53339066559113,12.814738068167555,77.58299444784434,East,0.0,0,0.0002,Safe
34.420901429898564,65.42686371774738,30.97310206177344,42.1952506143012,12.90042305953981,77.56814204465205,East,89.57270980733503,0,0.0551,Safe
27.84087244450564,33.832822702157046,7.570462201025624,1.858274613338741,12.952786697203978,77.67440872305637,West,15.366006565306272,0,1e-04,Safe
22.70875209263369,60.19553293195037,9.09098328167845,8.48070746813425,12.95970431838639,77.60233232141006,East,35.53167883985138,0,0.001,Safe
27.021598216337416,89.65067233706802,20.439233598263773,130.60452884129035,12.880300027930833,77.52111990123149,Central,140.25358086114895,1,0.9944,Polluted
23.530584131161305,70.40971837153693,25.48817173409575,83.58216622853125,13.073479065968082,77.65871411535728,Central,104.36202458339066,1,0.7144,Polluted
