Temperature,Humidity,PM2.5,PM10,Latitude,Longitude,Area,AQI
30.980284918067397,54.87232587538428,29.863048777178353,58.55805333940241,12.926860522717726,77.51047883696158,South,85.09492847195533
27.170414192972892,62.83221993926723,4.017230138937092,4.640628377697786,12.955145108685164,77.41366504678962,West,5.978414094559652
31.886131228604157,53.11370118500058,161.64748170041653,42.033485769521626,12.910999665787994,77.49006813346242,South,294.6369756231938
37.13817913844815,60.38057705541439,32.84247631611822,12.099447147365193,13.022233960148201,77.55933282676325,West,74.96247088494778
26.595079751659984,36.59577999569321,42.85802358867676,51.19545959023726,13.035256153769623,77.52246654677647,Central,90.77742853950772
26.595178258304916,68.19940561059408,12.14936790335817,60.868062042747326,13.028985557060947,77.48215275572979,South,54.12853213093737
37.47527689304435,65.01808213043337,29.73043273448123,48.81176510770014,13.016783517450335,77.4393969749293,South,73.1351574569116
32.604608374917454,52.74367053397714,25.228255989877265,80.4323588622494,12.86135130160784,77.64574935002888,South,118.05051639671625
25.183153684390287,74.88868502648607,3.503202505554702,24.53308890045695,12.901390993772145,77.69884357263726,East,18.809186182768975
31.25536026151579,79.06355206439838,5.050299882639966,86.91740694928345,12.940953630495102,77.49886264005717,West,62.36776590548756
25.21949384312523,40.88660203446538,81.76086816621863,34.01911613805918,12.899237897428296,77.51448631325299,West,162.18106064946696
25.205621478578458,53.55912832150679,12.338998594559456,39.720367939639104,13.026482060047499,77.5854112574031,South,56.2241989961044
29.451773629396204,53.46286475319053,9.758752481672206,62.66485678473215,12.898806057274987,77.61553244242067,East,87.27939723560264
16.520318532053214,50.90145348336703,31.635839072175717,1.1117394237188398,12.841469626035602,77.51760886044109,South,54.26246419122082
17.650493004921803,77.44212262897622,65.8909573986456,63.67798817797958,12.91971213561449,77.67147885509455,West,149.4599977027583
24.626274824554166,62.09260791840795,2.8776741822439402,57.83205891841529,13.093974329834714,77.56800119676868,Central,53.10916849759622
21.923013277993455,61.03227738034084,38.69681005413601,22.25052816066236,12.867764423880073,77.53511702292178,East,71.31569101698099
29.885483995571644,34.9420645338987,5.71214473784904,5.381979697606446,12.98364759768297,77.59400182594797,East,25.928759528611742
22.551855546872734,74.53127045313839,1.6714065271388112,5.720350507741829,12.929891914951913,77.68584115447476,South,20.666147548863577
19.526177791988253,46.41112407719791,2.438363001463183,154.01159353075377,12.821307370294798,77.63836568832652,Central,111.03761192758621
36.79389261352932,65.89898945399493,80.85404624768154,70.13165456167283,12.946362981799417,77.41200393916054,West,186.811664295437
26.645342197080787,69.16065406937288,5.648941159261804,8.156236295899424,13.010649298594494,77.499692973222,North,4.287713398203731
28.405169228127544,85.40987893757976,2.0791101523565056,26.47080705298321,12.953965992748346,77.54116340548538,West,48.432672225563756
19.45151088271926,45.367694013213324,25.923388868843855,53.860356864911296,13.061631819123974,77.49435527166274,West,97.14379965474278
24.733703652848902,19.707317662687622,83.60358417371967,108.31684206090635,12.886681104997276,77.61005626824914,Central,200.67857923242013
28.665535538259196,67.75774317130542,13.69642334471914,2.678565104120367,12.82587475139119,77.64788074495878,East,25.077474585195866
21.094038535466183,92.0076677226628,24.645794956254917,16.20099236969567,13.080969683497402,77.61940352855558,West,59.86035015746571
30.254188110074033,83.58419529409156,1.8333586138431996,132.29973638271423,12.913458904858466,77.69679998604849,East,102.3529008953352
24.39616786048717,68.14489122911938,26.82733382438123,0.5524687364390932,12.97292166543609,77.48176429436792,Central,27.019546127330706
26.24983750124034,57.62545721551929,38.78250815191691,13.493637652795647,13.03760093783906,77.66249684850733,Central,69.98653563213837
24.38976032662362,77.10683894955966,38.073677652029225,191.68638264429748,12.897294099162675,77.62998679955236,South,208.86598172752906
39.113669107053624,50.39680700443297,18.184773162605257,57.02216931187132,13.014849361453283,77.50865362726745,North,63.75208935333425
27.919016651572395,72.14536654034329,17.060179938099385,18.201975050415868,12.840625654945349,77.62023736309709,Central,52.51277005966044
21.6537344262646,72.5820523874994,5.073628839695883,4.160431983158326,12.887388124161651,77.43122278692547,Central,0.0
32.93526947261913,80.90314861248319,20.563483446418065,1.7157807726968637,12.843413190840957,77.63680004470217,East,31.139199802855124
20.67493810017387,106.39490058366616,4.715963738917143,16.8419966313984,13.043369167520407,77.55969918077614,Central,22.365805789297013
29.25318157002853,70.88623950768151,65.47428829977163,127.9633595789987,12.866794770568037,77.48768705181278,West,203.67184410800473
16.241979256721347,57.36554561438752,152.5272774398816,32.262387291160906,13.015221066621564,77.59673319053526,South,265.90755809939003
20.030883706609416,64.61638531712008,157.90692920408569,76.44941935856188,13.082989519173696,77.59248599961433,South,295.61956613297144
29.18116741521474,38.46386142666323,90.13532855934723,150.27108770429615,12.958331662720664,77.46284586681588,West,229.38563141674388
,54.579303033664125,41.32228809398774,31.459019624158184,12.962008757678207,77.40911922444346,Central,83.28287561161201
29.028209687139825,58.86076342830344,54.308818500394366,12.737956642305388,12.938310070429344,77.5300867760705,North,98.91022573099232
27.306110305670558,57.138674030981115,15.10922761368753,43.678969104426656,12.897767043018094,77.57085356080333,Central,56.16551078386363
26.193377826464268,67.28532308050583,44.83514973841773,143.21260547180066,12.942696509277475,77.66298158351118,South,180.45531854669434
19.128868057795437,52.66370101426699,27.36729130285353,97.89316337213688,12.980842259680028,77.67846503869428,North,124.62760086774966
23.68093474963175,81.81546000986707,29.60160802901007,4.0858006075672595,13.095797471651197,77.55864156544703,East,54.251486136872956
25.236167374241276,65.00310597377296,63.805260355818,70.77101807907759,13.081329367795467,77.62614104513057,East,134.46083687876884
34.34273335731349,64.86049518292079,14.902740248902466,50.903560713171025,13.058645887487936,77.5317909816984,Central,62.89011763514381
30.06170973741077,60.081579252306234,17.22526670200495,142.8089172077889,13.066739160711457,77.62382464697187,Central,138.13289160762034
17.421759067823597,67.32786025788468,116.34760874821558,7.839428789266503,12.940354754987613,77.46144045748176,North,181.54414991435408
29.94450381636877,77.37647397001452,2.6040033695622,45.81882864040827,12.99723329815324,77.51131942044107,North,20.86350620473948
25.6895063175021,51.9930467643365,29.91693531707867,126.9477585933081,13.068520016880864,77.59026839964409,Central,159.66446237837306
23.93846799816425,55.12825266387115,109.78020571943566,31.660383564391985,12.917885229497406,77.40544738968212,South,190.06585375199555
31.67005773304521,60.44410956835003,42.4142893165095,39.4662135266564,13.088528743503641,77.61673839310168,East,99.44432819655377
34.18599713497571,44.811936147901775,35.574980507818545,4.383970073543648,12.924735818620755,77.65066065038046,North,74.52948896064109
33.58768071469719,52.71113210417754,12.930346631267001,19.555746472336118,12.980324799617964,77.51974249832818,South,39.3866450987744
22.964694860664167,57.85668689683011,18.92207979353671,23.538717897578223,13.01294141398171,77.53438272515315,Central,31.815024978713055
26.144725744892714,78.11583771069091,85.98915866490542,174.1590549928209,13.085177603922782,77.65538466366496,West,267.44654528210026
29.987580588421384,68.93841993502888,36.86423200944495,19.932936819971662,12.87338488221568,77.63269639059781,North,77.99157839929303
33.853270762734155,67.90384867051317,32.53837365035385,37.06777223400897,13.023839293471593,77.48644484671001,West,79.02806540130369
25.12495457292826,77.76346943251959,4.720213786762944,66.75739536948976,12.956244675843225,77.49719283196846,South,77.55445167928113
26.886046140017097,62.93942317400905,0.7271098480323792,10.617361436044984,12.880567142186193,77.60366346971718,East,1.0249323336272482
21.36199015596383,70.85697274893334,149.19883181013577,39.98358356963841,13.032982051938918,77.56895942773446,South,268.23633979079096
20.822760255515973,63.451673706012556,21.293395067217066,80.48821782965668,12.965666684052154,77.44866887132895,East,104.7213417541495
32.875154934365185,68.98043524099442,41.596012021985516,120.97908714149969,12.998292146194903,77.49297897276875,South,160.06495460472257
36.13744017142494,56.25862013582627,3.738237922343001,59.05157818412684,12.89687032057337,77.6699949830636,North,56.161911951424045
27.567939270517996,28.417742625853563,51.71463418025051,66.3479156622617,12.944382185548282,77.60645233101668,North,120.87339841965917
34.021197387352146,62.985812567205436,121.34774011035708,8.099957716655627,12.98520627529642,77.69579229530567,West,185.42901098817117
30.169816150285804,86.3412220414991,38.575468691636225,174.87845006314316,12.921473244280953,77.63010375899424,South,203.5371381443503
24.129281472369254,78.89323103362389,6.066308692369382,8.533509763210063,12.85951176195431,77.68259232964309,South,14.435099416970994
30.168373633050482,79.48096226886756,39.222353972475204,89.41213918346132,13.088492147694591,77.46485657216115,West,130.96562939826921
37.228219398795815,83.54196082709326,65.42635870157203,18.458094518835967,12.953440262012785,77.63144546244509,Central,122.83044663400966
27.78504376534029,66.32986386442155,23.47098505320962,162.71729821915002,13.02017611108631,77.40606525604434,South,146.3078783178757
37.387861934884036,67.95973561108393,95.35105570396784,76.3692710400284,12.923314158066818,77.60122800651347,South,207.81584832830782
12.281529375461535,55.73522156848475,47.07297883926413,84.10000591884925,12.906539529207715,77.54078468343607,South,155.6548581383099
32.931415026251344,60.25890715959425,103.27960537332225,14.835353866470948,12.922149289540139,77.50402802157602,Central,163.01902465856264
28.522282409429028,74.23656724656712,43.95831024331485,35.115708778100995,12.922758993135695,77.65872130568793,North,81.58724215480602
26.205955897204795,83.05826655753225,6.33346163284155,57.71074623040846,12.963254034782587,77.65628030779726,West,51.77785590398656
28.550564659213013,62.90830586478501,16.67776435535226,88.1736763912391,12.963040960994409,77.4066905114696,Central,80.38476090236023
16.074586512394642,58.24716102722883,10.142539085835994,6.586171659090695,12.949146144764862,77.58285153673484,East,22.739596683426257
26.68196867297493,65.00791938284895,107.7745936166686,196.7897531428654,12.840435735475232,77.5103496672963,East,318.35675261974336
30.14267542907048,74.01810123393672,64.29531121080514,132.5569814427535,12.948822643550159,77.52469830045014,Central,205.67587049144015
36.867364268449094,43.34217775799687,50.77089240117065,18.91130280696588,12.850731170126195,77.64961222176564,Central,89.97302475386324
24.890378690358116,30.557285702941428,16.11253594185177,103.81511423139301,12.83784073588873,77.49295193145831,North,109.17984647632875
23.149038382640875,56.74194725762625,9.152810695436077,43.829005821180886,13.07979371520235,77.6829146431913,East,53.29725994761403
24.98945773849278,46.689313611287616,63.55968686771489,37.17222502787582,12.98148500394431,77.45389014791165,West,113.10083514203865
33.49241270621245,57.37789703529034,28.923947490300616,22.650639532113516,12.997847017437376,77.59881672701046,South,64.96728304828726
29.972506657958107,62.78329521773793,11.516019565650039,52.18856337783846,12.920538101100009,77.60163152010414,South,73.5069507727009
24.821438777397766,58.2012738646548,43.14301984747967,78.53536374695221,13.072694267574459,77.47565854842838,North,117.92559798986996
31.079604598680135,86.78701301706118,1.8526417941567281,31.752911300544312,12.9913791468739,77.49742518269017,North,31.26455655906616
28.58246529608824,69.90117146903481,17.76500111445326,59.528652462577455,13.030750960857077,77.65043954777398,East,87.21741211812139
33.81186994319734,69.50711539416243,28.44716941905736,72.10110960987932,12.910568740708314,77.62854157648648,West,88.8011889614368
23.787681436735888,74.33310716065102,7.2053932374498055,74.50501151367286,13.088003564245737,77.49872876409444,West,78.39064541253329
26.03402712041339,47.917503233288464,187.96191962537404,3.2019009540924874,13.046138387047494,77.56018696408049,Central,282.28415879181665
25.647351081207056,80.58667681130403,10.55611841831741,117.85878533774708,13.056184538904363,77.41850408887593,North,120.23458545249059
19.21891031120729,63.863535701968104,6.2850620849978425,36.77740543255817,12.851658280227726,77.4626237647196,South,30.60494545263149
29.776721662387455,75.05720925861819,10.240737052671822,18.26252458265493,12.881288962361367,77.54574616765812,South,29.880573171309077
29.566331633079336,48.92214150439767,65.95210121392313,16.60567592648577,12.885687979905073,77.42579212058376,East,97.02780209079174
28.030680739854766,41.693618509759034,24.94192646338381,39.58438214500783,12.881272766974062,77.65299970646758,South,73.45328452278964
26.59247719974912,77.26834487037543,37.501464990038734,130.73266615505977,13.056622448631286,77.6154018630323,West,165.3256976913668
19.507775547697513,70.64614289146274,0.9554845456483775,28.522449325904393,12.809565438562577,77.68309010119455,West,29.659210483183056
25.476128063407845,51.46922668463735,1.5767115156870322,83.11187697197865,12.822829996694233,77.60804007178922,North,73.77056535369864
25.943712900839383,51.95505378087958,26.562408740727317,6.109920289977835,12.882174461188972,77.68212041167865,East,43.820795837969264
23.186336384670287,81.88152176622154,76.33741417000107,38.78230864369153,12.859961892394834,77.5663537667073,South,130.75567158013064
27.032285730003945,47.15882160699008,97.42061327204506,287.389879475926,12.869557884164855,77.5800655833186,North,385.96360137543485
30.42430514088723,89.64009429883944,4.0814125366928975,88.2948764640303,13.03938295677599,77.69309131638788,Central,76.37367737887557
39.31711540726318,51.49068898028197,34.78394844868727,14.183491805567622,12.968937978167615,77.59263874405929,Central,67.45755620949566
29.047466876991034,74.57587888412574,110.00208256377948,41.762057499180955,12.801731198387891,77.40923597065823,South,196.56061276788165
29.545302344336587,60.07072286376523,22.094031532637175,15.965001869851644,12.928796829711258,77.61714083298916,South,65.50065252443969
27.553324505402998,74.04781146623515,79.62327742057909,31.613329666485313,12.922365478055108,77.67164060764122,South,139.0490934369074
16.48737270820575,56.838289968287114,6.458354721983533,90.87058389900801,12.834183580833363,77.63867407493831,West,76.32289254208465
27.8409167473047,62.558106408915584,123.27550076570732,88.50092902773687,13.002842536580436,77.57514998178763,South,240.09755576571175
28.36138125964616,65.61378763093582,62.640175485776524,15.534045636043599,13.010629156513847,77.60139105392805,Central,107.51663573489293
42.77945267491172,49.96718816327791,127.61557342392602,153.23481671620272,13.01626796571563,77.6970575367755,South,332.595284154238
26.845834211313264,76.11236518130188,50.80133798633684,53.872900798140215,13.018541283667577,77.42719862655281,East,120.55070435330431
29.809284054001676,57.30179650292622,20.32289733218897,28.67482182278367,12.80001584807969,77.60017344858997,Central,55.69535729928882
27.79172938176854,61.571001269899725,125.25962891453455,41.821551267690396,13.086176241154016,77.48501930837118,East,231.07882544729497
20.987931774282806,50.08475938087231,14.50645606295768,55.74299512817716,13.044262630116398,77.59202711897585,Central,67.97504574975083
34.85693688709012,26.564995118070343,18.167643241268507,49.24390750521989,13.071194508976784,77.58228707276518,North,78.63948689674729
32.511598196120644,62.13458356099746,54.30020257395751,39.97921986283916,12.804692988592231,77.44603704963245,Central,126.91110425207802
32.746191682258285,101.18923132419374,65.22824820945405,42.183706578732476,13.080157638735722,77.46202399372207,Central,125.65941763669377
22.543675271231567,76.76906431847036,119.28485169026122,11.645085921357165,13.042936558606431,77.58648887341297,East,173.93904455054968
36.4167658656166,64.71109430398408,10.312409391372318,100.51316171873277,13.05116574288761,77.43846898419113,East,102.77504032180782
19.588893623246314,61.05663756187599,71.97650347458288,46.82177477072743,12.82798621541659,77.4795542625391,Central,148.64848902471218
31.52114256280162,65.3369883921807,60.367370553155624,8.430243518144014,13.02163340867558,77.6505736643214,Central,86.83664852044686
41.142733754859876,73.20678672762816,2.9664150933220546,87.18634580294702,13.087975006892627,77.4981274518005,West,67.4183193344025
22.05678204921587,47.28780777036732,22.038949095312816,161.68788452139057,13.003564202425448,77.5464180468809,North,155.59729913961544
24.602213622383367,81.71482542003308,14.955856866119188,176.5962448390411,12.971168421387382,77.68234210054375,North,165.1853641661983
28.597908190525846,75.73071973161866,16.339972486976354,27.62865113482338,13.083688903324699,77.46814472665109,South,56.58673010976246
24.979146075302804,75.77278588561902,183.21399336053872,8.737409540290567,12.932881136520331,77.5168878052074,Central,292.3446490640462
18.696019413603203,71.57713608214591,46.32282899279104,43.83843658345543,12.979788069893143,77.58193733266307,Central,112.46322396849497
28.411377848836164,65.29424986540985,56.911522063737465,7.168190431801249,12.94290148804831,77.6266016788512,Central,88.18096089964052
21.626177717643372,75.09291853950229,169.0097972502359,163.0745955915795,13.07985386640809,77.67049601601381,Central,406.1754971993073
30.84155458381109,73.87721200612067,21.308971546479334,12.169553646824106,12.822825418029653,77.67464189627206,North,42.03130489541059
22.48345459459718,59.68938933588464,72.84066047487919,17.48260214806637,12.950335910247604,77.6329920223118,East,119.35897902160286
37.299606430105236,56.39597340654649,25.654488245060048,31.316887696162684,13.006085732415631,77.468499250978,West,49.87457752615481
23.300480245982577,66.5278444289298,91.64880481875335,28.989171137687293,13.037571961526671,77.40744279901277,East,157.18914686675603
26.067630902765945,88.23530227242782,8.966391302215339,94.98613338639281,12.974905594233242,77.51513217910669,East,93.82622774498776
32.881103304218016,46.41339386519149,132.77225888812745,36.56331555001341,13.072675323236435,77.44246465529635,North,212.54664826046027
20.61481410139627,42.9871210137134,11.109953928758,11.235337277936315,13.08259743406516,77.61311629423149,West,16.112088119457052
29.364759607624777,67.47141261854775,17.768357248125096,18.65375816273316,12.819295766958076,77.59833917604772,Central,36.902130138903516
35.84285652569457,65.76331552784028,63.511884400571645,42.692526295052346,12.920711161862412,77.41319149248645,North,121.6679490349165
18.355100592632635,67.60012496555612,22.521209296456664,9.571680928818434,12.807037706516347,77.65097813373929,North,32.860438689847896
29.107803151193824,68.6592979686275,42.16647649821997,56.75177393960972,12.898824997212333,77.47462297988736,West,119.89727501131787
29.55929676549054,61.65196618047792,26.460854721601283,50.04772028098165,12.961060465391181,77.52966812264732,South,63.222663119613664
32.69093723066386,87.34795157903123,61.03037644727795,75.25332839437532,13.073238479152984,77.60038012063673,North,153.50192615489038
20.57829573473151,40.98644032285227,11.663995698855237,166.5520763441363,13.05396629673962,77.52882563605569,East,155.9284402212058
20.077260321494343,52.57254462829631,2.7106338896518736,145.99892378086992,12.838249918001596,77.53238634083999,East,116.02420294051385
31.131649393701387,63.45117859776429,16.04583397224331,175.21035290463857,12.827909112422269,77.41968839860073,Central,161.96754258664558
29.781908039399116,40.35216783268749,28.936847422222026,16.839654478808963,12.976780201627001,77.520433064778,North,56.47152511881197
29.50295710207526,62.362183933518935,8.277612284002057,8.463773452624165,12.959635391737635,77.629454367966,Central,25.53049985140575
30.078689256981853,89.92205248592028,19.71858293817101,21.595960431835245,12.879913292429007,77.67455290115598,North,62.161554421948445
23.919851670529056,65.31329732443943,22.985879459510528,135.27638563220228,13.069835925366151,77.52404914111902,West,129.85496490950638
29.39352218296602,68.46051358578025,2.659707519137411,214.6477441678304,13.078209922838466,77.52707574806372,North,166.54516056876776
29.758434839792088,46.097528522411295,39.39327607300029,117.67815995059455,12.920783431502048,77.6107881318971,South,144.57335438220028
23.713891491841792,55.75457887940784,97.07085292675163,6.993223670006889,13.067090767134056,77.68283160033158,East,151.0751924831289
39.19464706686854,59.37205429514094,7.40571842021113,176.73429500740014,12.915184668278892,77.48011828207181,West,148.49820798364934
30.842997525470725,60.23427354865649,40.9871576593927,33.032022184253556,13.02104504954891,77.53204326196139,East,94.57059895335027
,84.22465692505654,49.17809507498875,0.5612341453168976,12.942782665264318,77.6387919730657,Central,67.65121220025061
31.939321651802977,73.36536591087687,24.461132856117054,35.04613165529046,12.836774946952156,77.58290807081221,West,55.846101950612685
22.15190997863607,48.32813064594452,54.343716210424404,2.82984690380204,13.078380260371107,77.4331759031892,South,76.14807692204683
32.722507622454714,68.69757167648007,23.799303702974328,47.099687312733046,12.936228978013261,77.58831982066869,East,74.53559356378035
34.95157347404442,72.47332622745178,31.610926493282786,24.79961837356351,13.020346112096721,77.45602388537921,North,76.89531559365344
23.075906089889738,82.102235577819,0.33210951486061563,38.48282232759361,12.910152144329388,77.55306478022352,North,30.840070188395522
33.78025677546593,88.70811029852561,52.9536234736355,56.986253490670066,12.80566426357287,77.55873098029814,North,119.43782225504556
30.47668556161899,49.77358712258197,48.72449408408112,121.86244528662003,12.830159107607551,77.6628610086675,West,160.26632669185534
32.93236095996694,52.83713733184493,1.7620932403177814,65.06509392106746,12.948865843846978,77.53874828220374,South,69.31155318937655
39.380757895923686,46.136332116280755,20.666776621954558,34.15485267443576,13.006989307137909,77.48383272667077,South,40.71439780566328
26.52767130398278,61.48970211339528,173.91375990317354,102.69749270470632,12.900420597973785,77.46928990446482,South,341.1679022122883
23.47758301385506,71.99537561669501,24.56990630802836,141.6015001864228,13.008646537753295,77.66227556300531,East,157.5333083745388
22.66291342224686,79.81001774883653,31.367051087260847,7.653638597139031,13.009590676829587,77.45130325632547,West,51.17489570894802
23.10513829020737,63.86073464536216,108.32264501186175,45.54862697764988,13.01118077219835,77.52776056826495,North,193.25964990886763
27.537389743515376,60.202287151177345,56.84553747726995,20.087423720932446,12.947756556206153,77.45615193447809,East,106.69482334369938
30.046911848899864,67.2763698837311,39.25987372542596,2.8922756052148513,13.074465845036451,77.63199121203432,South,50.265812537367964
29.660144795980113,52.472856475549655,71.93345061135501,66.25610036101713,12.946758955394184,77.54231179199239,North,143.4971521195562
32.963099494216145,96.3430808254216,89.90087228847007,119.16615564541743,12.935079558048992,77.50534310716705,West,233.71587589785133
28.078011351267442,40.885084593229124,27.46979329016917,10.668894741655631,12.85981424570319,77.50832989218794,Central,39.78797974443887
36.7212044629439,67.77110868343587,29.005355119042633,100.41096281360119,12.892296526206902,77.6556642620169,South,125.1539906182513
26.412059000572263,95.35409328844459,21.952949011371203,115.20110323222127,12.812700347755491,77.56613218628834,South,123.85764714996373
44.32101499953771,65.10199766839996,153.10720277709692,147.44246847140752,12.990060588084852,77.61536035533938,South,350.22523288524656
31.754004086590037,62.14941447497758,53.75570931395918,18.496363879219622,12.874560723178128,77.66911155487522,South,93.15985569315231
22.857054661502303,59.63831865784359,3.9100991766608484,140.57509816302408,12.89124657634564,77.67052250281219,North,123.84041386139673
21.574645011633326,62.29412477356388,89.43658543046655,23.198255724000234,13.031244356499297,77.49855271630136,West,145.6779999566138
30.89483449145911,85.59272712014796,29.475173559727985,48.22300953969358,12.898166354948437,77.68573537894392,East,90.60355189586053
26.659223288044895,31.822071330057398,3.2054266850966986,3.109657016152604,12.872658767603943,77.40746276460439,North,0.0
32.28400296455255,88.00150551944489,35.90458072514984,2.6923793468597554,12.850717324740112,77.51305066830486,West,67.73701439043697
30.83942574744127,43.64064271324783,24.293246150665947,76.45796805196417,13.032457520654587,77.66873965725266,East,118.12270557761467
,61.00021506148378,94.5757027097828,35.271037638461635,12.838911877397008,77.4823910639451,South,171.16149828576815
22.919237691589572,58.56133369552008,10.266719119899399,17.766437941907625,12.936126128075106,77.4819244350964,West,45.30496521593024
18.91091665188481,73.8282990465608,78.81181742358649,12.673899034747478,12.952079034823159,77.49078668552457,South,146.64092998876973
25.320910287597872,41.02813472174378,36.70835968059407,66.51130185972114,13.006216973805714,77.58369401545409,West,105.0622373013693
33.138392765940836,71.93258999122914,2.527112652334376,0.024097479943790974,12.989985044699898,77.5314998326843,Central,4.2885959328821555
29.284562464781224,95.36464434930278,160.6518460220384,98.3601776213923,13.043216201883553,77.618020450906,South,311.5247360607618
20.525567327728073,44.55238993110784,32.34156365929927,4.953977753168254,12.813425430177872,77.6684731927694,South,44.97944893491924
29.039085555107093,67.84559251415594,15.467673516978934,12.753705309573228,12.888932217433819,77.60225981248286,South,35.733174946610646
30.31190427837302,55.070267333050865,28.51918794798419,29.288726016017122,12.884040235632614,77.46134001605928,North,49.85148223972224
22.696855382793203,71.38830809289554,87.79172391212529,39.79884744696791,12.843805071677632,77.67980457070816,East,171.8744967622958
28.92235063567317,65.28721666123629,16.366682419070926,26.30984339001296,12.886753476156933,77.47934786200425,South,47.27074601269533
28.349252310676,55.37769636433536,9.63138129345178,23.202619863770707,12.89292959424287,77.44496828859845,South,39.822486413256115
,72.3180842730661,6.2187797014881845,199.31436358640678,12.956565338578244,77.42699018365829,North,166.95934830502492
30.1467241620897,92.06522164680115,15.912972351796355,61.56293439174404,12.999111343677876,77.56901512219986,North,79.8450756349731
31.364707158209406,62.13644312409052,68.14558502892234,1.422712375461001,12.914330154083544,77.4341287387442,Central,105.83300010587492
34.49830745905166,75.79636913222274,28.70782217372472,33.74565462537736,13.015841069394014,77.44163276523379,West,75.13050678626661
34.32281231220942,45.60090563193255,11.614475542717804,124.77066852321886,12.900849601573874,77.49000914417866,South,126.25537030457474
19.733983792257455,50.65345434772987,8.178467548661335,21.52544261994644,12.887085103194428,77.48449590290534,West,16.838566480078477
22.373049760509264,72.08609416820566,18.20518797823337,5.959813718127907,12.962356416757107,77.58127185309965,North,25.04488637008451
31.09021160325196,87.26174042803947,126.5467976351013,85.22452700455165,12.807114908091737,77.6450235838418,North,281.1480339740544
31.08271570547325,70.3342002317849,18.905036389038358,55.88636860423218,12.8239367370902,77.62840489686087,Central,75.13937512529027
31.090286117836285,60.30412954215269,199.49589529840418,50.68182581409333,12.925390863075958,77.47874533641495,East,322.6213298964526
51.11638894392833,64.98937108135031,29.88161844271086,3.303911920182109,13.082873813417526,77.4735931493958,North,30.353132688861095
31.425343064159,46.243883990454236,8.884433085014248,9.084198125371628,13.016453533953028,77.68973745903209,South,19.844095115706075
34.813393841083595,74.0677298953305,99.79620611407957,58.45893418502692,12.826437970850169,77.4024708724776,Central,191.23108784586705
33.72401058095922,78.23499593485114,27.758000450855167,13.978289369966772,13.053895403834263,77.66391615991807,East,44.755913731688466
31.908347507834787,58.218645007503795,55.653376474757366,42.07923912329564,13.019690231182453,77.45991855573672,Central,135.07490735381353
26.108384532157928,57.94936778360748,185.2785472550545,47.23187178772086,12.983283957710796,77.68418529692693,North,312.0121881135308
32.55381532295961,68.98817344478073,2.31650508188638,20.003224022054546,13.046087888182752,77.50269218544825,East,27.687064762495872
23.36304871277457,58.44920395939107,4.576253951108339,177.88327415163266,12.921232954322887,77.53210553216798,West,151.67224822505887
26.579088359559947,64.00801078061266,57.35692022444427,110.88611721436078,12.866450315256156,77.61213618418331,East,171.79538096112492
25.087818713025378,96.49582683749773,14.896890523350965,76.88871727821329,12.953607016732628,77.57630071544199,South,72.43906456444758
28.491244836317936,61.29461448881005,9.166965806490479,4.872204177797938,12.964652526678043,77.49538179891205,West,25.340527592100567
41.887951400041054,59.62489771968167,1.8070878069000054,6.731696991245282,12.961497911602974,77.56614927476035,West,0.0
16.796408844449513,55.286872915472614,0.993999825842788,40.728785872681044,12.96952213744403,77.61921206530887,South,42.78080318665083
32.117561142247084,76.16287957249905,67.02170750186528,10.512178390089854,13.084611475471753,77.41270048377075,West,110.4551593430744
18.32370477286209,62.28163740172845,6.496694514301694,229.73116447059707,13.070673686928869,77.40335979157672,North,199.71574097216592
25.1684088052634,55.25940442517861,28.376404629241723,10.355598649823737,13.062715110967682,77.53742008172188,East,50.926716031595795
34.5337035818042,84.81956048409518,41.90141311038478,40.1035085921166,13.040425043272588,77.43955098534106,East,82.59148524335053
28.385680114572775,86.29404506770456,25.165418074832782,27.164824482294897,13.083028432179585,77.59930328743941,South,63.49545394749673
21.53353133242416,55.99364651391942,1.236636659713735,61.1968988098708,12.829548392503822,77.46421573686824,North,59.30147319281163
23.708177744440192,37.00190072959076,68.85772523655899,8.289306255246347,12.879536978433721,77.52985533203871,West,105.12654471598816
32.07758649360805,80.11270534755383,0.4755995505740439,33.760452552933906,12.948516783696375,77.45930128106228,East,34.29568184735868
23.61780020969718,54.73055261359994,64.57599376309246,19.270611334111173,13.053960347937021,77.56454507572474,East,115.24599604528487
29.29875153749185,76.85938398744153,100.69993069486677,131.2224201163977,12.95154971345682,77.43481603781538,East,260.53335363752626
28.27343103942288,35.44844273432247,25.52011600153923,2.485937851453603,13.024410421802477,77.40693205583625,East,31.673577300809992
24.0903979143651,78.38896007448963,34.50983234512574,147.01465908322783,12.841687971574675,77.41533949143202,Central,182.19810274376061
40.863664535951955,46.83242106078828,29.166392760489916,107.38358212177751,12.875724143892969,77.6862775324546,South,132.6167645893839
,75.96146178599787,,21.1926328088331,13.019532828511302,77.44268586558329,West,58.5486914188622
15.849144480054356,65.21409601754651,98.28591684809864,93.43653632781796,12.849420202666318,77.61254347594105,West,218.29660520601206
29.118725888616567,50.690908709050326,100.9660105657691,1.9026650332689394,12.90540678039648,77.42037786126686,South,162.7940560590833
24.029281211389673,58.894455306098294,18.41384738098677,204.4309056718191,12.879459877344072,77.43244810567056,North,186.94607275206096
33.114600008777344,75.29477685435052,42.961191316571394,44.8682339276718,12.904958508266743,77.55266287542281,South,91.41881166508372
23.244875569403796,66.58841679672851,117.72136651074666,21.682388598432446,13.01249721472339,77.53946127904631,East,211.64638488045216
27.311581351198605,73.76619470708727,147.2269388060263,27.019892401773483,12.91035415434284,77.68547409283197,East,218.72966691704255
31.02992367388274,94.64660876773229,32.00524802720571,4.122775934305081,12.966578996782383,77.68345063590623,South,81.20498622532321
33.19453116502073,41.53637582433423,27.134381024808633,272.52898548073426,12.829979563116323,77.63388259276275,South,265.74216191363695
20.798221557665343,89.25818862452937,14.701151663468668,2.405082554829349,13.041505307970388,77.5806305490382,West,20.82770455523242
25.992992584954308,66.5653390628482,143.5978368424234,63.83650139482473,12.910966587694437,77.5364880952179,West,269.7267148479082
25.150328133034265,51.51823927515308,6.934531633251057,35.082963235716754,12.994560247710004,77.50685356029854,Central,45.49148261074517
24.080024604557728,45.04529561391515,39.01926954117147,178.45729281194792,13.017616880498549,77.68412626409267,Central,197.97023677869203
38.59272544168658,62.163194138344494,14.94235768779236,16.941753993212654,12.86289827663351,77.58087264342741,East,56.3193686680207
30.429890265765735,78.82475167886689,14.720743807435447,45.56835129064502,13.065402495486005,77.57372175830581,Central,73.29144160516921
20.43469627398973,63.08676319433699,23.361348622695523,39.5080760776104,12.984867275482086,77.46957033653068,Central,93.91675174275136
33.507171682328654,87.66732395371021,302.38038726856973,72.81441347542167,12.928617542525444,77.41400934536554,North,499.6076988202259
40.7329371820758,43.23236464922662,2.544061409380509,4.22600657079189,12.854700555073466,77.68355657392786,South,9.349948240902282
34.19479156330688,64.81866578230918,38.88156236768597,12.924596724734227,13.082690281370361,77.4941205776534,West,54.79189709298643
18.88378020427592,46.214098333803214,3.8781606827778288,14.49104072982931,13.026520461239487,77.53277670699734,Central,6.495350225024046
25.094595562802493,70.45447823937452,7.553328626053933,80.39918045918174,12.862407368819975,77.43439198307571,West,72.38666263374749
35.601466895119735,78.3033108514595,26.056725234053676,12.579495503441592,12.901313232417268,77.6510772989728,Central,46.0668992472666
23.753983206287316,58.6885730947842,32.14302176786625,51.12741607878022,13.042902277426421,77.40828954985679,Central,92.81550251696693
30.66291656887737,25.936792150592986,13.476354401958933,14.542932528598426,13.008703298964601,77.65019722862974,East,30.742296454914428
32.64780432057602,67.98422220194742,17.120965714955137,118.66725163340068,13.029735287814717,77.4420855038364,North,128.614995504255
22.4384171705315,71.55107827600264,4.094247449132066,171.03089295207403,12.93236033066388,77.66596923378935,South,146.15513595288948
27.6428478636292,71.06442132442547,16.25783608239838,43.850067474417784,13.01494287879265,77.61893179120085,South,75.94213959206695
8.552395959585564,83.53673287733231,152.9080120175629,26.060482166216524,12.915948116859175,77.4494010787522,East,258.4984393605854
21.853674151994262,48.93419480526427,130.28021385728957,15.99891218345585,12.863378875081459,77.56974539785784,East,196.42984473278764
26.48459109164104,75.20324158175674,18.350335472509418,3.0637677745022276,12.989803110452408,77.49379689430657,South,28.521637481592983
20.5133009082109,82.88761268716962,38.06810744075351,18.759489761283255,13.092804177679637,77.45346992967347,South,71.32964355541101
37.79446782358981,38.32118623990225,108.15570133189182,63.71989086853241,12.893180291418599,77.65775465982334,North,217.6085121303728
19.4191517322362,69.79477738878465,0.27913597478728486,45.76487680354451,12.938290877663762,77.52105682995217,Central,47.78339636337127
25.3597330798181,57.43730253488493,74.89509447900858,172.98845833242885,13.002200411320956,77.51956311430962,North,253.55945017162716
28.78444346371655,63.77715990347531,133.36396732271857,30.27841381803846,12.962451884636746,77.45096600244199,South,230.05030110136903
36.64763973439669,70.21514725307505,4.309586668185383,71.02342098149906,13.053028338712714,77.51491970282574,Central,51.94084688629098
19.384827092923363,57.691571538296714,7.9235239374988184,40.32104928463217,13.028522811940855,77.66148505389866,South,39.55010869010977
34.97898251292976,54.86437881257582,145.69693390268225,43.1172804674412,12.817489161158708,77.5089386131469,North,233.91800509903783
28.061398366117523,65.51228626232037,34.703798528562665,18.69998994943658,13.099526370177133,77.68548106874994,North,71.43518306809226
22.110948093712295,48.69131091705796,0.6434266819279111,36.412750240571484,13.02572073611584,77.68389266976251,North,38.51031927753847
30.772620845579624,48.712623066722216,13.405959009982158,38.18162980962451,13.059170994888234,77.44346959779222,Central,37.46440536301789
29.19435817344082,75.19059924434755,26.89805680105294,73.58180108075496,12.995359313628605,77.4531933760568,West,100.79700477787507
24.398698737047233,47.76808947262016,53.12748908897871,169.44807998471953,13.05688553841403,77.65880222109956,West,214.22691894863885
28.418812509940114,74.99468751363818,59.44983607051718,23.967903640287755,12.833714892478614,77.51782827567742,South,125.23347575307987
25.68811841882944,71.93886939280927,242.38740008236724,2.5870068180246832,12.904321350667795,77.4013121946849,Central,356.70700437254374
28.681104071507487,39.11289906814105,15.2545988428296,41.145884933477646,13.062926283081348,77.48216154591162,East,64.98018036590726
31.97278404712628,54.83653021496517,34.77001105758989,47.176480493066016,12.860496563380067,77.57928869795867,West,101.32692491795434
37.51610089687211,82.91164104571058,34.29535875275095,11.067149218326799,12.823472629574008,77.639779789788,Central,58.34724460460919
20.573107007038907,50.28251703290478,23.41255192012962,85.7432454792893,13.036435681983566,77.44001658512798,Central,106.63839357657925
40.7982002479376,58.033936065359185,8.339414454350504,251.6994064167091,13.050645846692989,77.43316240932502,West,224.6432164123503
16.287473202864987,71.93091339877844,170.65400875551313,174.87648020663534,12.84879566545697,77.6766277960717,Central,384.88716662515907
27.0892894297865,76.75085763923893,86.37672401495365,13.171957625085797,13.056303794834815,77.62534451034678,Central,135.8311485806769
31.52990323890746,61.22691670933256,31.04184520872455,124.94110147599328,13.006030338679151,77.57693388023343,West,148.3780361016619
29.685951206410195,56.03734707962538,41.599682217625016,73.14389444292121,12.956024804964976,77.63075603699878,North,141.55489044917655
24.263802881076437,86.33554792547761,11.601630101615745,36.29131944281532,13.049075057834415,77.528656308392,South,42.43779224612789
26.75126649785635,91.08349495696368,35.31580324020458,46.671475256099676,12.92577477479569,77.62753672419274,East,87.62433985592101
25.041994392047002,79.68287076172693,53.43055123396966,113.66748185485615,12.85819818686702,77.51154089738236,South,186.55069654204542
24.46381145833473,66.27977213847537,32.57778761036653,39.2511600232199,12.885455802983184,77.47322837174778,North,86.89739981507593
33.097612582126146,52.8760141753861,208.5345789853652,28.028371516695803,12.951549205487995,77.61870402638789,North,357.0500143678349
30.142092915790283,52.54333390165152,42.52745767434932,40.783952790054876,12.959399237801954,77.52590168764719,Central,107.35080228046853
,72.83771157898636,,51.92584895788406,13.04167424793237,77.69441313129786,South,71.37241517452266
33.397599252599505,71.27597331333025,66.55844970982379,12.574978806155318,13.037405817095701,77.50484555469244,North,107.01509490972181
29.843797125259655,86.02397889419645,8.409913937030334,138.70223072406228,12.974409967161373,77.67651822615932,South,115.3307114917485
32.87717271303376,74.75675138804209,21.8405711764365,67.28589148653371,13.034235645009643,77.67988876457012,North,73.53932409757469
31.777773051541672,42.45379547360273,19.175187984919635,60.187586658302415,12.857532037488102,77.47255588411943,East,80.32100755374859
23.026029934467566,80.77921426584378,25.43824334835526,6.288055414230483,12.815019358127989,77.63946635447641,North,49.457250989949074
24.638913758818184,50.02909059028381,68.5012838880792,55.60682412182491,13.06209014679041,77.52992235154338,South,154.71139707873778
32.48376163073957,59.24043092071473,29.78927565243703,7.735537766466386,12.822666348128832,77.67525741816911,Central,49.637570863112614
31.66222159260079,68.75300309377542,71.09771668088021,4.918022368474784,12.8740065289232,77.53503728179058,South,129.88213993766945
27.87459043621511,94.93501234675946,38.66290031222631,44.95904347516123,13.008595684887315,77.62329111520121,West,80.37713506217118
28.703964299852693,111.64877834008041,18.839514465923585,30.928739438848236,12.922834381288194,77.54009022274914,South,38.28556981121429
,74.10084588704274,,53.32203247283657,13.062894190974653,77.46834022671386,East,146.5532153295593
24.45057166698502,62.25205071919418,12.248502329328614,5.607377051651853,12.889393938398682,77.45980503868341,East,22.918195334096218
31.282584287020228,73.01758472720826,11.434338508279676,33.83070472642747,12.803561404000808,77.52762935827691,East,33.244910473680044
26.786844085396634,78.31483138810754,31.59872219025738,11.526803930512104,12.890196692168225,77.62664839710426,North,70.08891505085211
26.69391278063668,60.189985616642126,13.601402167213068,261.03207770525546,12.97342251475545,77.58152144555423,East,221.83811148279682
34.59266111192314,91.92817033868484,0.4107858249895451,49.41588564099188,12.912781512620988,77.60658878697016,South,30.973489137880488
32.95249809392818,68.45106138787104,47.023636896698314,69.77692711348777,12.960461826727627,77.48469790521959,Central,136.90778629853415
32.88105781600383,72.46614633637091,32.20131023402588,23.619747316374752,13.062979435650506,77.54443060378729,East,69.27212125194403
35.83287284292597,74.98886378081693,26.537426992666724,5.971913095889271,13.07374551626911,77.4133185794908,South,52.43068345857915
28.126023049796554,71.32379915921683,153.46323314580727,223.46010933732603,12.879792219396235,77.64525972478744,North,408.4870195874019
32.091717827769784,77.58410750704418,38.104324477010664,20.234110627366366,12.93864214198097,77.69696764867197,North,76.06130786500934
26.138399460439263,55.741202201796156,89.5918287748738,33.078879712257105,12.964743204572436,77.52206371878741,Central,146.51535240941251
29.94499811493065,56.62547369080954,6.758272518651332,62.96600429546531,13.084733737066474,77.40328909593947,Central,59.03180960305767
27.219141673793892,48.497686505424575,37.89568513953641,1.5004435353934027,13.099585195749315,77.45093779186529,South,47.56332084626193
28.58197578995631,71.59251845930339,91.11595614109687,99.725758951939,12.870622174652459,77.59575806332514,Central,235.99845617233484
31.57094215262148,76.6840475526817,39.37152167680693,46.14705617896027,13.018093961403745,77.58362379546116,Central,108.90314150246073
23.090675900599166,71.86659299227829,56.96543188593275,19.5618599074418,12.91340931866996,77.63635941587566,North,94.55839884959026
40.554323654112764,90.11738650021306,20.937802068795374,3.8152494693168313,12.802432459065864,77.47616520328833,South,32.38334678705456
21.96389571100179,64.9160597175643,4.365273860147337,10.639927398833349,12.802775756730771,77.62908957466415,Central,13.455661609124125
,75.03112483388769,27.553740170869766,135.24704676591278,12.938169802268677,77.60639520645711,South,171.06781332944598
34.948665241000406,48.624486857910284,22.575000598581695,69.5063665405475,12.9465004739013,77.49684434931416,East,93.43157714887592
32.74997616377762,59.193504462883986,90.80364385164692,17.253062593140335,12.806770908972034,77.56364644441709,North,145.72923984578446
31.744718902312933,75.43306636348666,12.586846005109287,4.071089133412297,13.00607822503229,77.44418214254951,North,23.603992079883234
31.77007305558568,77.73653166114715,153.14518190281342,70.3901899591019,12.888201016578487,77.53576935103068,North,270.66001544855635
27.926519362918512,60.59049578503726,142.80208410115972,50.97511009243279,12.967967930460786,77.6643592018667,West,254.24648112621932
22.616473771085012,63.926011222129,12.803815737980244,31.103200643278768,12.890275721949626,77.52635741394762,South,33.279343278339326
28.454827349162358,42.231893799787855,19.250568294548213,27.11675839420149,12.850140294460793,77.65187001194263,East,32.09259891688118
23.93702973092733,59.64456198790086,101.65957899211404,14.663124937493993,12.922152121579662,77.57707600957791,Central,184.08560968888156
33.85071840050651,78.35574745279679,152.99392035140593,66.44911844035018,12.86968200943715,77.45756301393071,East,282.3802452900074
27.11765571098717,73.6280752415985,26.369040842432582,211.744629378745,12.96044029307575,77.57433187340938,South,201.23339910064266
23.04701681924493,72.50998582071814,17.420841017485813,11.594353999761585,12.859648559085944,77.55179499874713,North,18.43495202589163
26.07168495008204,65.7466053077144,33.6035842718492,54.54648831629469,12.95252179299339,77.51959240055892,West,91.83140741607254
30.477588725653746,65.10594737942264,52.3805688650815,33.118136834617815,12.84721355446066,77.43588913185482,South,103.57359624583053
24.617652683176154,55.09518290789829,14.376677308046666,35.51007274012365,13.001292412845736,77.52501259915417,South,57.62359108979974
23.06667762660141,75.48242630303803,60.0120050436097,17.593627482860015,13.026181305332427,77.4218287128719,Central,94.55456747959518
,71.31459416584084,2.386773197423169,104.6244192167841,12.83311827027498,77.42963071541963,East,81.9421137522946
29.469799426652337,72.380282719892,2.274791886550692,39.8450892154691,12.940340723611202,77.52477495987982,East,26.042343862753725
24.958340947773223,57.10947735998629,21.970306611281245,47.037621712341306,12.821261510196463,77.49161444459054,Central,68.40505754959415
25.173770166290062,32.69985620193133,19.6263276914943,21.809968932706983,12.979454733662601,77.67766329775867,West,26.9575270618288
29.392299624145817,81.45729067630543,17.066757160744583,12.039529214202696,12.879321289378893,77.51271174161408,North,27.189750366234996
19.311493951016054,57.81743815987394,30.390574034110216,5.3896001275301435,12.958287337051612,77.62735743662164,North,56.19470328280313
19.55521735374067,52.058363539353195,17.403383729244798,75.13080789689947,12.955238302815287,77.55907425790987,West,73.95527534813223
23.689334672485383,75.4021836787099,9.608061484934785,13.106846844067855,13.07730630385814,77.6112257005927,Central,34.8926286606533
26.719317089728918,59.11981040121306,16.663284328764746,70.28556534477464,12.964724966770618,77.47803479490463,South,89.95699608524949
29.86544539358803,80.89904576069932,165.8275955468499,29.69481821890343,12.974899543915495,77.6825714918515,East,282.06748213378614
36.85213730169731,74.25508924365046,23.828475259684758,32.24812534442519,12.920495937729314,77.55902654907433,South,61.49598175998293
33.145957739212115,75.25353984800716,26.472140096777856,37.999654872884236,13.084723880954845,77.64939722138558,East,69.16393206803215
,44.51066433199199,38.66886018828377,27.504286190877583,13.033155772831883,77.50951370804285,South,83.202812187041
27.885902752583867,83.179159780796,184.2655844974531,6.3629769968410494,12.885621587090853,77.43006340471516,Central,294.6914269439817
21.984823812173147,68.91875796850785,12.444570499804868,22.23181290106776,13.05326287573287,77.60211349431626,Central,48.74507716916217
27.88892118404566,59.460842911306955,51.45520169291805,65.39123029201762,12.929718908055527,77.40232789450123,West,112.87343405318025
26.26804816647917,67.15082701013377,56.64272158320401,65.7581393801814,13.048600143060078,77.54258789296966,South,128.82754673825525
29.936311362028537,38.356471506525196,42.06471732174613,20.231191307888064,13.046866420488051,77.45784057079995,South,68.74263279703634
23.036614338686064,71.12979217221006,4.173733548035881,36.98257239998128,12.856661056028857,77.58821265133061,West,43.114388024900705
31.116079085447033,49.559427377268925,50.83684213712795,12.899157013100632,13.010342339415073,77.69382596194136,West,79.78173634652758
37.196433478015464,44.70994571234698,2.980844758294033,14.171606024977926,12.88719289079196,77.5393208718962,Central,13.774645228756093
27.347439109258854,42.16461220673163,40.80121003432207,1.3990095022201532,12.8892478009978,77.6452494769577,Central,79.40050814882028
30.410270332593647,81.69032562484888,60.54588392244309,136.23411796572978,12.888904423064174,77.55233525608534,South,211.01493007921619
32.14086395026668,55.561049094608165,10.662785883875811,14.197034795363455,13.017670474267984,77.54875200933121,Central,41.113796086653934
25.592677168684983,88.00591564874749,82.92468355928074,15.490027488676212,12.868947812537762,77.67912704795364,Central,129.6095069376625
29.3445548908625,56.96297805421553,1.3870809897119731,19.67703926174379,12.800271750573827,77.666989760624,South,0.0
28.07555440469077,39.3896306361058,83.5515179430378,8.177236110124356,13.01457105604479,77.63574013955639,West,127.91381878651573
28.58605659129299,48.25213340077011,27.755805518864726,61.17634765081818,12.851355423150538,77.48887672599504,South,76.17529796366358
23.3619412968672,83.53717430010408,11.0418185782139,4.686965843317911,12.831344718592351,77.56350252471718,North,0.8718062456827127
28.147061045553656,62.66152733094999,6.462639882872224,8.646248783275237,12.871254836178219,77.4671691699917,South,27.89768712066121
30.9879897474727,56.77569055264099,137.88740733786082,62.0971468194557,12.913970156696811,77.53317500941397,North,247.59034133507865
36.70686164677025,67.40027338779181,3.394846418576539,24.900081883877167,12.942771898241961,77.54526391972794,South,16.946711137113592
33.75562495651124,72.52674104251318,9.990493553203843,73.84936901961565,12.81337101221379,77.6494920120508,North,70.40759741233597
40.91909474506934,81.76098223853691,19.234722640832207,48.908685627126964,13.091171999788207,77.6688085095975,North,84.44397725333829
23.395914622671704,86.7274884483939,43.569100840450375,17.744562178200347,13.014818916025867,77.52438601871894,South,77.93315839615423
33.233923820324065,59.60347031316371,35.41593511561786,63.131429982786145,12.896958219597302,77.40531133352198,Central,113.14494252195162
,45.10928470876942,,7.416471442189338,12.89560917718562,77.65853215193681,East,11.842746188463416
41.13881759930604,58.79802258315086,15.394826737062179,46.125333864146675,12.934562764810538,77.45228360355041,Central,44.187888383275315
23.150210287869093,68.9042075987433,12.27581039297349,34.484324968380506,12.98787344682891,77.58656458916712,North,34.1028149825657
22.961668946915346,50.54361610684084,10.809767050169965,18.708124731772106,12.84391191997669,77.40749127013025,South,31.143284696989
24.403644127335866,50.642736276574354,23.830838046339743,55.58122130169538,12.856678944129486,77.51985194257817,South,81.28758972589615
15.256625654141159,70.15681822324828,54.78759400767911,123.03193267168913,13.057830374850065,77.69578809063461,South,186.03403646132372
24.845469869915433,64.27021472644323,11.034054353506257,409.00360585953405,12.876876477166721,77.43020808033114,South,349.1852143748867
23.445204030677814,65.4919549311738,20.55499588904392,56.15330642780039,12.914058499392553,77.5271079455999,East,84.756766310251
28.902362718857248,53.62256997949896,22.311064455917712,31.1219800030938,13.061381555285035,77.492144985057,West,50.67266064081763
30.050535854662957,61.54398928691349,168.70080399150405,15.30957068552784,12.998944348819947,77.67152643701648,North,283.5710497928816
39.257025035295314,51.136502835975435,139.21676317744163,17.831314131966643,12.902513563802508,77.6608020323722,East,242.2777713089022
33.7025430291163,78.3529761668718,72.45567283120738,39.172733841423685,13.005109863717387,77.47130962809187,Central,134.8163396051145
24.538578066025583,80.52874002085629,12.447990990584568,27.463419582147214,12.805904964614426,77.42435633611514,West,32.70352932842458
22.609511971909853,37.307182066428595,3.170812575468412,147.07521548601483,13.02069279800341,77.58814151821834,West,104.56829473144788
30.951515029039033,51.05733709711385,17.1504033539368,27.560010375996306,12.946104812154871,77.50091061356511,South,49.482504603270634
20.078600757876146,42.55206117364881,13.964819809606302,28.05108399900251,13.043954644185337,77.60162531718183,East,47.912467300520895
38.98875259512612,55.249640983896526,31.728130692327877,29.025176351037757,13.08639129560194,77.40963592682034,Central,65.01906900044992
35.076640724327724,63.748430453144586,67.67338577653396,108.70066743999669,13.07773656484837,77.44001977055325,South,191.2982582822741
25.18494608737177,43.255321704522046,87.93922629589395,63.12462060722215,13.072779513036602,77.6059116698318,South,168.5304008216716
17.721192825454736,51.1721028031203,83.855415508561,57.14132647678062,12.953650986780167,77.46371119659075,North,181.17292219634805
36.123234244992474,49.94063941877752,20.060113296955514,24.4008227896553,12.908042634241681,77.65727630272872,West,44.301049536706046
27.31276092848429,68.10900994098417,52.30354815049534,102.19333377225954,12.939510597419202,77.41757726631305,Central,163.09758577907132
35.42689787184077,66.04016505554375,16.88308529034427,2.347148047352095,13.006968800994008,77.46464459483568,West,29.30391684399762
18.433434047233796,54.1739366999412,2.827764535465184,122.78230811671273,13.065199333061356,77.69956807454552,East,82.86307504288453
24.403749862277362,67.65231308209097,54.414180688132,43.138664096286576,12.862095890900036,77.52992283077604,North,124.47252697195495
28.0314621983091,56.79979873119102,0.44442727646640773,30.474815557180584,13.07545794753851,77.61088969906339,South,17.202060029787688
28.28188356258845,60.9251733451092,23.681171517306705,41.249863814033,13.044554069590967,77.4547989146571,North,70.54669509320941
25.29960717112454,90.10178135447805,17.97981892971804,66.05168445855246,13.09365680455347,77.58296062049567,South,65.71227211558576
31.73709959408499,85.10691577685522,53.19621249036622,0.7708562810173445,13.064075531984505,77.61783182051083,North,75.6172318829491
21.594277423704433,45.506281446086035,65.40676844088864,123.13380049801376,12.883981198907572,77.49434299075996,South,200.2496817290535
27.145723089872238,77.44598626818762,16.314371960208803,35.515582033122875,12.831786773403214,77.64866913359276,West,42.0909956935341
28.721773790271392,77.17094831737388,75.11990921523608,25.201218146117945,12.833672321597478,77.58102527354168,West,122.59557690399538
31.086633004352493,47.776050668710724,15.660996546212445,8.927095669798417,12.887366995573483,77.51673690288452,West,31.883852497762255
32.26968926853334,77.2816646563229,26.603093847131902,34.731855721960294,12.984255117195362,77.56729271800295,West,66.014980800392
21.252147448972785,88.06897877618829,58.425810777932185,41.149178116907194,13.041296097829152,77.57302825423078,North,124.05110481075215
18.795314975586265,48.16182790633379,53.129147646993665,31.015319584559684,13.069775092094469,77.44966058780817,South,100.82790392199232
35.66606093139106,51.237457684786044,196.72017267887955,68.11534910120108,12.98712601531077,77.5208197109601,West,355.9875240845688
29.99388407187755,80.26492200265254,11.479501997931397,32.776446634147696,12.801689393824416,77.50302917640585,North,37.7708560613372
23.50908078066068,69.07242966238472,48.854267942283286,195.29750945140034,12.85589503295556,77.52027081677375,South,235.49005533208583
37.306911853135134,73.27214412859286,42.33569636204237,54.869169339639846,12.82991786115601,77.62833317654558,North,98.33106217207819
,70.10883824600745,,98.85267070995504,12.908997342670704,77.54476152224001,West,239.44497829700373
35.07578310438296,70.86043881392216,7.651437941010532,6.948622417938618,12.950405298090123,77.68209484597178,East,24.342763906498952
28.405110888460655,45.102918075333754,62.70808532915149,30.37927631106163,12.813019153573569,77.48810292400753,North,113.22174302766776
40.36448754929192,80.70976559932173,37.79782564735569,24.6450362360859,12.904543392738697,77.52471107348548,West,64.70046409018268
38.53204505465923,82.54384988641661,14.450528746665851,50.566022741960026,12.853753902387597,77.63608704314372,Central,79.42977004727865
26.50621510912556,61.559138838979585,28.947655855744774,118.44590223688144,12.994121049877663,77.56380737799623,South,137.8268722269407
33.82942570572613,64.34784575279207,18.27586011842878,4.894617196128111,12.939281710797303,77.56410844392734,West,36.04400470642547
31.872255697510887,42.03338746166417,38.96402162386827,4.520587952679237,12.948595294080173,77.41600204890156,Central,39.44169982916704
36.21178934519409,72.71382134026753,98.9203761233897,113.9544171311644,12.928307536410038,77.51957989881554,North,252.86218368542848
22.210459236519373,73.58086162571216,37.90597769126335,14.360193649508487,13.08680591314597,77.48122011972653,North,94.80943068914695
32.11630875999064,64.06713474501034,44.95132472073297,66.29350358904738,12.86442053753647,77.69980053684934,Central,132.88361448927304
34.350546921097525,81.86530039805754,32.91137639380228,46.96831529057991,12.954999277953162,77.4925065211897,Central,100.78874385319517
17.447563081461315,59.98884153530089,2.3634403412726432,107.34747078596531,13.0208052105096,77.66534896043817,South,85.33543832962381
20.90044892400535,73.469088888404,11.928783769376496,8.017980541733916,12.96705332394037,77.60287012051215,North,26.82579023407223
15.764606933439396,49.705034919618264,30.47747561114912,8.340758025479694,13.07870626571504,77.50227492275764,Central,57.2695913623064
26.383558993332652,64.64671773688643,16.713212871411674,48.826534261673956,12.913390506692386,77.56306031351224,East,57.15494632494183
32.30525353477577,62.384686131457464,9.027179272799623,175.5484819169877,12.939102741731954,77.65216076398477,East,152.73896015786676
37.01414231257617,68.37961883061412,31.565124655991205,32.16837599476545,12.826556694564418,77.66501048940928,Central,63.07245692537374
28.44456868251865,59.45709606749962,17.54113907272511,23.755435243618393,12.98269973331558,77.44811816250184,South,41.360994502690275
37.77169327342775,63.027911064924986,13.43480031004284,55.9893271920069,12.886463590534433,77.50187194236246,North,73.35257792254097
19.71939125071065,77.3907075716226,28.061726040606267,159.94135435490102,12.84809271185467,77.50056695406407,East,152.38804788964916
17.77970536386907,58.44853644142674,6.4369898979310936,108.81374597236476,12.963359387871353,77.41261343882279,Central,106.23751770137997
,40.90134348891981,118.24037531791237,324.0025463495813,12.959693079013974,77.57947132795557,Central,420.788993984602
,91.24375856308131,,1.3696290856762527,12.822761492367215,77.65644601589766,West,138.1524528466532
27.80383151143544,85.72181118035729,55.33663303144383,7.185022944984883,13.009464636048342,77.51447231634766,Central,90.18731927320731
15.59534739976074,45.616059573415725,5.052992092407613,56.414685654689436,12.987131657195256,77.62201078349526,South,58.439398881452185
27.46527976292327,75.34561707867792,67.30026327409517,103.08036045737612,12.85670518482395,77.58831012408022,East,181.60928094890403
20.17318299697088,57.455378441729856,74.25169569971591,20.148871931140434,12.940830458646213,77.5126946206479,West,117.04969628354033
32.01803529298023,68.9523082299659,65.70017292759951,16.403960522077817,13.016096874943567,77.4423179398477,East,113.51852227208015
30.19958947658109,69.4133619352024,5.444992214797103,92.78097010788633,12.958830722162384,77.6127971558328,East,104.11732030025024
22.36072128203587,61.48388299525517,46.46547152933891,3.4820220523077494,12.91864672285507,77.65636955068237,South,72.3397333491748
24.91679849597984,53.24351501620406,80.89767036763226,27.663360896221754,12.896701537424283,77.60575634772046,Central,134.66342862594644
21.64471886866629,54.64188421525611,38.75485108529668,42.290018835700366,12.983118159993216,77.40536354521045,South,87.29285725381669
27.62392541636097,51.257121267781365,46.782441269175195,49.306398475380746,13.081732609493072,77.46486986831731,Central,111.12116038204132
33.73085392300743,52.522666876543326,27.59220579422955,78.25304279009677,13.001523452143244,77.42084399546506,West,101.30453007688608
22.085643721986738,63.99232564925967,33.852418939603815,26.295948138466123,12.822423771090895,77.57111582987287,South,67.73957264420834
31.024279093107065,54.26360016333872,1.5741739532033834,56.91091629454968,12.93820549204464,77.62694330365213,South,61.164315138751434
24.818454289765356,75.2307809856893,45.84487021596488,52.82290808461441,13.067247239453188,77.43317375612061,North,116.19844895652123
23.242763006425935,87.30869233003891,3.8230157242540654,47.593447487627856,12.828338727740327,77.65150134617802,South,42.62408793817667
27.357817840272652,56.29920137944936,25.692992048698876,61.37967782504596,13.096662713641262,77.56665269351865,North,86.5346445468727
21.788546065483757,68.59106750803066,15.580660176661599,18.021660375807194,13.084720818093626,77.60699070364252,Central,39.520106880983306
24.678104167916906,72.495276654544,35.47794836437448,5.306844690258662,12.823482344218963,77.69142055458259,Central,63.065541750073436
20.81273264446691,72.08003406378911,6.443847899308241,7.620364104606199,13.080023996134866,77.42510429647432,Central,28.585212697532263
39.78835079749834,66.13932901874131,52.942427096613834,15.261212020233124,12.908939777077839,77.67036720689335,North,87.50348739076449
28.211581311830372,76.14023627539584,71.31607106072552,41.61258779898863,13.053412750122758,77.43783080879622,Central,130.3199651721968
23.801646952044486,72.23373429020985,8.025964856089194,110.12114942469078,12.925515001313983,77.51788764199101,East,94.57478994745507
29.28387946440533,46.43506366509053,4.957395971374138,72.49759586288276,12.932256533810754,77.65543160889933,South,56.67824854059655
27.326031701855023,78.03734096583909,7.076560306943156,93.36537606005808,12.990272927293264,77.67187627102136,North,70.04706676696247
26.67418240280066,78.30936255900113,94.34738476637624,25.93710021284822,13.032343225782794,77.55191150206355,Central,176.37675147994076
31.68500020026055,53.550708437321276,33.802980844825825,31.11672575356359,12.810136745284476,77.57823139148263,East,84.14371312141522
32.54504626028383,65.56906753171403,28.337564173751325,30.021029402183732,12.97794679865814,77.61244420037957,South,43.688000351686426
24.816993114336835,75.24993489216604,5.078071763730717,12.78217696691848,12.856019898229212,77.64982760053582,South,20.022317898731682
24.54509055613192,61.86029270630958,47.184946933866335,3.790233554642842,12.90378485535896,77.4364533508613,Central,70.04226105035457
26.349689817090137,81.09467071649019,91.12276191135065,53.63009951810767,12.904390599846565,77.64302079246877,East,174.6291391844708
14.188473011586492,100.45808741929042,79.2603909935007,271.78530602346274,12.940718102066347,77.54438284515349,North,311.45361658280933
18.908853626808686,53.210209510475266,44.264059783424976,10.951033312526018,12.900240923562853,77.53518702753246,Central,74.90448212447872
36.20124560466715,44.28433095269338,3.5218305978027384,2.8685823522019143,12.832208335535201,77.52716992559911,South,8.346917690569917
37.8698062810077,69.55727893407314,5.3653832390637275,90.72007656957834,12.843688621557636,77.55276347557381,South,68.85518064763124
26.50578376266173,75.82343757689215,2.2754779565381766,17.4681623668261,12.81003139566833,77.68351516601838,South,33.615208368172304
31.459341778334597,61.53700439232846,13.396698784849349,106.19182627820646,12.941074725598627,77.56446113183765,Central,112.96200050777288
,86.79890994981551,,73.0309130894162,13.086334308455896,77.68595326147894,West,57.602244511299574
46.473284850731424,44.92091300415127,13.55265063680912,174.76462941759726,12.834702567094435,77.4540870391847,West,170.37118322399294
34.71744946860746,75.39377934547417,21.880233682855362,31.548968916459902,13.083879347900924,77.6172407936498,West,53.40398577058064
27.2324944511154,55.9120876886166,128.89809103099049,65.07720930513109,13.020008454419628,77.64367186158263,East,255.9599871977398
22.266757356397445,90.79066859310944,42.41579674062051,37.51302787118894,12.991249640880248,77.60373864940047,Central,79.20514196451934
18.361322078454563,94.88773029752177,81.07429243734377,59.75067685517306,12.993583326597069,77.58207668406797,South,171.11259736521228
29.22078181520334,53.500151183249784,55.75892231592526,35.82648028402124,13.048018294518885,77.56944383432585,East,100.13686732278954
23.46189552829418,56.7566429613713,5.370762824673236,12.542032242613725,12.832075959313947,77.65827914477362,West,9.716045407742344
19.466477742413957,77.89381830469702,59.91771286202996,42.544084809936614,12.951426297069663,77.64649397914935,North,104.59519133747243
24.12056269454484,59.19304025315728,14.477400980397588,45.12088649448826,13.009127341478228,77.43668661635418,East,45.46825283492811
21.51071197831363,64.31883173101643,45.86292496890743,99.83486499600271,12.97604613352207,77.65457629710927,East,136.25931634163663
38.12284981043539,65.38082630813615,18.763831936033984,79.79953881129018,13.049833721306989,77.52422058583214,Central,78.33187163747998
33.2898385416967,36.204902657035156,272.8286478765666,65.40144866411867,12.821681512703407,77.47610904899875,East,463.45027730828116
27.952164152100295,64.79243380858644,13.76621743527628,7.2208081076802575,13.00721031184975,77.66093057040418,Central,8.764075163777356
36.87966483334016,54.654083389037396,14.728370226755416,76.51014838452882,12.960208319115415,77.52960743989013,North,86.2887776191817
28.46420984588571,57.60315766400342,120.10095451219802,41.62546077513527,12.913748259193984,77.64250940705305,South,223.5107107060967
22.832294792030417,86.65448005203221,1.1228922577109244,134.7153387536907,12.902082494670209,77.47902108358676,South,100.56605623896397
37.13874446361794,46.152396585811154,53.684845075895275,151.44699725688906,12.986249789832257,77.40117879642668,West,200.83539060640803
31.233460262107954,77.19807780121965,58.147729272592805,3.404164173563344,13.067298612393278,77.54863775787089,West,86.58848540486605
21.77652307404126,60.81555604502287,81.45899633078186,103.10214115583511,12.948852777830334,77.43006847699287,North,200.55506496974328
26.85796793149835,60.80359747256249,165.0014855779862,2.305578888647516,13.047416949223075,77.62631278665748,South,223.7917708611343
22.746290479691456,76.85557844077567,167.09628616818884,27.453171829848664,12.92064691455319,77.48282254082083,West,261.33887698008687
19.703201614213985,70.10076941853336,3.037715590797617,46.89247668351408,12.830718338837954,77.53309369398104,East,56.68481591877985
33.55706528518985,73.55919495829296,77.62812546141954,9.617224043975774,12.818451720937592,77.42611006952747,Central,127.3744046614262
,79.52276990799291,,82.29943550140781,12.815400311397104,77.48599777453418,West,133.58085977662319
19.608594557085155,60.030374252250155,46.90156100547127,0.5033880197049794,12.9140450425873,77.63444707297758,North,50.547709139570145
31.377815420143424,55.81644898238375,6.181525242074874,11.07858645778675,12.901171325250752,77.4454763735707,South,24.066841795030683
24.096144585269037,48.72274210163303,47.26606629635002,52.16397501788792,13.015381107086771,77.5941478683381,North,103.51374808572862
25.077247697411824,52.61884205031567,182.0051774511559,75.1871699505241,13.022846450475459,77.67522775584135,Central,320.7828179161567
24.445636454566785,109.23641637963088,109.27614947093255,149.07743532517426,12.815256190650123,77.60395102792732,Central,271.8039360625151
22.816055381921103,83.67019371105181,26.02202883961486,73.34789443872451,12.866336978866705,77.64330650678767,North,102.81783289110857
28.291129767668963,44.733884506879676,1.8345510672782364,66.8441364235,12.88227855504767,77.43269148879118,West,55.51751899495582
23.014299301533775,45.16313064884645,20.24447027180938,30.086303952047217,12.964283595242843,77.47521954780062,West,63.08172073658153
29.62274095467903,72.22799092577738,78.7925551302259,0.07711506649656173,12.843354567172085,77.66836165567219,South,129.50773712983155
27.69857134330518,73.2089719606695,54.404205119417824,7.680861823435295,12.84018236582,77.61453168408543,South,80.35631937230904
26.566311718801543,73.23325752976046,27.673714119804938,45.885621821217896,13.083136666762387,77.5918661479132,East,77.7921163505484
22.554618027750415,61.175663096694535,2.550501084307493,67.45978951711837,13.041260872189333,77.59913002083651,East,54.76342064843751
24.539372016590004,63.118186099956496,25.050863612960413,32.42023886837369,12.854196470627352,77.5242601662914,South,49.89450787667591
32.53234735495454,69.91819286239036,28.48681018335802,78.71108070373432,12.921970342371647,77.4133669894853,East,93.51988845270452
31.005503125746284,66.28839509439996,118.74756667011297,44.27139017400574,12.90668659977727,77.63533246262122,North,211.89674314890456
22.134668531208693,31.71049440878697,46.11027429485976,4.624280307630706,13.037301222219622,77.60361397086461,West,72.29417917828752
28.595993832575356,61.553005541372094,16.80579389926094,12.79279999484385,12.953063874943437,77.54184133923383,East,34.89409907280317
32.50832274023073,52.2289034860953,33.529982847334615,109.95422154507662,12.838354921098041,77.66992788461047,East,137.7251997097039
17.983568313271768,67.62817128362768,3.075212636564359,77.44001679826616,13.021697618946874,77.50084789949554,North,58.40488946658388
31.26016115427961,109.77888503905115,161.82241443815758,135.09184222564568,12.919066393467476,77.48829652326937,Central,372.0214761582081
24.02425744632492,70.51222498211456,20.087131669903332,7.503681828244452,12.878877274289644,77.66183889752384,South,38.45167601864278
31.423592011558956,60.297054707414034,29.24251263081023,277.6604994971678,12.912649586606216,77.6390962964277,North,260.23689685858426
23.4204450607449,78.82702252965878,19.75253981708162,14.098297222597497,12.949326969082069,77.5544939431945,Central,44.9306118678162
17.170707396012887,72.24031830813819,51.62914829608909,0.7109885261502504,12.902934654925103,77.43922042183736,North,69.50026884727953
18.234745372701024,71.30141735677762,48.84284153061445,357.6663418462781,12.872571731777528,77.46452144143952,West,359.66469674313805
28.288509679968293,74.10275889823507,56.53789437675333,19.799801276360196,12.919550608641194,77.59686839712265,North,104.65364036600027
29.55833501032889,95.84815347244312,14.047670386584917,66.16073422125133,12.80575187322497,77.51551237135213,North,79.50945945486576
22.57410024937355,48.03667347011127,17.069076095249645,11.66478859687548,13.031749353828895,77.6509419574998,West,22.362286772124886
31.831554752664243,72.10448115217181,6.021834979703862,52.08269040466402,12.851283468070276,77.68498650279966,South,80.9898347080325
18.03087962638624,51.10428305027692,47.956056065984214,140.62629577047022,12.813171384089191,77.64169107758248,Central,196.25313976633782
27.6035212081161,73.33268969513372,1.8274811019459865,23.15573633986167,12.996109607871524,77.51326362689868,East,41.59086051501986
20.73390280142526,51.21970232770858,40.9730981523354,66.56595271268044,13.032180838647102,77.63660592876943,South,112.15124939265448
24.088983353187047,58.73949779592373,91.70478959599764,12.488172771707307,13.044148739477853,77.50543250204122,North,150.01564358374705
28.284392027898484,60.57365128643141,99.66908957722755,58.817027902945256,12.94805275479818,77.45013002632969,East,196.9218506583834
22.837519808296285,79.63725079017064,26.824005125754432,24.60909601823957,12.861610455406996,77.41001796145976,West,54.45269172735066
25.69266673462105,78.7768166591362,27.6703876709721,14.235176733649933,13.021168303174948,77.51571501382831,South,60.46981208364221
34.037756855286645,46.31423935330423,3.604169573085497,22.541160937381697,13.009913923146302,77.67106779110918,Central,14.602669903520411
24.53864878286111,65.82401166499773,49.99426086430651,11.822316326887327,12.873881220230952,77.47169597632671,South,91.4317537270249
33.01415267239085,54.35630217876241,77.48189100825009,139.31592744218196,13.071022326758838,77.46195394947894,South,222.69466541989473
21.22175887205429,46.12242633986998,12.62613387390039,30.368883470991015,12.83131143742485,77.69094623557231,East,47.22458533824418
31.178825067491697,61.74474424363444,24.613766724406897,16.884452312479795,13.094806471877398,77.40750123385519,West,65.04453301290656
36.6494117239474,60.3727581731627,82.14090764791082,35.69678089222723,13.058074343293239,77.63573464511813,West,150.43865055067423
13.170132999236264,101.40074729518284,94.34478669459571,23.187076345445725,13.006369593643722,77.49641098672227,South,167.86907896332244
23.21862846717714,71.49439738041045,12.538341380479965,81.85301323345246,13.08162496648395,77.4112463870609,West,79.2008818175582
31.46243276308324,44.33573748868644,35.989945994971606,212.8842909522004,13.016693350497112,77.67534076206287,East,212.47901194689703
26.781727683742044,56.52838993743587,9.621168378145411,34.57879909464759,12.857137099109014,77.44189269906288,East,58.71208314599636
30.22687524022785,80.32074943144097,4.835259596987641,118.4112997377122,12.932646841433844,77.56553378511771,Central,109.45902069612202
24.376088879705076,96.32664159304888,108.92131987006435,50.06371775582583,12.821450907299491,77.48221626222887,West,202.0887482519082
28.5195387248374,41.210250316430624,77.29298452056268,10.26407492010399,12.916897226686435,77.41955784065541,Central,131.11482329591465
27.065936587647524,36.80113422291433,64.22678056778213,70.39163084177271,13.022480905921162,77.41497674569902,North,142.48952574861826
,93.06447763057673,2.249798628550558,43.223024721748494,12.915933005279246,77.43466700965091,East,42.37551315533539
29.526525059807277,70.84421266056356,83.52730228145863,63.09339307950641,12.899088252640441,77.42141010416682,South,177.93571786804688
30.025615972451213,51.9756090218545,25.934933656885566,132.26623435820136,12.978606716753093,77.62816743465598,East,151.22082945629353
25.528738203265195,73.01943629183653,18.86179587097691,34.83568893241364,13.061661358699668,77.54566986068504,North,72.57855364778351
25.07436265556504,25.463783914746834,35.58185483185401,138.86587285308138,12.814274957763834,77.5028676274047,South,178.9479406839452
25.404650873082275,65.05063259895742,4.3109489784590345,83.33844031729386,12.91564113040992,77.5255106730396,West,59.2487834576695
30.36671285426978,69.91731759264628,63.595816336388545,40.23677089887281,12.84747222254458,77.6786840206718,West,107.63067539310455
25.47409311507842,78.86405209306744,39.29918590447292,55.46272143334921,13.008606275219561,77.67322554382145,East,105.7760553778611
29.738649141378477,49.791560715611936,9.29340497724582,23.634233759638466,12.831717368129341,77.61470294403678,South,34.54087493414153
40.45240479187263,66.28530742105039,9.384342300972463,246.61855845783452,12.999442327574073,77.66540471322651,South,200.0097673910106
33.22674822059015,51.11863060910619,9.164056073362845,66.04007334713963,12.885854261239373,77.49589440827629,Central,56.97044263101907
26.043858806992954,68.83075633511476,2.641118769914378,2.6902309576520276,12.859675044121168,77.5143327978025,North,0.0
35.207283532983666,51.56980516455464,39.88092819141127,23.726898171156012,13.080905767347495,77.58411365455628,West,92.15319747677832
25.55154776187069,58.87848741259669,82.56419751799206,58.580668880503055,12.805557373023788,77.58708778418918,East,165.98586777204486
15.771252788932877,50.062769078146566,0.7943902837124458,3.478933421344791,12.93133318156687,77.54450995140371,South,0.0
21.951482134495578,74.76704362735485,2.26107453378376,1.4504425903714815,12.806488097738539,77.52019735453139,West,3.907649405754338
16.775248473844865,77.87676674984998,38.26950375207852,35.87286441573275,12.945077914431298,77.69585409348261,East,86.07526269345459
25.890919095752146,61.480691450638794,77.04002690174292,24.27005056203143,12.950314213338325,77.64633708783532,West,124.65493951420191
28.11051027513731,65.57356992440043,17.802992080298246,34.607094078879655,12.896498741418425,77.53049405936642,East,60.29405131312883
38.0586238736517,43.27112878049684,19.35854367218328,18.285080413071555,12.839648533257508,77.61818774317187,West,55.038270247692225
29.961564242584977,60.50485027989819,40.823929624457264,10.799135018192839,12.912916261320342,77.48086850797574,Central,66.32145152694028
26.685396827146814,64.24693074437383,14.422434429038821,70.10540567975889,13.00167888197977,77.4300507978712,North,62.6788733812514
32.976433487100934,104.31189636544963,1.2135949342349313,43.36334894695663,13.034718742593338,77.50572930766583,West,33.77361993445616
14.733188145952688,48.320494613387545,59.79996708647803,13.400180037437877,12.959225180716443,77.52089184003702,North,103.43682727206571
29.413687348651397,86.96265858128656,44.215373598580896,23.10353268629936,12.976950318331927,77.4049611373682,West,63.22679223873891
32.6251911633218,79.95288160198712,39.11859843294898,53.76104404954191,12.860184911337397,77.64443760049078,South,106.50190243183687
19.12848252532095,69.20954606735205,60.91074615055494,4.4982431565409895,12.886199099968294,77.50775802071676,Central,91.21473726609103
34.862524259241574,91.379307262927,50.608827829569705,9.571617014891183,12.848568683015708,77.57412544973405,Central,84.00770987109834
30.030978444966486,70.58158208910294,10.373543967642068,4.564001617206067,12.874788605001385,77.42218895618129,North,16.315286973151654
25.50827251659519,70.83738793501894,19.55732466180941,100.38016093779999,12.86746603406766,77.45249904862519,South,102.10571783348541
31.79669119663771,64.20319020473681,6.066041917278479,83.75868178242712,12.955834635917372,77.66690811759827,East,74.99609194220685
41.62415714682638,83.35353323627942,6.259397780008909,83.97808057647555,12.96880662673722,77.58260625836485,Central,71.48235851370261
29.09119753035097,81.44703850716326,50.742724553399306,75.59563638684354,13.083484226246451,77.68508521505115,South,133.01478619009185
29.489323517802017,55.614840687556814,88.02734769516172,66.40812024206467,12.858671194130457,77.6996250103174,South,176.36333761664048
25.243834602758536,45.211292081018485,148.03361532318613,38.889501412125895,12.992502713048449,77.51155803459993,North,258.529773973319
22.90093378321125,61.955290439065145,44.54077374093462,61.67997525801678,13.045177780696257,77.48964091922498,South,128.52312623134344
,52.99942153403531,,2.347004132318068,12.968072439134916,77.65750681654774,South,6.878722502263097
22.863497044546797,64.04713138076967,5.02463105099719,58.286712893951,12.876501095750323,77.69958342811124,East,52.998166417134826
,83.56157202026209,,90.27163036957835,12.878765069006,77.58889237026975,North,174.38524239570202
25.1340553194093,58.14047517369815,38.90448772119519,41.63184949775074,12.8117759159213,77.63854221675346,North,95.54254806343131
30.87387895447835,64.35764928032637,43.338648472919594,26.544552423706016,12.891633267964545,77.63452375764459,South,88.48604501908119
30.00197263172169,65.87034102212593,68.43580976941324,19.496187541016962,13.023381103701015,77.50660191246587,East,112.46103847150805
34.22523966554739,77.72646323307927,54.67306512609101,61.76791017190617,12.814255327162133,77.57228111407713,West,130.59643598854612
24.93990160687152,31.29665999023092,80.93393403168167,70.81561077037797,12.86578858475145,77.64991708237926,Central,186.7061457074339
26.380750388239772,55.89949557852055,2.603507997596841,122.861504538034,13.011869749559535,77.60643416287832,North,86.12074992349115
22.127417705306158,68.16925538419208,61.93915934831566,25.1434920418318,13.034795468846863,77.40634914419462,East,100.10530020358854
25.33424043954333,83.00118434640292,85.62695647944167,88.12118951191393,12.936595523018578,77.50101170066927,East,204.7557323364582
30.263802958269114,57.621463287406925,15.167766133193794,49.444003681663375,13.009422301543594,77.44334270897839,South,62.85163060286052
32.54193169987211,36.85170940937189,46.030250148491845,128.65108825370646,12.916385650596467,77.46989166362341,Central,171.2645788311909
22.467008054934247,74.29567168949204,16.970126572202698,45.022697817767956,12.847973973507239,77.6716468432474,North,70.90320697878289
33.21763552063396,55.46956416761556,142.6228652070862,43.74260812860239,12.919444848056873,77.41106798667323,West,255.97272405097837
36.13382715282971,47.155000113644576,1.5297708072819034,51.74752386914563,12.973990346060942,77.46594021358858,South,60.84371584967768
30.480609419342205,55.63481915430164,39.01533571498475,83.01357148596153,13.084415984555866,77.49287080567147,North,133.88322676479441
39.260774875348396,62.232119635162256,8.195662458388798,200.6161577902719,12.820625285626603,77.58506522158993,North,178.04367504919134
23.357264805378563,55.92883003192681,56.05018616755961,4.584576945124889,12.95221822815349,77.56023050702576,East,87.20333385275552
20.532071780131496,31.916509143513963,8.705322303549943,3.2949129944320723,12.898675933463217,77.46548084485602,Central,14.25228071950949
17.32767850657433,78.45599295330697,12.077125498870528,166.40366671589,12.952493508283009,77.44927232016695,West,151.20622063674125
36.9762658689351,84.12312561918083,30.687826792416864,45.28547956370736,12.80719263421296,77.47103941037884,Central,84.48992239273412
31.926193938124346,74.77282987009258,110.84238632418631,57.255603972159186,12.893907606410474,77.5507588880105,East,200.00075284995614
27.66649197453727,47.93471494362775,10.70526523085489,39.515888098210496,13.045960444258101,77.48135333571337,West,50.306549130073044
29.679811757918923,61.97762699078723,7.009440329783817,5.900277405993341,12.96618252015639,77.68428075048232,West,12.80111748573314
21.24706571620974,64.90218027155812,64.02879975268057,87.68419400093794,12.935174747844835,77.53915956642867,South,169.76106298206813
42.67451187770096,73.98191584342865,31.24741560764071,82.5152465967048,12.885657521514602,77.4176388049634,West,107.10656762767145
28.775327091851366,75.02510733077122,109.2590791360202,22.41211891418614,12.889412756837407,77.618779921751,North,175.22406324167108
28.656368767629356,53.987393018322564,7.134478479574675,21.937686700090588,12.914930430077176,77.49865358646271,Central,30.55901030469605
32.35459974339215,66.22993334620341,46.72146125544542,109.15081755433349,13.050671212989368,77.59604667961747,Central,162.17555030963916
30.886055390420278,71.85920606922862,11.9299915386208,4.506515779955222,13.09016396204248,77.48387831115697,South,15.460859011946745
29.34330414567479,86.83733483220149,7.672687754804762,127.77094656659285,12.931596614405112,77.57122312252,West,126.917860722671
23.25715326732813,75.56759809737085,51.75940704218154,17.796240480672303,12.91800585162433,77.63164575144225,East,104.99959714130975
30.828810142815975,76.83585031063278,40.52815302049486,53.934277166368716,13.05396523274596,77.67840262253237,North,88.11638903127174
39.2921469788502,66.25739941894041,63.260687912573985,164.92687479967347,12.928071596190891,77.47833814332992,South,219.06226220991815
36.072520276929865,86.15688717805256,16.662829942829575,68.0150547226811,12.965605451688695,77.5004570852997,West,80.56836393708724
37.55911975983638,71.14644193939246,26.737014910029604,32.11015361390619,12.869282499379624,77.53927992608578,East,69.50135872625428
24.93270594141289,52.08368134739644,23.39941145148736,70.18089343719502,13.023050760733723,77.6781524513208,West,112.56723165293187
22.062371078448514,86.05054955187786,186.33481855163248,25.293806899151516,12.959596495481234,77.6704160570432,South,301.146216147355
27.24527847940211,75.46854908808541,15.554829642244998,19.482212583019024,13.042710365072102,77.4269634840302,East,37.75393858663725
28.334349473732168,58.354339683072766,15.718422302021246,342.52669881045557,13.034219819008602,77.43957894772615,East,286.2186394155001
34.56514911082569,57.80760548901135,19.70121401817553,83.36761752684023,12.86450143048101,77.54865275319919,East,80.39198109394604
17.845212221711083,69.44863317711143,37.41644414452135,62.090940260118934,13.014690665167329,77.43198578184163,East,104.46069596404512
37.17730191676368,71.94777192901377,13.085274168394555,26.337247337905474,13.04001632238541,77.50367426200461,West,61.27156104266328
27.051952608526065,67.95938398446809,111.08344125228051,3.0246207941517875,12.903832172234718,77.44451561346524,East,166.92717125018615
25.43871358031548,69.66963010164328,13.896808036101493,1.892961864764441,12.851782733870683,77.59081210653957,West,14.632265168203652
21.927373748438995,90.49936061864571,101.77173610770006,48.47056871504739,12.800789646673877,77.68484862952175,East,195.95475310861337
18.070859968805383,81.07314728352328,4.9153126992343985,86.13732588718338,12.935271095927945,77.69902013108832,East,56.22717727952967
32.93902350377149,67.85953386897536,48.09378256736029,46.250852777273195,12.905729819461653,77.51257233974908,South,109.9342584464148
28.439907803130424,79.11965871151224,106.87500370050773,110.25001444447477,12.966472950147622,77.57970379113439,West,256.75629894858565
20.260234601553677,49.512141447086904,8.317080513051701,2.039878192108677,12.856412327776637,77.65688029605722,West,4.631931324021492
20.229527367618303,70.96890574920214,155.35302463243175,27.413596146266965,13.057899664299942,77.43523862183892,Central,268.6491115563024
25.98529180425923,92.13959524599665,27.139196889869933,16.23537046511439,12.877326564688433,77.60686932331559,South,60.29391720095509
38.014129151736356,61.729311569114394,131.10791989159893,35.573460757858356,12.867928881526295,77.52265309851752,West,238.8998607996056
26.442451891818372,52.28549107071373,50.82956866981601,4.50775347519868,12.944214216945307,77.46184384808406,South,66.08742958189009
18.981142281291362,55.21866667110409,16.152501345203966,184.91878550877593,12.949655307123283,77.52082608562424,South,170.3567795046645
26.525541615484336,48.655504439864174,9.388240914281708,15.158621049218361,12.864525568635528,77.42278808608948,South,35.430523896079556
26.363658581513977,53.22857137808445,16.29112546697271,153.30000583138417,12.881558218017775,77.6086221445768,North,132.09810593519347
11.81868014235057,59.442378521149564,4.393441052420812,33.29638553601537,12.850911571746574,77.47582280062454,West,42.6979868917395
27.674230800893127,43.91649471232037,6.989880141400673,254.1163427144595,13.01553805349695,77.49342169351347,South,211.97942547099203
26.61439281874793,65.23427500924404,4.974850637951837,48.45403440900822,13.031026709376224,77.43632438947245,North,55.621791953411645
32.17723818888051,78.53415760679971,24.741682775630608,160.27376670012745,12.938698549237785,77.65939773416697,North,167.50623813746563
39.093736569672075,51.38365729779619,71.44067857251149,0.3218007452581655,13.014226106805506,77.54803328378483,East,121.52672263334352
34.75939017728655,87.78925885462652,6.859483613533265,82.75645706062554,13.020780617581234,77.57164406333592,East,63.57529107292427
26.386667856671018,72.66188132791392,6.283370212602999,140.01399802825236,12.841482658303343,77.57082980492847,West,124.72695665079655
21.360844547549977,80.45870878436085,46.40497915021976,9.029881223570873,13.089853407450361,77.52314793436241,East,61.715720920482674
43.44015881949916,55.132481692217944,9.883280877251785,6.06390868796077,13.04630958412893,77.45775897463145,West,23.871431200507033
28.35531060408693,77.81787840599924,4.62188349410422,33.15853334633118,12.861345038358747,77.62353982454952,North,36.73785109684849
28.083575751477678,48.6209914940703,8.214294351159788,162.79483647105138,12.855849510723822,77.4381168796073,North,139.7064950763602
27.85524947733998,78.35371251254763,115.80722571391529,46.90382814807859,12.837698343673875,77.43116213708365,West,203.39592884058294
29.18850856460713,67.57759009690297,77.53525388354431,44.97752376129164,12.841513568762576,77.61304351127896,East,149.03123978438512
27.133837528456347,73.29876829977175,19.667507486408738,9.12799126098349,13.024448539708608,77.4626511061356,East,37.780180937798924
24.558027958718583,47.36608091562722,47.996672943788006,0.04738937527443213,12.940896277085487,77.49203182540586,West,74.874788698928
24.718846352557648,51.57395236585093,34.67807143702635,99.68812790930822,13.03488025182196,77.54256824010052,Central,151.09076924841898
27.80348037870401,73.95842327380078,50.871948590079306,5.498934583547951,13.023876468305062,77.53480539501886,East,89.44123537739478
24.73945137319741,50.77477993663699,51.6517500991883,60.28270190516369,12.981383814051567,77.6125737375195,South,119.83481846521335
23.722925303937014,71.94809438148684,44.587643972161366,147.63611235443386,13.005909981973604,77.58702953803301,East,190.78411233745143
28.63858136615138,44.49293290309632,13.922296388062078,14.041040927638713,12.805506717313744,77.59331884868456,Central,40.929468109012774
26.470136695474867,77.72261319000002,1.7904398116069422,65.66637093112654,12.893533294041507,77.61421629919664,North,48.65908757974775
37.02395793149613,46.51215027847236,27.36044965863296,4.918081079661798,12.991346653777823,77.48778381822704,North,51.996699717105
12.094181149641928,73.28449906519285,99.72755259554472,55.54337611011389,12.802803486045875,77.49669999354015,North,179.15868943675696
34.54904111153477,74.38446400469002,37.926071415055745,10.742699743894834,12.809893083104779,77.53139932436866,East,58.559319542077816
35.47651115498577,54.54842272355638,80.37547388534864,79.89781704997142,13.055566394741115,77.49223865191006,North,170.23915775913704
15.559658605551103,73.7303985062709,215.20915883809045,21.50612912072476,13.005207458507622,77.69548136069126,Central,337.9080712017049
25.943874435517905,68.90663395000334,8.040045837876905,37.34913511616132,12.879610919936104,77.64421557792643,Central,37.20292202100571
25.77135480402525,56.91737215710893,52.9620212543394,54.89208596189292,13.006388852035613,77.44939640647681,East,119.38714260908962
19.554929831693073,49.871679738856876,50.47914762723911,11.271899162726601,13.037737000741778,77.40167824676456,South,92.8910003180078
23.33309987445475,35.56061462491131,175.94090328761143,81.20357247985449,12.892038284933031,77.41283498047419,East,329.7800371774453
21.336544927205026,70.2447507094954,190.8260119189625,21.627239444710323,12.810811213249757,77.47321903531288,North,311.5440403999673
38.513622660541735,41.52795842956917,52.22366170365134,65.14860998370187,13.07983373740632,77.43428738575106,East,146.71788324091978
33.61407035888477,66.43016299161962,12.56420241702441,10.3386891589161,12.90355395148869,77.56000143446778,Central,48.06391419901199
35.62933056996495,61.048276758766264,72.1009371738949,69.90775650830702,12.831944528985412,77.65739856681822,East,162.679569791522
32.33003238425941,75.18714163157293,5.094059568038788,8.230893489834461,12.947557061417944,77.62102506627397,East,19.57325736780345
21.225689372696625,60.469317507652036,68.27901527751024,33.24032543839541,13.03054033869924,77.46468271892466,South,127.46319316399041
24.85287840232136,60.05828320479363,108.45572146349359,17.037825536444878,12.866494194385268,77.51978977680774,Central,186.4558367766934
30.936247367367507,75.97806056432444,21.717732007816323,82.78898317752909,12.88084701504001,77.55236826285939,West,107.00468567066218
20.66723314664833,70.02587043626177,44.81868431559516,18.231533225262506,12.872814496039576,77.643061754851,West,75.20786360548027
32.27799058103433,69.74233935774167,25.306621051413163,128.080668668245,13.097501915849502,77.65173648093186,Central,135.29076105916906
26.55804761105119,72.03901384712789,25.912595917130943,133.43764360514302,12.859221120119162,77.67291549357233,West,159.47947233268627
25.751075154702416,41.966418151893414,16.72206058589792,13.122303602069708,12.972656065089838,77.55277357515087,North,30.08923263277292
32.26575980922095,76.35183019980472,64.62132198358057,57.09113297648369,13.07757939249709,77.60828242393076,West,141.48693590157458
30.66557986891624,74.18703191020404,123.82356704706788,5.508344006868551,12.844068970663335,77.43354011137019,North,196.89243486642388
25.83420300508552,49.74975307135254,127.17018004137725,29.809160241355833,13.09125625936031,77.5695866879862,Central,212.94684204027467
34.955978820185486,61.33879289488698,8.644806834308874,74.96368204427947,13.084243170318688,77.47460754284134,West,88.27780767726885
21.513620034400617,64.41039068558553,93.48267775309428,64.626885943501,13.065371596117478,77.529515065508,West,202.25658544054062
31.69561364166558,62.98254823397401,60.17593749908045,58.801881390006876,12.864366956399001,77.59021515249202,North,128.46371734368648
31.558607547810304,70.00789949852802,13.1162601499783,19.922357148592685,12.990216516803295,77.47709578135614,North,29.757209828644278
26.14272136411606,86.47050172746775,3.13448292158618,28.49131792069932,13.028267441888373,77.41565551733903,East,33.37039413106109
29.956798133452708,81.22650091509243,14.038696406847826,6.518362762352974,13.095808378458928,77.40307015692264,South,25.752495764314524
20.493318541688183,45.31671209852891,109.47544180844453,76.16890946722206,12.854127146624412,77.40664786066336,West,205.7427002388179
33.544162115241406,74.33104985459073,45.12961809251093,42.05731064212104,13.02980776985579,77.40250492125413,South,91.63144693102475
26.890587181342067,84.93399979303115,57.45327450982766,74.01761692994943,12.901640350978134,77.43310651696737,South,147.7349582804121
24.863661876885764,70.80212781033804,13.376893674994575,17.176465802473007,12.852687939670401,77.47184661437105,West,42.71200107159237
34.294055355021335,81.3647063777895,57.18523055122909,23.532640822011235,12.926413082364157,77.4663664542547,North,113.65242885632365
23.773937856743444,95.18405668551148,1.2836019957491631,24.407339396598072,13.038150773644585,77.69603897825397,East,41.079644061943696
19.54923222181864,80.35564319160471,21.17330616170955,1.5647726355625167,12.939454941111215,77.49180183156268,Central,26.097166724558726
18.660224958856578,68.73962893462593,44.34821162619393,25.02626350667404,12.961256930060914,77.43822623500783,West,80.10698644677663
31.636059708073837,80.6763271112713,7.107172469609212,97.56592830557952,13.098547823060036,77.56366876325033,West,88.46021984227575
20.3174238850223,67.17331749645336,77.92315835524525,136.5557109073296,12.919732789867227,77.65738723661926,Central,209.36957043652205
38.52876509190619,65.35854564927433,12.05641617624957,43.81585227254908,12.984620226412773,77.60341811303631,South,53.10655381440433
15.508423552697668,59.72878646429401,47.53624144974875,36.473426997854105,12.909573260484612,77.48882462674064,East,98.52805526274997
38.17873820974023,88.45120038248163,23.37863671793157,1.8785814848485898,12.917835693898612,77.56848484793744,South,44.48799885002908
29.26610480321571,52.72357001086998,40.790174239880244,126.81929407739182,13.008692226033622,77.61445679226013,Central,172.25590260734452
27.419721328777644,87.98551587017174,5.115301364076065,0.7857352530845007,13.081366092828464,77.61843134771033,Central,11.874275869006315
24.730485479146303,72.49796185610558,0.7675854593819311,173.75330342123206,12.962707685147697,77.5999615365893,East,140.1827646345181
30.394816686112424,44.01040737797088,108.14029139499688,40.30853793623807,13.030519978684634,77.66124312743268,Central,198.0974218561254
27.77419178545091,70.51473939487133,14.139181616990184,25.107047926450367,12.82676196764509,77.66103163750323,Central,33.366132074585664
34.61981129209913,33.49960238522564,77.0852523221448,154.79401317849954,12.86334741122958,77.5736809678221,East,238.63632013799193
28.68536589197224,74.38262025246553,330.25502550938995,1.4816028317109313,12.95063949227586,77.52895691073337,West,496.7354807181761
28.901810568771264,78.27847224483486,10.68910630446555,52.25393654854207,12.806003517088634,77.59247108866954,South,57.08595658560306
25.818326726716865,56.1146606652192,13.86526984582843,47.768300255212274,12.875856493628769,77.64546360041115,West,57.30228527460428
27.658326257673597,66.85321543933374,48.926536862744584,14.85542748868783,12.95522038694749,77.40169563145236,West,79.06145540956408
29.846810613352353,94.31236150625429,151.43886945136853,33.61013674571256,12.80448835947689,77.69759910270446,South,243.79038748116236
17.738989644060247,57.41379943607095,111.36288502442076,63.37870349330236,12.879363885867813,77.45486813169876,West,215.69638776443054
19.910887467365722,49.11638619415099,31.45116697206038,77.92585043815583,12.954209245842762,77.541074695698,East,115.46092742209503
32.45958456413629,87.22495103693899,71.33775336643646,0.04302694635858521,12.971944774394373,77.66160892045286,South,89.66700200634719
29.025192628767652,94.43880785796192,6.564978086733414,165.73780489348886,13.077725507916591,77.46751211971326,North,137.46489451038664
26.896099981883925,65.0554350777177,170.61733656811865,10.78531795935597,12.993603686975183,77.54303856717011,West,285.2452197586134
28.11060359839236,80.17194553112535,150.03435836401923,15.961531391520836,12.924420740758999,77.43977465405436,Central,235.8909949818143
30.085490232170027,85.12213873296321,8.046112742097343,18.348599340167603,13.07910535313992,77.51852289761646,South,28.261546109803565
24.76144191814383,53.86273651192424,16.013302915710263,2.313232653101178,13.035464895016338,77.45314063643791,North,44.257828632754666
23.330171647586123,57.72041246948198,4.748973747356801,7.878463340679946,12.860002676333824,77.50908832463135,Central,16.620584022797157
29.175071530586088,83.46311769732102,14.267987658138551,257.640606735046,12.839252708404647,77.51203926503783,North,230.9371521243695
22.129763334309807,90.27521418062764,76.16606738927359,22.71917374301145,13.00274349072282,77.6979512368795,West,123.32297333775573
30.44951653428683,73.44321290261533,21.389522491600346,7.350474415971418,12.967964949673096,77.69844390879113,Central,41.092897132609544
17.78449837457296,51.802784697469185,4.164779459698893,6.789534734090695,13.036902084137827,77.43443588359818,West,11.530826129939001
34.174933823953864,94.80591667549162,18.850191715424216,76.2623307869091,13.021641515023607,77.6177906337985,Central,98.53428714591533
30.83558489447826,57.03543653282053,179.26641409075557,115.68307329053555,12.987563460157254,77.41552364390074,South,374.2193074153463
29.536178405883255,59.97293328242822,44.70288708719055,17.819702188265364,13.095914651488668,77.40905760460116,East,81.61321148187315
33.89614590367309,70.13506751734432,24.215846728406085,1.2678727233675335,12.960076919033122,77.43160016827349,East,41.15902779314326
37.99284666677546,88.31240631072161,8.1975503166388,15.145847350865559,12.833931726950517,77.68964569710238,North,5.514259843209871
34.086220390108785,77.80963964828335,192.6633034107911,3.490532683622168,13.048482069444796,77.68225906436841,Central,269.43086296570425
16.954754612010127,71.22298250542866,77.37868372670381,6.548387998552537,12.875556008703713,77.45817834608421,West,132.23865788679404
20.322538199585793,71.9493279517716,14.875109269893226,33.88609492961737,13.033190644443176,77.44850170066611,South,24.472570706131798
24.25108853382593,65.65272002965199,3.269005286848211,15.675525473115533,13.087132128800015,77.47216052595479,South,20.717290982314715
28.156546301265003,73.37209271777759,2.6231399644852975,43.53351343731413,13.009038654189302,77.55466409822255,South,37.02496895069558
31.105954122814737,27.056598834585458,5.7718430645031225,17.541077639797905,12.97880904828494,77.57091138961063,East,35.00415330477469
23.645537121079208,60.55088811395302,39.119949230199914,169.3443643388153,12.938115852702513,77.46647802913184,West,193.8036626732933
29.12060058686247,68.61982902375172,118.87869804179414,141.8318753045974,12.90932295979862,77.626986836427,South,309.80608393454526
23.467702405880065,47.73478874570739,30.89948199496423,50.194191406593,12.905901425291551,77.4928659508208,South,84.4655918793887
24.33089318204831,70.7948497671734,83.30230297834498,26.25673950162069,12.990911811712877,77.67663939765883,North,157.42233508815306
19.560033418910667,61.932931685208175,26.56736801466905,28.79323942123748,13.025381935081324,77.59701681193702,Central,47.90327926395402
22.460600523334573,91.33213547473235,55.48508643054103,31.846628609504574,13.003555120845324,77.5309053582911,Central,85.68455600254313
19.889892366302,88.59529587822284,59.23320976398413,78.02446785944025,12.85952303035807,77.63697360051086,Central,150.9872673308421
22.144760482136004,58.012916463227555,8.600245507896231,36.049286497479635,12.948196154043048,77.645374387814,North,27.7338337572661
34.321850779647036,62.73743432649957,20.168505100941466,116.5814366218365,13.037492021654918,77.48714448168269,East,122.91864197284116
22.303606667008342,63.89078651587411,45.638333032541915,173.04585769332994,12.942711223456717,77.50191436315083,North,202.76222986135855
43.79429238902435,58.22510785760566,3.2994006554120556,24.56352230909006,12.960986983920648,77.68078654611858,South,30.651351629943754
30.959907405285335,67.9253747604219,20.191344587448853,49.3536099459486,13.031340814451246,77.44942231150898,West,59.12616516116753
29.109016742169242,53.625768966686145,34.437901997221275,5.992968532310264,12.998379591879527,77.41264512508889,South,60.697767506173136
22.849853318912718,48.04076997593711,251.0649275619003,13.423801978134478,12.922803476264718,77.53621659678286,South,395.97592629538246
32.201859276453945,74.34066835850403,28.95610314072513,32.01145462868203,13.068623813358265,77.6403629700731,West,66.98626840683143
24.546173042573358,74.44294376332716,76.19076141909136,13.85562960192267,12.848770120599044,77.63150043189323,Central,130.15295657128996
28.732058887872167,52.93526360510012,25.458854710599365,125.52024281186846,13.098654934577096,77.67585918867385,North,128.81878726577074
43.360507229612764,78.430331461439,71.61985928893768,10.338917646592174,12.835655773542872,77.55996019931072,East,111.87436895596471
27.4236406016521,55.52633406252003,40.720182221678336,36.49096419738543,12.804484991331272,77.43001940146996,South,76.85234040782089
34.89563995771405,68.79747857056972,97.95571605471916,55.83847870801943,13.06700567034463,77.57660669230081,South,214.99208235897257
23.780941449244676,77.30516018918684,23.81542046443631,70.63282421866909,12.873486052509787,77.63351868430597,East,104.51732886069489
27.79006905701823,64.49581152944431,41.71995451261479,28.97992152435617,13.018909888234017,77.42799843608096,North,102.36506176401086
38.62480381381306,71.82111368211702,44.74362432498434,121.99886950135263,13.04330461247962,77.45179722032928,South,176.85892149372808
24.238197653273396,57.25355534168642,24.310131995215933,50.4041243646347,13.057695917309635,77.4036871983467,East,70.15690507820783
38.874691347981575,62.05300124857854,7.013227784321317,34.73639506971758,13.09747827069925,77.57809577383405,South,22.96374441799754
32.24651161273285,61.9121085367949,4.4203403390060085,4.176481542676413,12.888211913012,77.66602031758377,Central,5.7309646525083355
24.625199344634396,53.80132480189641,0.7565438268093004,37.49449605955951,13.013073002578178,77.60119899480064,Central,35.88348132815891
31.794446434333125,62.348387553263265,93.050274199647,103.13368868141698,12.834619957484248,77.6946120262773,South,219.17983468620452
33.83532669776038,41.7707255170438,12.1414183188694,57.19922965735458,12.922042787407054,77.41891009574994,South,41.62357514668529
31.73085977330318,57.63269379286843,10.693414451826703,107.08552523368625,13.054391507993778,77.67090032554545,Central,109.17929142787473
18.57865168065726,60.726867599454934,59.93731248075011,40.87450046316988,12.910297413817732,77.64422048621601,South,106.62346999942612
23.63717694505079,61.1573037125693,17.355877956426834,7.565210112006901,12.977328614160685,77.49427245614986,North,27.862585491021907
26.51488818669097,61.377538311938316,31.738960636029862,0.8240233895194945,12.951132033117391,77.69205796555117,North,65.7055032277984
27.55339942539972,64.07353700209806,7.9806252449551005,21.677094357557145,12.993785459333614,77.48638132445143,West,29.803280733361937
31.724032585304066,72.19162277129095,144.5642541758431,71.83780264639122,13.091868316816308,77.66679141714847,North,285.08321373655417
29.066206005599522,78.11775611198783,85.84733786813054,93.71316915530669,12.816720657950421,77.66422457312225,South,207.209741560653
19.98793384773939,55.25352159727599,89.70996143181365,21.037553835224852,12.972188455250489,77.6272972849809,South,141.30596133783823
30.28118710603578,46.951987169162834,23.498073709788038,41.06955489858367,13.058908633775085,77.56904114214386,East,75.39592178942095
31.66351447170294,49.36933381635345,64.66515582793454,32.799491052938436,12.944414813524528,77.43600082488507,North,122.60507119216196
31.35874268758624,57.69195618207609,6.9903105760044575,31.71115260305624,12.823558155782472,77.55959152034896,Central,20.996083258138142
,59.72118023275236,0.3895362454974272,15.787072531270633,12.968161805725032,77.50703887669648,Central,0.0
33.00353292729342,53.45005900703814,0.9078789546270432,8.796727329486929,12.899622167247147,77.63766510994661,West,12.231892840813423
30.75508047537062,45.55825003625158,39.75047255086077,13.140767546824959,12.846482535601382,77.62743876194905,East,91.55177324250087
27.579005731248117,58.15818758788718,27.346245468805765,3.4153287485247503,13.054710353985042,77.67318375221178,Central,32.98909431089948
18.03423439890405,67.72139930170957,32.84293543412047,13.248582248095738,12.956479853897337,77.40444904872952,West,50.293555343895484
30.577709314795516,73.92544198753347,0.3371008046275712,0.5546092396533817,13.07998292371372,77.64273096504692,North,4.927302167086792
29.246126122978666,56.63865420337518,24.72165178796917,59.21219175052177,13.04180495138092,77.6815386159374,East,71.3129546208655
29.629473023172242,58.80503266784849,56.9740474640588,22.820781194287047,13.0078915381321,77.63679013473245,East,127.25818364670667
20.339508545078143,51.09952536729034,26.308812757362453,217.0375506049393,12.801507651009594,77.43905833796111,South,204.43655022283696
21.513660757550426,64.52841244437835,59.29139552231881,12.919232667179646,12.928347036991475,77.42438373145227,North,94.2830560976926
34.31891711999742,52.27357048713778,11.938194150307252,25.46315021788753,12.85924588449561,77.40625357194232,East,30.23239655853114
27.76266907686007,73.596917198618,75.48328497867857,26.575175366902034,13.07323937331466,77.58862356774843,West,143.8326762413652
32.08900418423575,38.21200262098833,39.95006300709654,0.5092447478014633,12.852375195402908,77.58890179555797,Central,81.95498580237441
28.169910256782767,59.60555491321306,10.65099370480019,109.65860295966198,12.885818015497787,77.69607411426547,North,96.67093008292342
28.17853683697447,69.51661008787613,12.155893468722013,1.9510481238321726,12.95505103032035,77.51941295223124,North,28.46045301185145
33.62970283585599,67.75751774483757,44.502449492997876,168.9847477789863,12.879009085699424,77.49957188546925,East,188.88240365582672
24.903731630695756,105.39550495970745,79.72207069516267,133.57876349945252,12.862959403183737,77.58732747815532,East,236.03885603671077
28.5767246616459,70.24700036851861,24.174771283895407,46.01045423654759,12.979729797530826,77.64768260175228,East,90.65412743705011
25.226348267769744,49.93918104736984,13.446495396575527,47.062557924255614,12.826678856826508,77.6810321848569,West,72.34335344625742
25.393022635406105,63.5680362936639,90.78720410579157,63.64049211895088,12.817450327616278,77.64093724985372,South,188.42144219726023
26.144967259188164,38.356304998003225,49.790150161820385,29.3683159147415,12.911673588555821,77.52800219418475,East,87.85174354443085
29.332802629802277,63.791003760548584,26.74629508341658,62.5150271041694,13.016199336352358,77.59047427059362,South,90.13917664597844
25.127508270019135,52.50415914498862,30.115608382985084,2.748086578338167,12.966442027482184,77.65688979801484,South,44.262988765395185
35.534536753441124,78.73085413340243,10.281525342930012,3.3337834339988834,12.926862940540033,77.54718290649353,North,13.622400369324744
22.632356186682976,56.756895881066974,44.35415358152544,36.664223677935894,12.969725469267376,77.46500599311162,Central,97.9281078368562
26.878770135031846,63.2485112630713,19.99458913950366,47.86012304300884,12.909635445395983,77.45091703192436,Central,67.61451773579171
25.36161365035495,55.46663237893395,244.64120569485493,131.25777122991778,13.080843900629633,77.40004732337343,West,479.046464108546
36.6818673061224,91.08277027779997,29.44257496472798,6.63314715520019,12.816471467273233,77.61547139849439,West,56.613827318831454
29.179328659069448,60.18135850823133,29.938926700690192,103.77710461038045,13.00201744370895,77.4333291626538,Central,127.3020880984624
34.19106723681181,92.48835565218803,37.5466184783455,14.1469353563553,13.067384799448325,77.47315172990879,Central,71.96004884860878
19.086637761778167,77.212276431774,111.86906680152434,30.06080017711846,13.041165412620575,77.48936289945684,North,205.06609283803468
29.602301595215554,72.23100091003079,72.60915603193467,22.840710127306107,12.855212310446435,77.56811395804104,North,121.8702966065787
33.33778477374062,70.5309972097628,26.995220408269653,30.665066721984598,12.888777904694088,77.51938718318874,Central,65.18381040947142
28.493703935652544,70.90695947324377,57.07489293356051,9.786122302898685,13.01511438161213,77.60240219760695,East,83.15768504433355
34.392882250392105,36.08491130981585,39.710623708845915,42.018776533326076,12.82528116775423,77.41669159779862,East,97.97959810694876
24.896269299397765,60.81674908773865,30.509848321769905,97.06108641985558,13.043558509949776,77.43718175827934,North,125.39871963151649
36.45608464111348,77.67736956776483,9.611284713649896,34.953693495640856,13.015672083381437,77.54976345105999,South,46.98857782729698
41.7933887417155,64.26654224788842,28.05759960821942,40.47290205323937,13.018881994770602,77.50108943635405,Central,64.57612902968886
25.822968637362045,43.922152297946376,12.695505261663927,113.33624730920266,12.830072411080279,77.4887440088254,West,117.36791253883538
,64.21393324133795,110.84619078576902,73.46239200116126,13.015328163444869,77.42010842371126,East,226.05942848953637
36.72030686270621,90.56158274383236,18.386107881299814,40.45415685211408,13.00394543756599,77.6687157524244,South,70.2374655928889
37.47743287438428,83.70337573302079,136.89313889469676,17.879756536319665,13.049276747246555,77.60754557583752,East,215.2661742548474
24.86283983708039,64.06993985950952,34.26949901382649,129.7311821670147,12.812478786876941,77.4364854470459,South,162.013299815352
25.47887909742486,79.2717391558713,44.92957523423654,51.6258799227573,12.806933200540339,77.41951378732115,Central,113.14538119513372
26.309292346836955,59.50239469447922,35.23237101785435,14.996024263771952,12.911902129963568,77.69246176002937,Central,80.09188459070747
19.933296933794338,39.441926197599216,6.234767375293709,18.810339177036305,12.844636485154746,77.60435176513185,Central,23.23732342719102
22.48808832109481,51.133010178056686,21.20932996416873,97.51364141439697,12.967515343271067,77.52523682132812,North,104.27614473862373
21.97515539948759,88.44333152762297,4.6985490591331684,2.7089783472879834,13.075204670452024,77.61051931222674,South,4.277141666746891
23.393214609375228,60.89010377256044,43.892469011040795,290.39424147226043,12.917443919100204,77.62689953594405,West,287.0708964543107
27.791890675679312,61.34924030937473,26.647641369726543,8.37998271681186,13.05348511318178,77.63398866071664,West,41.64472991618344
29.405288395219124,60.502427055876794,67.72545916986115,95.3982750225863,12.80007226235536,77.54336319169592,Central,154.50088453444206
37.30300295688446,93.56204884359511,11.20791249241319,30.129330759471898,12.850554393037756,77.52896482743746,West,54.60299614213173
22.009875755567254,89.38938373043095,8.091179937892505,40.66196877789026,12.809127061896227,77.40330842528067,East,64.00682342351938
33.9059343908595,98.281703501722,23.46459423656705,127.54198587731331,12.898444154154522,77.67796713454256,South,135.7546270548106
26.716066934646946,62.61432184399923,117.5234501012848,31.954750510759283,13.07245687870895,77.58099236351669,South,206.22998951348956
27.703217742085403,69.43436733120643,55.76984772252347,46.2657129929683,12.829085637079697,77.460946181157,South,122.3074330666936
32.04891695299962,42.25036175868813,24.429288421090664,3.0333821112058423,12.98192293302314,77.67588102582643,East,25.940045106646263
21.263667870626207,87.15401639177412,32.77360271747776,0.14101401023166926,12.935448781735834,77.67447957053109,North,59.535810598903055
30.294458477104303,47.48330673098097,3.9587168836773476,16.846349759146364,13.081540463709743,77.69675524930983,East,31.169660021204862
28.998713249278335,68.25163345643944,187.73207202522832,68.47548664333777,12.83675574276113,77.66221696894169,South,325.96866084296477
30.954707584048894,48.54046208550734,49.40255273871517,7.756307060819324,12.863608355150669,77.69933531634602,South,83.60776896050785
29.735011863446907,56.16699759891956,15.121711203873975,7.246181696485443,12.808862590583448,77.47340585643698,South,25.85189938441288
42.731800839465365,52.441063534254496,39.66419683430386,31.75573309026765,12.930180574889413,77.65267487555977,West,96.80010178611491
24.173560094492103,55.881871089862734,5.217856837548092,62.61967512101433,12.883349869869397,77.64690849263873,North,57.093769796280185
24.814018269989095,56.91315945276532,151.94710788632432,74.70268819066571,13.060971780167096,77.46928210776622,East,287.12488255688044
24.261156841451413,56.775968076123846,8.645008763506873,11.793797976290346,12.981482243959327,77.4295312647003,South,40.61133972082442
24.66713728503847,77.50000867670461,46.98946070694856,4.976042592694886,12.984227221392711,77.69382615410328,Central,61.61086872653377
24.175677236160894,48.4270581040622,12.673784164844694,169.20299640808565,12.959573209064391,77.48880736545618,North,156.85357768160088
35.13409918664531,68.308121405208,56.89323160725591,18.12036092812381,12.82755510116876,77.66126753714035,Central,100.72264446916981
36.52302548793913,83.26938728458337,67.49022529893541,115.18095607136434,12.933505605117606,77.40123814640239,North,187.3439616616836
24.575522237503144,57.30205453229906,50.35857782513087,119.48208194079123,13.099851556912554,77.40630744216588,South,191.52174565252432
23.005866561374628,54.23121663878597,42.894570863857545,88.84226099837342,13.050568787253804,77.53976139260891,North,138.7811519923406
30.828493338318424,61.542130622296234,100.34896385759684,11.095516290131197,13.068037716250135,77.47161440518052,North,166.11758976462744
24.68666173431417,82.69587812541064,3.6850507411717253,103.49141717011801,13.046967907773949,77.6069523850308,South,96.46674968095834
31.797590906533063,67.91161446430037,18.08297197013336,87.9853697510572,12.830912508029295,77.56966929767039,Central,94.30421044182559
29.217538125107797,57.03178558088602,12.843059168954191,54.48789502212978,12.86823447621944,77.42324573923516,Central,75.27254726723879
18.90553531001661,72.2581497678206,199.08057654197515,24.67710383982817,12.800936495406924,77.44878848889472,West,328.7678923375608
37.28503120798037,48.46561775245365,22.19834072883402,18.270051458298813,12.891053037463434,77.51641478101753,Central,46.692548358588574
38.77526603857313,75.22039265664422,59.35756981463042,7.798950669989752,12.832582220703948,77.45568121918663,Central,104.65818335452018
24.323267857093683,71.12910961552652,51.94397362246626,42.771253734102984,12.941838003590474,77.63766670417318,North,124.53232247732939
25.673790640384095,60.38287293291674,10.726212945786076,52.80633432596977,13.00313824657217,77.524821070666,West,66.2853375767454
29.71519234434943,52.421213023291536,12.290349275228344,26.715288498510404,13.062351588511422,77.42802956005275,South,31.455558805019244
,51.69978616574814,,38.70247132937128,13.02476514952727,77.54530287068164,South,52.332989711919055
31.951265636036982,73.02226004518866,23.82953448613518,27.107614505911076,13.081575678733552,77.42725145431842,East,62.18409767246747
40.0612272325981,83.43470753733592,12.014890515044067,61.4669858037491,12.816169487118136,77.43868119162595,West,69.71712943209272
26.938316635035704,55.44038379456808,0.8931213309901873,138.91542738347124,12.803653950624962,77.47188294960847,North,105.02029585521068
23.210216532769277,71.87580055327226,95.18482909199794,10.741877407153716,12.998401434150864,77.65785831157424,East,148.5051112404053
19.724084631912838,33.694594720968965,151.64930481327738,28.81863963074281,12.886805723066674,77.6773837596999,East,254.04753512424853
23.614419760348486,56.23073404014201,18.805394405752605,9.110004283616828,12.876050304831733,77.64787731879963,South,20.403949180555617
27.80123816275722,64.53411600693647,18.5965062847816,58.840759120399575,12.899266126308138,77.50022316522536,Central,75.16066866956976
38.76734718110673,51.354748745272495,0.3202685642693041,78.30952484754049,12.88093881736771,77.48173393233266,North,70.09446997077488
24.894332205782973,50.95240437815606,51.309809605787805,161.21790314599278,12.953430921890476,77.56474670723708,West,208.76841728008463
29.34272770983339,54.983306652966704,78.5468771853229,19.616311439532527,12.93204453416724,77.61655594815994,East,124.93857783533223
27.90146262356349,69.38289092489559,7.13414855250247,179.99792025899126,12.953728565412996,77.69801183644806,North,147.88443665633216
35.1303596406885,62.19006472390438,7.828031829362203,3.921142129830068,13.001814083450132,77.43947121356368,South,29.748913774568493
43.161594555241734,31.42653150012542,70.24699148843753,55.431235153109945,12.916139152691345,77.41478759970715,East,140.33900732107773
24.814787362478075,33.18949771047401,43.104157665971634,3.5297848721471,12.875392306142647,77.60830676669859,East,79.33674279392912
25.063363344890668,55.89702233214237,2.0654071292245804,134.53128879707302,12.849860161042624,77.64966773505118,South,104.50998887966803
34.264965262414435,71.86529879080328,43.84391382390923,45.27698431361022,12.904842235859787,77.65390463395993,South,113.28919924714435
32.09134893775787,23.78742735912148,16.627337667542594,66.40139262059932,13.022541942573852,77.60353906472315,South,83.47316031069353
39.080243954416204,57.50404735772554,20.700627367370096,106.87550129391163,13.027011473033442,77.68620474123576,North,113.0709124223388
31.503569111955784,57.106282152238684,66.08290071641831,9.773066070181544,13.000071616005263,77.55330142906338,North,89.27750158735066
25.844247455277642,85.82506667312671,74.95494420535871,2.3613568027551657,12.870208452592063,77.67414443950086,North,118.3071787601401
31.543928984153855,59.22467282430705,23.013908034526988,126.65897701854735,12.97642587375641,77.69034364109746,Central,137.66367503298127
34.65222148349745,70.74483477111393,132.3158904802106,22.694338038507404,12.971206898473055,77.65414723710093,East,220.7684339401077
32.922893087184185,67.11885710131195,23.474486233727912,8.285345189721328,12.945279859432917,77.49292756897759,North,47.234020404091055
31.043644186643785,33.04150280289199,66.49608441420237,37.91874916181389,12.96499369591516,77.4588646953511,Central,116.93785533001171
34.400048137534924,76.52310824947605,29.76348070858674,54.72389176141532,12.9475371897871,77.56443601949455,East,92.35705254112773
35.01577354267404,68.23094758184432,102.51935598824487,1.8876198315753427,12.969636909822233,77.53590442511405,North,162.7145365936314
36.29295394622516,72.62402959511884,107.2518698644435,19.28638289025028,13.014651786386338,77.66332750265782,South,183.61433798720415
31.892259325537857,123.8935655965449,4.1164212701171845,2.0009909816937554,12.832888458321033,77.43000950132016,West,0.0
26.997291518098873,33.73830590752117,124.04746619374363,32.71833599582914,13.024887725644707,77.47732201839347,North,223.78885555771132
28.880282118599936,90.87044974641663,78.5713599966952,135.28488243991134,12.840765845038279,77.62553968335561,West,230.3719408371064
35.23905379905014,60.688287208994666,70.51089620529689,243.25810639399353,12.819988399523114,77.4284959934932,North,305.9283091506829
23.098385974076585,69.30993356604515,10.092751887316627,60.80900728116727,13.09282390586644,77.49622932420651,South,54.829333054758244
30.212039853237407,64.31731632048137,73.5915255435854,10.57829553694147,13.087097530661133,77.5161466182162,West,126.42084658853624
25.639967126035835,58.63645499902935,85.41023735427294,141.7715726921853,12.81813096348217,77.58677813896881,Central,224.29347370685727
28.172468937608905,56.452506076418615,15.358244057975334,43.57095208820601,12.93297603244249,77.44743979371582,South,49.41215904348252
35.67071117564379,69.94263103359513,136.8894284780554,10.016378512744588,12.855873481489933,77.65818134710491,West,226.0130883526059
29.14659440811942,42.24239454992481,2.3015740907630464,152.85290040171353,12.945603469140325,77.53426267063989,West,132.82062583728558
28.27861928893689,76.25868751282648,7.3085478439767595,84.99755705183868,13.049053172899876,77.67510651356417,South,81.87594829239706
19.840863154120484,58.757083926721194,34.70778769701741,78.9401504450938,13.085183532422867,77.54036097409018,South,124.6509406738604
32.477521396163326,48.04895991439463,38.58896198672751,74.10319079604764,12.990275796035462,77.48251207768223,South,127.29792235640086
31.87290508684645,58.24980713006279,46.62271569423576,13.414105075668088,12.906171700163545,77.4425486486063,East,88.24450938336395
40.97952833983276,83.8572382529386,0.770163964469747,14.219846365430767,12.98099766969338,77.4011235284134,Central,10.356843581287215
,56.96997369475665,,69.94149779545477,12.893600391832535,77.55964724549546,North,265.0686382590496
29.314901965983633,70.3768042731443,2.0525721742298053,14.886358432737904,13.072947092249619,77.43214700907808,West,8.353815764922654
29.496302102264533,54.0356558642679,6.947534395039288,34.64696003632123,13.06112013893175,77.51751832908936,North,52.244746831897444
37.46471967858085,76.3688277488543,0.6351141665319453,91.39611543073484,12.967469525083898,77.57678152837113,South,61.31457742378623
27.42822680567829,75.28261608185306,37.65107972342744,91.93542431007224,12.897439674614109,77.48270576907082,Central,134.9331930746585
29.674129154622037,92.72913249944617,121.14810267505797,36.22710908898373,12.888016902674893,77.45256728770984,Central,215.62743253353383
31.647379058299236,62.36654081751177,49.34052509074174,94.26784687527646,12.810025398411518,77.6324164867828,East,164.10563646796336
29.11965473893815,75.0298220713686,77.8352494582126,109.44027461179542,13.044746255307588,77.6840373516845,South,209.20068528862643
25.32139831269683,66.47101309308417,0.6016584327887109,63.81366460976135,12.935114963911703,77.4301321253586,West,47.72118200932391
29.164539957389845,84.43807672794522,35.14137741989998,15.559350199080292,12.89753987852008,77.4466770973155,East,61.08479041533519
34.44179049915863,54.21751418586904,27.691972461698455,19.21328944292189,12.941333106499327,77.68800379717582,South,56.85078407219579
21.840908203533637,76.17507969315922,31.098833835880654,22.686274661278034,13.045621397136395,77.41133526654367,East,76.12396301614383
28.797818044881257,62.079540558249775,3.372898417362441,7.452495266220362,12.837384262312257,77.69328970096514,North,19.08654242651295
23.79927511036496,64.03717734337253,51.90262831051429,19.142903153959328,13.057296796472547,77.40139334492551,South,82.3111519800363
35.170279773549055,66.3762872667256,31.482397886301605,14.106836508555912,13.069252650532507,77.6621005966954,West,61.29569428934567
18.860878571297352,68.78360594640016,65.1961516134501,36.45437261889736,13.084012374510166,77.49219755429633,West,135.21035985504994
24.64646891637047,63.256564353170624,29.886879402041817,143.4440401564746,12.919246397726788,77.68157665745319,South,157.21379737235074
30.263271250387124,68.22069774755789,7.280626823801594,6.621064652920794,12.865142121211303,77.49508358659068,East,0.0
37.39314417540604,88.67177086343277,47.01844589072056,76.43538030882716,12.91209224554001,77.59629189646022,Central,129.71124191370362
27.605498433562072,79.78174528422828,8.51439844792112,69.74739989412103,12.899873628869422,77.42400977092979,South,53.71802058454775
24.668802839840808,78.03731888745345,92.64655359188596,6.039243084944166,12.852846173750859,77.47269894343613,West,127.36667541581798
39.28694241664354,58.16690710964194,42.73339456895873,153.50472216970843,12.982180001030446,77.63210380394378,North,197.55552857950428
19.311916597502538,51.66138757657514,7.696359224328007,50.42540094675487,12.942987248152589,77.55860575610365,West,77.09516585418226
14.807164260279508,79.3295083735663,147.5597329496407,27.127514292025133,13.059710297697201,77.67839071853612,Central,256.6844653955524
30.640086700319994,78.14070188794692,32.875635384680834,84.76780816764675,12.809632874144619,77.52862542250242,West,91.02176958291184
24.987674653884334,87.09006013626473,3.4061478529214697,17.853073434857127,12.993160378266538,77.66094370974417,Central,17.661553621782843
21.87260309721572,55.94029061046156,44.35780419948418,70.95417713332112,13.028884663553468,77.53468663124347,South,117.40316393699035
32.25013868379612,61.55677016959479,13.138038168968766,2.4312728588148733,13.027845970756491,77.6937744836106,West,6.942852236673605
29.462804282627193,40.407737562118484,73.26350192360509,109.73331156612969,13.065822190128657,77.68795031441967,East,202.33048956920322
24.61552821557963,59.11293340908691,76.62471532623849,35.67100716510894,13.018710122848848,77.49874101166682,East,141.62594127151908
20.318173607974636,79.94855765869171,173.73281013617455,60.75041018332336,13.078343018494309,77.66577710112504,West,297.55864745513446
33.23474396968087,58.002569311577034,31.360196266885126,15.002974098306666,12.899796979946268,77.6542834122647,West,38.479221241077724
31.901207067751965,74.60719692801236,27.310066545738447,67.81987166212708,12.950962825025464,77.46320411919828,North,89.1318358532598
27.404944817323702,62.14245341003283,63.013244701050716,88.76784284078441,12.804223898984867,77.58728712023499,West,165.6132117719431
39.079821976286,69.86085542332341,6.394767398583561,38.45756048863134,12.802087276190989,77.42180469467695,North,39.17403161920566
21.579491402043082,47.78462915276499,35.62545002043739,57.69720403729202,12.872037986135457,77.65101321617504,North,110.22376161257183
18.846848974451568,66.27814174450852,35.559162200215866,36.56432018079756,12.830242159141726,77.45236376505106,North,85.97003977629399
23.848551580712535,20.13296043648915,4.217933749332174,134.71071184284054,12.878063410380726,77.42124441041574,North,110.64918300314298
27.726483901867013,62.19655762757023,24.35658692106212,41.3336757992867,12.85311298835852,77.52006572866165,South,61.429545130400776
29.46003669593615,40.5429013442729,86.36678894787853,110.63701655489996,12.808556007451594,77.5730766415799,East,200.35053108635017
26.55258365286202,83.08991774820224,87.25542157216641,96.97326948390946,13.072791243921815,77.65647508756794,North,197.54898934377846
30.11233237908578,76.66111029146766,4.703122584664267,31.70932426476847,12.802466939416668,77.69227275765653,East,46.005351399674254
20.490763454857337,72.00006472949121,4.2796427514516076,15.68846999041094,13.020824643301125,77.53184775377096,North,27.616969828755852
36.66258762443955,87.8150934073907,13.713942575835533,31.260854368941388,12.845644366075856,77.41813407689558,East,48.467279696354325
27.507092929644585,50.766252187627444,93.49073060333312,104.9970028104278,13.07366888659988,77.62473467370776,West,219.2930052428658
34.70377498952877,91.21044796873338,6.210065959128434,15.497691140001079,13.067838781876965,77.56955197686719,West,34.123449736521145
30.056352078266226,78.98287346390578,57.28294155106773,44.59527228894844,12.996170343910777,77.53436740345334,East,111.48946636142284
30.740519314922704,61.45167069171581,4.799541958683117,98.42375670840123,13.00167024494018,77.49278066363766,North,75.94152257271197
31.418603681393222,82.03430220774416,43.914411819563895,26.168834407305567,12.801601742590908,77.55071955835307,South,85.8719103719482
30.68625136010389,48.40559731382549,19.807247703432285,61.66848253914893,13.09546146983408,77.50160388133712,East,57.21426781138198
31.856336559205264,52.632287577084895,69.9970261572608,16.91246410390674,13.063349781072745,77.62710356032422,Central,108.13074290279579
35.97491518079459,55.8711541514045,11.977608468083824,6.943471912141805,13.068531867719027,77.56316810894779,South,21.158903295816167
29.17912701820882,57.06533437903977,45.87464525300138,94.90476132854225,12.99777336111526,77.66305433224623,Central,140.12343698952682
32.25402254553107,49.15163535859621,12.09474204591313,6.25291186766832,12.90343607859636,77.56306317439484,East,13.26189255123664
27.46158583427664,83.34624600642988,56.27593582999515,18.996291574187598,13.068094594727144,77.47147872400198,North,119.96490633637491
36.64070329269684,61.117183994452525,93.10146074761627,115.90658735439504,12.887455078445358,77.65532756466965,Central,246.01006340747426
23.94164618764438,70.2875745253532,6.101672161132907,25.521944966275402,12.968813463002661,77.56716571347901,East,46.71608005006161
38.805642597464896,56.44472950379479,90.64668719919766,216.8159662045481,12.829919291703165,77.46205231144307,South,308.43236083117137
27.75905229613394,37.69095049177224,40.51604226793372,233.92963158497193,13.076586689039825,77.58705234298687,North,243.03190878646717
19.415349387291712,69.05086037587134,6.117583307379448,18.741114795277543,12.842231137331364,77.50731502948274,Central,40.18590137398306
28.768626489464737,36.31617536870335,25.101704521125786,2.510489732709841,12.867469041719122,77.65332168368762,East,40.51301218741292
23.913690055150717,63.97048930871797,7.89201318891158,73.25966810314249,12.967440247438464,77.53598992159397,North,59.84085737320183
33.043861293932345,44.47527441750785,54.230989804729795,35.97793514608966,13.029227900063894,77.61793240743224,North,100.21852428269938
24.084256124185654,94.80913998846212,64.00851007668697,6.371841540118899,12.98580539178089,77.42866086229088,West,97.86596126159704
25.32289940071132,78.67044083262083,5.031986568664124,73.76211773721549,12.869640173840047,77.51880730389071,North,66.33746895902249
16.662755614326812,66.5863068690722,31.747630702322876,1.9002712886268123,12.800282912758247,77.69497243094172,East,49.95627336640956
25.28616208450554,83.95560016482003,75.8418651339414,122.50409868354517,13.027145174092231,77.64253808684315,South,209.93022977804983
13.45672404022626,52.305260338013966,123.81403366432083,8.955437358858575,13.095562197773328,77.44798224071009,West,216.2814419101323
18.49658305908566,73.15219068005139,32.424979639078046,8.170622183689401,13.042973936091826,77.48332921484318,East,41.642757225527355
32.562487936865786,67.99715650578071,135.05995787600108,11.591227889576766,12.938061985446986,77.49894474265692,East,218.59003172974948
32.71480095190499,68.96030122000505,34.5240283062817,193.53342341861548,13.071130178419732,77.59510966814864,East,201.83825392202078
30.55274537070979,84.08530250160152,22.553536043473326,70.88756074086525,12.922954301935505,77.6270984278469,Central,90.15249776815467
22.198143141224723,75.98738154169703,84.83454107711367,96.97915270066129,12.95748022527304,77.62485798264238,Central,214.24008805862982
27.71373186314812,69.33085494237535,30.564457844032276,30.413500885716466,12.943138930218705,77.55296221689193,South,52.349999635452264
27.97838476545659,40.17668845657556,28.731346795675364,24.596652936444265,12.934287161799658,77.64324616135144,East,53.31564010821514
21.04981186484474,50.59930557080804,30.32808594250636,16.032310295525328,13.032557230788171,77.53112342482724,Central,56.98138329635164
37.02038981060291,63.15936599606414,84.41609073502018,39.3104071717831,12.958030672180847,77.43716416958867,Central,172.83497958845172
33.26417374345403,66.40058561414976,80.25495272831292,48.15478970420686,12.895015136607565,77.56933255249615,Central,173.61605794698082
26.674214957022016,48.046944129891145,23.251929941293348,59.9436414005749,12.877447450297543,77.68569041538034,South,95.60582241238438
28.161315033967185,101.17515013367631,18.243670462849867,17.833124455596273,12.811324195090231,77.63789809541775,South,19.698127174623803
29.250296847685316,87.74591082880359,30.47094704149549,178.15018908439026,12.974958548564913,77.57361019430768,East,177.72888013698343
15.749590789454256,74.03177480588725,38.26973895930891,11.162319269903769,12.86898842462031,77.59404169810473,West,56.248112551362496
26.516935704876417,66.08055291925618,12.251310969372224,202.2747413186237,12.844440176604916,77.67916860811067,East,179.64440705674056
23.908094512013207,61.81686545148273,71.08474943689201,0.8980547974029021,12.996148989148303,77.5285028383305,Central,88.81530266850514
21.990279940630508,50.72122309966647,29.99122595212805,39.365616354682835,13.004362777346465,77.49941824168279,Central,87.4582973792716
26.313398242684272,66.16220777778294,18.294030081066634,24.33101199734744,13.0256464676773,77.69317246950014,North,26.961978970066156
38.78611916109713,68.86628810214125,5.083571807406787,35.7746685984881,12.951073068901577,77.65903294005311,East,46.57035202044009
31.845057167602057,46.37359136777563,12.281331295267272,50.73100790252307,13.068216381561166,77.49691307538559,Central,67.71519127813953
24.57292606130322,70.01264625867346,134.16561322040278,34.31837096581219,13.080902826019468,77.53913417920828,Central,217.75926658953165
31.43549668813695,62.67111426762877,16.379409508997586,32.15290029937173,13.042211281937746,77.52452343870235,West,62.9109802871307
36.39613261951601,36.382886631839135,8.323027721372654,79.16827556549029,12.990678044602456,77.44472870360144,North,72.48705548830199
33.54780209747661,52.09422483830747,27.78447720094896,69.47810053773763,12.891116286077358,77.68734579714398,East,91.33220632191063
28.357782219521045,58.79591699867534,16.508335572175035,107.4832338439493,13.094883476486066,77.52129372936594,South,106.53461533577833
24.118379333766555,93.31531486010286,1.6106497852156507,17.25764293599863,12.882240850157581,77.66259872479138,East,12.86526370669084
32.18933988168154,73.34829686800637,17.563433860341238,56.42401924204223,12.86079707659713,77.4568068683042,East,69.04762653323154
30.3609123125305,44.96777646350163,35.34753187070661,52.79677387973187,12.932646234135975,77.56436124319117,West,93.04898369011991
33.37115932016639,72.29054434126455,36.10441016266514,27.697162377279504,12.817052171213717,77.40718841553729,East,67.41118601929321
31.811030810091818,41.79044016592452,19.8416168882373,39.938638141245605,13.093548339401536,77.6292661451527,West,55.13137526813585
34.29731629191601,81.2403658083061,26.682520816918625,22.59360757899306,12.976530066924928,77.57427416947388,West,52.382642522142234
24.78858873063659,57.93313022273182,151.52919565443062,9.178190470692154,12.967085627499253,77.58767687504093,Central,251.36364902113326
35.904364393805956,63.59545716891244,21.319572158590994,14.432736353226476,12.996738883969917,77.4155162647664,South,37.81402218138342
29.185597628154397,84.88694971313285,13.442029235632381,6.690337922893656,12.949107094333161,77.46331149906258,West,19.161669365838673
,45.692546471236255,12.555413235462455,68.94438055734997,12.809619055128364,77.42229926170607,North,89.15191235262962
23.86487309146259,44.04322722330513,27.542478506264164,64.85708067819995,12.983693386652119,77.48667429474115,North,89.97929373341839
38.415782818991495,56.246010104809926,64.13035371276435,180.47603054738784,13.014852163086928,77.58823170230465,South,231.67403773546613
29.187464700775887,80.57568276528974,10.379562141195404,78.48857809007428,12.925024718187217,77.56985579529521,West,67.29063302804403
24.09149197831331,42.209808867847364,55.59525670395929,3.2069478608668245,13.027188671621358,77.58364494648401,South,71.75683899282464
25.09668499567407,22.517666028341466,0.961950838145893,129.3768535779983,12.868100389801526,77.56477538141337,Central,110.35625886413193
26.077916150834078,58.23261712386502,24.430012761300734,119.12436517944964,12.866382977319855,77.48190863870276,North,113.9010035746212
30.5449956784115,73.27611199866381,67.2978159450923,35.14591719931377,12.848425096306272,77.47335224920333,East,142.52683474060308
31.137012928212997,83.00392624608244,18.61188841689129,52.89351384188536,12.911598427936749,77.44111790506098,North,69.3193303082139
24.557799976368525,58.05257956871902,37.3279607556865,223.97823837853102,13.054103610616725,77.65472126247106,West,230.8037880085601
27.853872446434103,58.82860089325996,10.322416909684167,45.596252684206334,13.04837361864472,77.58494380756238,South,49.67707212504178
40.85362215167118,82.30851101383621,60.96500236656139,141.43630833809252,12.914847262389051,77.45595330375123,North,209.22711676977735
38.36525902060427,36.95387450456869,2.416285476261481,5.20140440981793,12.976735620794072,77.45316281394638,East,3.087161404740426
30.617942018044193,59.17218837225486,86.1397318262193,12.721228714542919,13.016244894942474,77.66191068045785,East,137.468863592046
28.228020869009203,67.85635834887587,9.940120737810508,34.87005108379478,12.872362032388407,77.622819259129,South,53.337020109672736
28.720187960309566,71.73828081927552,93.35868092814658,52.733455582694596,12.850442325768425,77.59781972397161,South,185.6938422524076
31.681107836382502,57.35289960213676,19.560674103204647,101.64351684437045,13.091628797963693,77.5220592322618,North,98.1562060363445
21.863244608809566,65.51661517558762,57.71682424533222,266.69601877994484,12.985267193962885,77.47859266928356,West,292.8545680477353
26.45574077545993,27.67508969880516,17.30357375956941,29.544917962912127,13.0944247165501,77.69383522893385,Central,31.77712850935131
17.988495556734463,55.126273814992274,106.35845715931289,2.9145962953152407,12.901326796139669,77.63917187250685,East,168.0218284703103
30.395338735631675,71.80263068831701,6.093186557618803,96.91875908684929,13.01090950999224,77.49053376694089,South,93.8947855237159
31.883175638216446,50.265589486179806,8.849134394488445,55.638176520342434,12.866781090962371,77.65426943888355,Central,48.44058780924695
25.100881226203757,65.88476332384396,30.568666302696446,13.279426901103022,12.878360051382174,77.62767958458441,Central,79.52506437315665
37.443920579740194,71.70308751204047,3.847087383244143,40.97143305178447,12.953570636380887,77.4891241649634,Central,62.92663808641046
20.645406021985952,59.86176198713353,9.815911389609516,81.35993518289791,12.895885437652423,77.5279658562725,West,80.0399105633642
19.21375071874108,67.55695656494856,129.5208233838322,88.28807719569123,12.850286469152175,77.45578603361731,South,256.9380213213008
29.346710911359832,50.55901152073082,168.76417515427883,41.54305773769151,12.878864210596799,77.43331573331344,East,289.11872081588785
34.28258981567293,61.9008308045593,21.24092649917804,21.84912945072757,12.810724518339761,77.61682860985191,South,41.13037390987243
38.10356614874721,74.15324254383833,115.5452099335217,218.38840445132922,13.011327086443245,77.48025355720617,North,357.5288614230161
25.24669442278636,67.35459441452652,35.41826727273458,65.32493549001424,12.947634997125759,77.64601780972387,East,107.05094186139308
34.472085000587775,56.202030956540966,14.14611092609662,31.47899638310642,12.828272919921359,77.69868261345434,South,48.78510016549715
27.768949182995758,68.36324606436189,54.54003053646941,19.74885845833617,12.851508197938548,77.4229859441789,East,115.20079062607523
26.96423620035508,75.71914685954927,48.4013198651342,78.80560854752083,12.830760361433795,77.54191053752511,North,129.45623337347217
33.30195962492003,34.25088082133783,203.45931205963723,16.638836117174385,12.983777842482763,77.64061876779324,East,312.71012806463887
31.913937270480517,82.38611097433846,13.857710330261641,11.303515863545831,12.828263109083748,77.63668526896237,Central,38.4130827803831
18.541647058094505,59.95617891978392,50.171539392402735,45.28015313871773,13.026284699910565,77.6279991474993,West,107.26145783224408
36.859242098355374,71.38234899860345,2.404162579005591,20.548353135911395,12.806153275796119,77.50469848059058,North,36.08324059585166
36.28054812488471,82.95870385467842,5.428750648540401,59.47785449960446,12.874812736398768,77.53615597670552,East,65.73037593739977
24.246623790942824,44.42489454154301,0.17667323528142986,7.529621746282041,13.067200002767573,77.57849050720245,North,2.575096179296185
30.374821200624453,54.3583849635868,338.63415462144843,63.84240990727453,13.015559395436673,77.69218217507198,Central,500.0
30.964181117696434,60.67176956186443,72.93921810225453,19.98558549389706,12.821890499877707,77.49826418128156,West,110.87486008891635
29.564042594943444,53.24369718313358,69.5323600986999,0.014577836871746217,13.046337831345554,77.67694316631506,North,99.49254180512271
24.698169076927478,91.02404863755213,32.07559563235868,8.144788887917684,12.94791053646206,77.48080707545415,Central,58.676323244769385
23.970259792371692,52.148418592598105,16.054685156386714,162.73739059342662,13.054034908150648,77.69672233964211,Central,165.29471129233815
27.84667557405133,56.666798307697,7.380334361297902,121.20457029658209,12.980221932335118,77.60107910604827,Central,105.86128178372157
35.036374115556185,68.06583547404465,15.075806806097441,15.963770244653805,13.004549909609858,77.53905344410757,East,26.49584373462411
31.261600927566594,46.96775710885866,21.220145683777865,90.40527285620891,13.098050468118712,77.58401712841909,South,102.74701880390111
25.776314007483364,59.06478932365604,63.53364380476851,56.277158950372524,12.869700663777206,77.48175935071207,North,140.52588637855405
32.630192263890066,69.76179891875263,34.91072181637831,212.2307414043957,12.987183672428417,77.48225215725344,South,235.2001290219137
10.908744276219547,60.00709393426233,3.629256940512882,28.0665101617451,12.93809641701722,77.43406636315305,Central,40.391335458134236
34.89259420223262,63.599197116500775,0.8187080289913188,68.64054876298161,12.811835585876809,77.43421508931162,South,46.121479285447826
17.5617173273314,57.06001831327444,4.85798352785747,3.9386341459166716,12.80434119245086,77.50430152244068,Central,14.97880059122335
25.825354351581208,42.282945362288494,23.781526964279397,30.275440771081342,12.835768573345359,77.62885664336892,Central,51.35418230886707
21.281980632243137,69.82389817008858,121.7675777337103,199.151049439692,12.994727522161565,77.58239135027945,West,333.71618751800173
20.231911145674566,91.32399607470862,45.65078205804973,46.45894498518241,12.970148926374018,77.43077536809932,West,116.0300842061851
34.964960724271116,65.27602446175158,72.83742034867724,20.370488699990695,12.966028868349118,77.65567095749277,South,123.5594467603382
25.19379279212865,68.37896175871325,28.262752830715144,7.688479894251673,12.809557028758478,77.58041028809703,North,54.943530507219194
30.079023290384296,75.39084132675289,20.20021883915197,72.94821885074467,12.940790898908002,77.68825667303544,South,94.00624989969923
27.718476526724896,45.96004255179952,5.1632142975772215,62.113923614323,13.077386845352759,77.60105564022336,North,56.64110656973092
30.86224496333873,90.53771987194409,93.91201719941432,28.098420664960333,12.919277560793194,77.45255245911126,South,166.67663965620355
28.460931346361534,68.03493194634203,68.78680463060327,180.8843277533313,12.987476740936536,77.54213500869236,East,249.92620323582545
20.302046654868583,89.47785348633664,8.282915660879945,1.347180341744361,13.033945602686943,77.59454927926417,East,1.997619898395067
33.97760091668284,54.00450506714016,32.308828114336414,21.7205359464776,13.035177583742566,77.408479410315,North,70.71292680454395
25.037460501032125,92.27092883836737,30.06946442581013,152.35124321875256,12.955784024718582,77.40447307924644,West,159.9252161650769
18.660508608041493,76.62733241052175,44.148304049232536,23.222344348023867,13.0573855836207,77.43882090017958,North,74.10938431014324
,73.29560128778537,,17.441422279341054,12.917413428009125,77.47549933051364,South,219.75065293445456
37.004558743805866,68.51036681529722,39.013043824825644,45.84256436598988,13.06660796443544,77.52886473705621,Central,89.28042416606216
33.101330452680955,61.27207072888326,34.965054907233444,104.1687298184383,12.872068149918665,77.54623214212793,East,146.88944751160105
,83.0079748771081,2.323497671170048,6.531782599725941,12.884064922097172,77.44140828268138,Central,19.694270071877305
25.904453774089426,67.1053980477207,2.923796551827547,171.9040442571032,12.815936187259702,77.60201747373475,East,137.1414198124908
26.070189692695706,35.49395444619272,9.335286811504078,95.10605286072708,13.038674550962686,77.57884141850896,South,100.77118192607044
40.46048790136504,48.242203074394965,1.4854339978555196,11.99860824940542,12.925116570869813,77.48833922965235,East,7.93378579258935
30.29161271338932,62.21231371710879,61.2023972496158,74.6893465366466,12.86873498417342,77.40409796503059,North,150.87117548783013
30.58024988314642,69.64998474748333,57.821891287506176,29.163953745924,12.869537083284975,77.42329437460599,Central,115.00185993499574
34.18170072419105,64.15117266650157,6.581141929980519,30.8794451512049,13.070419982368769,77.51750843265326,Central,54.96923314990648
29.43273495415908,83.28456184690495,81.37665312007881,91.75173907881596,13.05017498013831,77.44619230534971,South,204.87534240502
26.44574712507578,35.733472039420626,7.567446171516628,197.4622928073501,12.966059265607155,77.51304588184439,Central,168.74310797146347
26.821900905490132,67.1538190475774,16.126009457615893,8.125536698172361,12.984833240124717,77.58845478135311,South,31.722467106653966
27.570392443515615,37.730311619192676,12.884349041386992,32.748862892664704,12.942297671165088,77.56417122836379,West,29.694389549022002
27.77666658094095,76.39568443226253,20.956690916333404,39.34433361820622,12.917499962863642,77.46935276494122,North,72.95851827807647
32.365777261821876,63.58311928336996,13.22639286588786,28.32628452998044,13.0746430643655,77.50314674737763,East,51.47398437986553
,71.29414958036178,,27.076953900387792,12.837683811056092,77.5842093595346,East,69.80853816803015
32.395840463293474,52.04175559115351,23.54620245979047,3.2210532896777098,12.925534036914868,77.65825650841303,East,45.07370771879675
27.515700519348506,84.19197397486627,193.9601858629971,69.41364061579918,12.903368572396364,77.62596403162166,West,326.2193152810128
28.471811141896545,80.62586996088277,2.5897993626595777,34.384876317990674,12.949445216075345,77.56602000805003,North,20.574943931957197
16.010795892807355,73.75316454517832,6.9013168304387005,12.999413314761732,12.937289562363553,77.50868789949494,Central,38.766242043389234
33.49796604821489,63.057241297048385,2.4422558645301913,101.58009694079675,12.955666859495324,77.50951538326255,Central,82.35018802510919
30.078930855387956,73.69785927942698,44.23837317044977,97.33945965197817,12.841975693168099,77.66382519307932,North,151.80345715165353
33.98806065915791,54.39661148018977,2.5223041399118302,39.9776535773558,12.953942450453983,77.41177307281217,North,28.299183455180128
10.622467730837865,77.83333488531068,81.47582000162909,21.267842913156713,12.872725644166163,77.69639479332608,East,134.80632767954742
40.530248228684364,89.74221341485881,32.279135590637324,60.98203491462051,12.855299404696458,77.59931262325547,Central,115.7511591269755
27.162462231068957,81.05915839968779,33.69042046092688,20.39346385478021,12.819450265635858,77.60434130972172,North,65.27588358535047
34.6490969004251,54.055962952888855,37.10749569291235,16.15187219246087,13.028795767626843,77.41139935119143,Central,73.81834203871763
21.760564437246813,70.42125975909654,8.428969265002562,78.67447589863367,12.928232576256969,77.58165878246739,North,76.88759253138798
31.676643430375417,45.60287684362028,9.911726547163049,2.4696505979405443,12.987993104993528,77.54543341802714,South,19.307482030323182
21.679506620958065,73.58585466763513,17.27661422042249,5.973872093458497,13.018278002991423,77.43173367206822,East,32.816290961486786
24.25738623582517,71.75905119293809,40.507313979002646,0.40867910852314276,13.003794999594065,77.48337660323081,North,41.311881552333546
39.48418812320072,36.952754907017535,10.614214264668336,9.959250623967277,12.941150215726905,77.6670943368641,West,28.659380563758937
26.85590559541992,47.57324234131454,5.565309466908419,4.2891161988071795,12.916369558685519,77.56499652475979,North,6.402963204549414
29.304597239078337,60.752916548843494,157.97077745771458,328.3940801872252,12.912787972892199,77.52402497255218,South,500.0
33.220406384132524,60.48710379288761,1.0002156685200745,20.448936802579727,12.992014639079017,77.42180464675225,West,10.133070507921762
30.974091327835627,46.857845968717925,73.03575218326134,9.699488311143778,12.948438306482561,77.6142364582207,West,112.59720538863468
28.902513430861458,70.83468094028275,69.81006680723809,16.544914285320253,13.054739674396552,77.61085524701882,North,142.41217159471702
30.189766014797353,68.77210413410768,15.871635232986243,165.05017069734348,13.062410595298013,77.58421308209178,South,163.08163816109476
42.420493511429655,62.08596302032221,6.558770075951377,44.05818172623801,12.851168113401956,77.5530787938662,West,35.25051041935114
27.654287217798487,53.66312749762456,7.082520290354541,27.230631516281,12.840870095463718,77.53013532066221,East,34.17239724227914
29.206594280289806,80.73060689624845,53.79515857523874,123.99931790863977,12.9891202778108,77.5779813278964,East,167.6882508741291
34.30392637604567,89.83110669632443,46.32650470075441,30.150644360608133,12.890367724418685,77.47001863551853,Central,96.1861394809415
34.6331555977479,57.746577742301945,68.70089716419793,24.478867533825166,12.80557121562953,77.6823777192533,Central,114.590655346657
35.12218183336228,55.81749624267769,124.75293866953203,13.937303482874537,13.066592800808886,77.57663835875407,South,216.92773544430182
31.832381332175107,72.36811498117994,52.983886061830354,28.4693153950811,12.868070230173142,77.49335773330631,West,106.46012614812756
21.141970523617097,59.629559303795205,7.624210288305233,22.847902962414082,13.078784195505742,77.53490395526555,East,34.990159637560474
,62.909041990051485,12.553960277192397,67.86266695704546,13.015230335263476,77.64170543666307,East,82.61858725018385
,76.09479727587006,,20.514164501870443,13.028796046973445,77.4484848182191,South,151.65869522952218
29.815812791434197,36.359658687390606,10.567995032494895,51.651325513728665,12.860438448737948,77.48785068673808,West,50.2823536172389
23.474344899883853,84.77453487279004,3.3878945788414243,4.08980354518931,12.870258327685045,77.60385240682098,South,9.303372074971064
27.615169920442046,66.09020786494013,54.67349375698341,12.738831039378498,12.95638032614722,77.49464676194467,North,87.7465144359501
29.972574461820884,58.8276028315673,23.177029759031743,31.39467237691163,12.851629955794959,77.63775050455844,East,80.82201349862012
29.928143292701638,63.661487686678264,113.68032419261361,165.8289229988179,12.89162950780491,77.43913604615321,South,280.33097446890673
30.531524525411708,64.43644032530779,47.27480241317679,28.41679880814543,12.896438743384342,77.62880585113639,South,87.89454249871906
37.682267614351886,39.031980448326124,4.264704029273164,65.45188452980756,12.84788897997583,77.42050551445517,North,57.9589495166813
30.72120580908388,87.42407341179853,132.9190665995249,17.66928867194013,12.861554850018548,77.40377778380025,Central,214.88338988786597
26.535060188256107,65.61988448405927,13.462080621443816,8.151491059955651,13.036565552602477,77.66946705564965,East,27.87950179186815
33.784523009730144,71.64503195671062,18.508537733274128,3.619188351755492,12.85015875636418,77.5744017650797,South,30.196638658893992
35.13682293354785,79.27324655861064,23.157004241934306,21.86631434456666,12.808537217553177,77.50554806912605,East,50.604377986660296
20.634353109178043,49.6825631365955,2.366228635889209,10.294365885150135,12.988806482788682,77.46977839108916,Central,14.197805347569322
31.584400419099147,72.10207848552842,30.879098880456755,11.47038926826539,13.092794935817734,77.58506573497824,South,60.10998973040248
32.20703645386539,60.985383636518094,5.922518053022403,85.81710935606874,12.899364144386936,77.55270065506103,North,95.44455333994802
26.214618979840047,77.7015616282474,23.059986480484774,0.9578900052504046,12.835596710958876,77.697479332659,East,53.174894760437255
36.25424087986971,33.09158869472757,19.434397241922987,48.96095456179999,12.97111619761026,77.69496479599613,North,71.33032811335636
27.09966647780484,63.51358549638096,66.69454640542865,28.630046226105225,13.071906263328694,77.59050736984248,Central,117.99240072022653
28.753458720829254,55.95769016324058,73.14378598458845,42.38002453072725,13.035218533948543,77.53286115183177,Central,139.36582599261698
26.96156905429678,71.48394425951233,7.494397543324316,49.64602116777561,12.986754760523814,77.5473422907404,East,37.81749659329448
28.093474285488806,72.05066281052304,20.545923752992806,22.55738085542703,12.89451694898228,77.60474371987107,Central,58.39713466352927
21.42234947862879,54.38561157766961,21.031746852204797,20.982713982089013,12.962564051982866,77.43047236327062,West,47.88644467298452
19.359694704434233,54.31739203735935,7.388084409482199,79.32076848010017,12.827373452391278,77.49850562214321,East,78.91135732022104
37.56703037934983,63.34001947164006,72.07808310224608,123.00554267315414,13.0036836272842,77.42258167230109,West,209.85903196371189
22.918231910090032,51.55036659027188,55.2763013109747,12.834799309406884,13.017528805669295,77.42200822785509,Central,86.20608730596953
22.051645903262155,77.6297554317819,9.50366175926579,6.163091283274205,13.089509486872975,77.45875177256828,East,10.975144200657738
15.079659318377711,59.461891993288305,20.55805336779434,136.8469541224951,12.878119207623522,77.54557597637798,West,135.78551841995093
24.166229513862987,21.395176710175377,5.032414556360208,25.83732623193512,12.805536925712907,77.63543229634884,Central,33.075746088057876
20.06146123955501,59.37766915067291,44.52376263808061,48.08637147815355,12.963682539328145,77.54564876734976,South,104.44722443423112
37.85209096081822,49.421842687340416,5.8227116936337175,26.734411236068986,13.012037151319044,77.50064298316826,South,12.46849328615739
34.058902536055804,40.53086276808582,191.88030281803753,8.066926146584663,13.037122242764896,77.42470589710103,North,284.0325348324791
23.871097928933658,46.43860042666141,68.27547996581796,53.39815873419893,12.858121679907443,77.56508865695494,South,142.45802849477073
41.51461483206585,66.64112707749455,22.260935843657613,44.68422293775284,12.878525860711107,77.48138057594495,West,68.83467843138094
33.89059292194956,84.92961242372347,38.88392359725381,13.613551134518246,12.953777277580189,77.58448025337515,South,74.3715199631453
26.051011698948265,69.6977671079747,109.03351207765505,36.07446305821078,12.899180242991001,77.69315632173974,East,192.8024482533565
13.003565710758561,55.90244917676391,36.3446529086651,95.65744394781916,13.058153445976233,77.43339429644327,East,127.41581143737795
41.74565543554445,71.83856292756055,8.629388192958178,53.55827613469939,12.942128046121617,77.46363761961659,East,51.81983992757265
19.662565199418424,58.113645346715124,21.417598027362406,6.11647056721592,13.0398735932306,77.54192836142981,South,39.03419893325179
18.12760751825865,54.58099446255283,83.35946730536938,47.64723963134276,12.974185928144706,77.69058414460378,South,167.33748234734213
34.13542259205784,47.684559976505234,46.504038903300305,72.7885428593162,13.031927042485133,77.631542932881,North,124.68886586044903
42.638514438035635,38.72256789872421,47.33522724372988,94.41628133471909,12.899801895959097,77.66946875794885,Central,135.75892504242802
36.30563691106311,59.15114440160832,90.72291770344658,59.51221140888474,13.049424986579092,77.50011445454274,North,182.708091600009
31.38345472031416,67.37080234880197,100.98279190282506,9.939064918259708,12.882371694665308,77.69761154213359,West,152.92682399686333
31.568526049991718,63.550644949776654,113.541261623762,74.3083203335457,12.963829642400988,77.43084984481925,East,232.63435169604426
33.12049335268185,58.76049608078962,4.484417034389921,67.8697117923439,12.864202133952162,77.41589187181384,South,75.82987185270804
32.55357153872059,50.813809089548286,35.34924724855658,1.4838100985836653,12.942657956487858,77.6566807881162,Central,40.695276382479065
29.687148543816257,74.12369287527453,60.706587045540154,31.83595718310385,12.895452562852611,77.6781794610621,Central,128.03561328175854
28.625206623711257,45.24302120080122,63.647677443945526,24.293438615284064,12.880011029191165,77.42717560726383,South,119.5966629926202
27.624441232602866,76.64041870765213,41.99507078999252,66.41295517538123,13.09009550540841,77.43402822802376,North,127.15137743262919
23.476212466799943,49.96674471609913,8.210986627464779,14.611170217571757,12.84802223164602,77.40995224732674,Central,19.647972080634673
26.315949538799355,53.71347143970448,71.84804144226057,53.6236215118407,13.036197751237218,77.43135226879282,North,136.21068223341928
17.842259114827687,42.998222140764845,57.30135185613576,146.65304065018762,13.095249487844963,77.4628259450401,South,205.07141799152444
27.4099622392315,57.47896779671545,4.053296930160377,95.91058226734334,12.805970445122025,77.691022985673,North,96.80526377482998
22.068453357094494,79.62968687716969,28.046986925744605,152.647104415723,13.009708224212629,77.6003580666719,East,153.5829477543773
21.378464096705375,72.73442132665934,8.600991501677639,230.3987948472364,12.875873541666886,77.63356590765557,South,188.1174012788788
29.079364906920873,79.67633168042053,18.52650331837053,0.6436476610098663,12.812146347298492,77.63284182110746,South,34.17666000459924
36.352013718067596,72.83213818900904,0.8210948696250356,58.48944344121806,12.92086687368699,77.56052212493377,Central,42.90112816468349
33.50989963601388,48.44495257204446,23.01190000359314,31.94741389252918,13.080565343051262,77.63924669331391,Central,76.73663154929613
18.576996378260937,60.03816163508664,35.92054012826968,117.90444248273303,12.8035295283101,77.57874225971699,Central,154.72512120989254
22.062231180577974,53.29701306323806,43.49187851295183,17.406276425976387,12.976365707578935,77.49436382928101,East,71.97060575032518
33.6446271279293,84.95862356058561,49.01077972212609,237.89217385168183,12.950418943578597,77.56833303263052,East,258.18344516911395
22.105075638770142,47.04817030360533,81.4350028524156,57.06969839850443,13.062015249311314,77.56005257584036,West,162.55720085965103
26.65220110001785,78.40546534083666,10.919764166977682,94.65816045485478,12.825200514356188,77.6470359161278,South,91.67697105148244
31.30031259414731,78.39430805163154,5.7771471129734335,5.369200647761307,13.004457808965995,77.6945181652145,Central,16.00559467847236
22.189933270818187,92.4443030257413,85.83393005480526,12.160607261534084,13.004032909529982,77.52331276962629,South,140.79368938795977
28.63225303687576,58.85470111055754,7.664810944898765,85.22922095959095,13.000724005058686,77.62901720353241,North,68.43355109575653
19.995847030490772,75.68483239370244,165.56978087217072,1.3339096737835774,13.082700348480511,77.42992890121144,East,258.4405552966153
24.391794136292717,99.22477754808264,83.18576594339135,101.85615627394554,13.046926258702063,77.63304941083449,West,203.3627632603976
29.918691604855223,55.73537484599455,31.270586895611675,0.8428332321330735,12.812591817873052,77.51142507359798,North,38.304790846637076
18.442037598809982,41.974396287014606,179.35858078704112,64.22228168502235,12.941324855211354,77.41181704886691,South,315.7852449233613
30.642848427762395,36.79984949138354,4.610250443540138,27.256691814327475,12.919385916860401,77.50897385356866,East,38.86380713922202
27.882173206439912,75.69068043291998,16.247889970244422,56.72693160889038,12.893044166327241,77.5831928252765,Central,71.65661351512462
31.314939726502885,36.75274687912125,45.752903570001884,71.44985372263233,12.93540101754623,77.43577505030444,North,128.56485366220852
29.34348480438797,59.41521420593116,19.385706736354393,25.15636957139754,12.915258255477793,77.67721034772907,East,37.503774684685474
36.184842579843064,71.5596978055844,118.63246168136922,6.854822925467552,12.9297001699636,77.42330172398185,South,184.75488246799958
28.751347015887443,67.7776330524487,3.0545364153953747,4.331398676909364,13.093778559682592,77.67900201594995,South,18.0222412632562
25.423566753248483,71.38167296276258,35.87406794038286,53.34038482411572,12.826589892424876,77.6121412553807,North,78.45361096170426
,68.33434783701281,40.21709408099113,44.12012569551397,13.076669260951618,77.49891365262427,North,91.73224525605002
31.25978817421833,84.1829871997009,47.594128538263,81.33450617047892,12.944071014041308,77.51722510431273,North,142.69060788118387
28.293160421954227,50.71525428891805,13.286957408862316,42.76861548010144,12.987122673649862,77.62224280941983,West,55.7277706922226
28.243550147223296,54.84507292312203,20.405147480013493,32.937178254918514,13.049054889985308,77.58044133026436,Central,46.76941397070557
23.788049873159466,53.41010832093764,83.51340655640789,30.458559510349453,12.908138908744776,77.60149287643648,East,153.61958607622628
24.02259449469431,77.45287717793916,9.757885933964596,1.6081747722672253,12.92912657242639,77.51674938495405,South,4.24925818243492
19.58436836920184,78.50597882592595,78.91650391175438,24.528389210797997,12.922855544083614,77.54634404454228,South,129.32199689251829
38.49746045912164,71.76837978977763,37.216524989279606,223.832501903946,12.912419306760729,77.69696024521137,Central,227.26521057191562
20.53682058765229,82.75240500334891,64.63227500987287,124.07714430691325,13.077658796494068,77.46417686114992,North,211.64400945739118
23.842568813224556,47.32938698935429,56.26762039890459,23.972984340264915,13.048678967357903,77.52535685595664,North,86.88271774152643
23.689556406584813,90.00836167326706,10.46597753490372,53.174127794862954,12.832699996958894,77.4875469562722,South,42.279314292103855
33.36954626166665,87.84857932568387,37.854575865354924,112.75552525110109,12.83243700574313,77.62953345313196,Central,149.8195011968561
26.230301930247833,76.0343299586862,91.0286201466892,34.925801382465394,12.928360854455898,77.62920378769972,South,165.53160019207283
35.486452436042406,91.7269836315659,25.46273355569943,1.0872637766090854,12.829597213019843,77.48773363829922,North,34.364575175569016
23.95905625453679,40.150651884833394,152.95153844498668,4.64594705978579,12.985727928581335,77.4244170949899,East,233.2823172281667
29.673964973342812,57.133277956060226,27.084266438554735,42.84910088209151,12.843107482178521,77.40342980300167,North,64.26027932925619
,53.97044808977071,6.933026673871623,209.28257312629518,12.95671197919004,77.52823515997275,East,178.74686463520263
40.87089476664033,75.82218985636015,22.201649865678466,70.89541874286182,12.802165984101116,77.52310127830073,West,92.11470491532032
20.874409485822923,49.24788890596781,136.3668093591753,4.413379830034442,12.894978904523795,77.69651696359196,Central,220.22791908584435
29.858924261362166,76.36242724006229,17.336342221821305,12.595938012813246,13.003157217101796,77.54094062270931,West,55.15406545549689
31.802661285592592,85.5580421599507,91.15637707738018,88.52672266353919,12.945211682068354,77.47692551087263,North,204.87978509483062
30.48279458470899,75.42804350125999,95.88332594533207,110.49724167018286,13.093480845799697,77.66736883230945,Central,219.48965525208678
26.88827404673375,69.25626535492252,19.39814630028942,57.69212863321153,13.062231138819863,77.54732038489608,North,79.10066611134323
27.221075801599444,50.181899886488765,3.911797149445724,62.04083603426788,12.907721233712946,77.57975269056318,Central,54.162296790433054
28.26286883187466,52.29723550811953,58.02200410802841,1.7248023585530414,12.813645962441683,77.42870061312847,Central,86.63198577277853
27.117987990229068,83.74428357945,16.796602100907442,105.8009081191284,13.053687890034505,77.51487492219894,North,93.72489510337903
33.78327470076946,76.69023505857999,68.73776907085568,93.14807996329368,13.073370293094401,77.68326710234214,North,178.61127300560963
41.26313800954811,64.41470720933684,26.305675603023868,17.988124965031812,13.04618821802571,77.57685161525264,Central,58.07760329641839
,58.73135681351164,,73.9993020288527,12.83838498227593,77.50335055654274,Central,113.96067538519232
19.781182122525532,34.612881903329345,67.71014561887323,14.513181816278195,13.099374540323685,77.58770015418948,North,108.1209025194828
27.47030770989247,48.93721371973342,21.683470893887304,2.469958286131458,12.877575266465833,77.67312332687344,North,26.24734559762404
43.478256025925916,93.67128630709585,26.343841155510543,13.473914380339584,13.017261473842511,77.48219718014178,South,45.160214591420136
23.177952592181615,45.793166434963,21.235958802913125,11.806814016601932,13.072410462900717,77.5515350155412,South,50.636182134101006
37.8347008326644,67.84219731831621,20.602032318253272,24.726547553795402,12.870706134299214,77.68760719617353,South,64.54536887873412
38.06620488445864,80.11165959792798,33.58958655055798,32.52344769415453,13.07247756640312,77.45171884298954,West,87.61304117855863
24.67847054975203,46.17615997996562,74.44945678681562,42.622348242005714,12.89284447375846,77.61589917767901,Central,152.24895075642598
31.41389847511165,67.77065712171625,20.20742613461846,38.86219945756679,13.092923966715217,77.58434430246089,East,61.07909228112855
37.770379738771226,79.06873306265983,33.42927128231187,18.938117391626065,12.884378006114142,77.6039025393422,West,66.53175042706621
25.72523355407508,65.18748982860876,49.989108304503425,1.7762755152703489,13.08603074742735,77.50536588920028,Central,79.10009764968484
26.77851783938583,108.02604583500153,14.127442098041593,55.74760912004752,12.816063395267802,77.49416381204513,East,63.268075338325886
24.509914516308136,39.97101111682707,14.62812405175996,30.225522187277807,13.012781603500944,77.60526290117652,South,55.01441343251695
21.911459615842798,80.88092794825818,121.91615204927902,21.286789367876157,12.9596333401511,77.46466298553136,East,183.37596477078898
24.104334729603956,62.407973939053036,57.855127725445826,121.0177777196643,12.94336312313682,77.52589642345771,North,168.91967575061614
20.65635839942646,76.57880232255013,38.73710305317066,82.4011026554249,12.867048294276753,77.45645239381588,North,107.48124317355577
28.204500809555356,71.61960727548869,46.94981037867085,117.01671090571108,13.011678736932948,77.402491452337,Central,156.0161708264934
23.38016061364815,54.002657043350055,1.3381760051076834,40.98976682464964,12.857242847433893,77.69101720801143,West,48.26099136894949
29.402715470744486,68.4349458868901,43.317191252885785,8.419982722153627,12.965852538795431,77.52951089359694,South,59.822209668869206
18.664626122778238,37.13147822902569,32.0556640635819,71.48737507726753,12.875973608912076,77.69080488432596,Central,93.75199684978504
29.98528139328674,74.0487125085709,35.50980900431926,13.845884633264149,13.086686413934407,77.44209705593035,South,56.08774757287446
33.00117376965355,69.47237698985788,20.04242566734323,34.92100483819759,12.808589358150696,77.57621003383726,North,69.07557880142434
16.037586144571268,74.57990252964653,3.82432303553747,4.032575609364523,12.859918484033372,77.46029220983738,West,23.315423695983043
30.24433941908543,80.87177487630726,9.668342831461695,104.68398955771187,12.872693181916235,77.63702223808899,West,108.4002653481798
35.36601395483975,70.51429760314566,135.48323570353213,8.076419352671598,12.924220347730346,77.63511089662829,North,220.45641448065638
20.742153887852766,67.22134129697415,23.644396614288897,140.04300200226263,12.869819072561016,77.4337821447118,East,164.02001777172467
38.035434321026216,51.78397495008062,28.28878096874357,119.80784623652823,12.947404727080636,77.67361933586292,West,120.31446333616445
30.51411405619627,54.316688545264235,2.4367401285576356,37.482537388881575,13.061739656977561,77.45838889416098,East,21.39226097284611
23.769928865449547,82.80101930265997,1.723051129658968,81.84103007451422,13.01361902642275,77.58389320247682,South,61.05004915064031
27.665385534053765,86.54503108558967,56.83273841741982,57.96748556712734,12.973988594160533,77.69569008602632,West,132.6603787366535
31.349961475130335,61.42834345531919,34.75778893157069,97.49613571425454,12.826700953394804,77.66471896042991,North,131.13847243302388
28.45603234847447,65.69004120879912,31.982063411371698,33.91744720189692,13.008197632516783,77.68696917856835,East,76.26793956169271
31.232535954678216,51.43078437509351,12.535044491655482,92.45308384421033,12.849924285293282,77.50277963136544,South,101.10722616209682
22.4759584415238,82.59135267901168,61.4481609720733,37.244770911811266,13.03591021578851,77.43167269266584,South,102.7895929020493
29.016164944216467,74.98125235537668,8.289325281871712,169.77828816378434,12.875017027553046,77.45650406198683,West,146.8532986650117
19.51771301857012,94.11826154695623,9.478821203066286,39.97537243550384,12.92511461849627,77.55014846852299,West,48.854621782130316
27.3326436319078,51.82515384230392,27.787763055749245,37.262906692566254,12.905141060695378,77.637968903482,Central,68.23691125960086
22.576554151211262,59.32988151472674,15.176896075018506,92.24709279332086,13.057644174402457,77.44504609325517,Central,98.45438255131519
23.5868203444614,68.47168883788359,12.793729013754907,103.41612122821239,12.837963337614022,77.59791945967824,West,112.14560193009396
35.416559051262624,74.69734306588656,46.633821072578094,48.51201585749699,12.969693464715437,77.49707328121185,Central,109.38256279476839
34.54786072356561,61.764985436785516,47.3671080358897,11.892264012510662,12.842618482832918,77.50236062171766,North,101.94232266876253
31.65482872544306,51.90558364319449,78.3096077080759,37.83944638714593,13.011438750839655,77.59857531904738,North,157.2448410102561
21.44612341196453,78.22111293385356,24.335289564681045,206.65725976366716,13.071523438338344,77.54009982585997,Central,204.49000755262986
26.101549301831188,75.81703043818372,3.415207925660828,83.89866271737894,12.930382296160177,77.64360998790781,West,77.27904295703988
35.2785861998751,51.25588849154413,14.38856301622506,100.01213833262706,12.946427678079493,77.44677555289886,North,109.0257385896557
28.850301481839427,85.33164201658244,176.05332911627715,2.002580614352656,13.078226850944828,77.63698448093011,South,282.53627750158836
41.91597723989017,82.55298063794905,40.81412896367695,37.850859392748454,12.956297416594808,77.41927057441723,West,103.244771722813
30.35990703636623,67.01444745871689,55.66356731630307,62.41287131039128,12.946279531414868,77.45821616407369,East,138.56770557493047
29.15229469894019,66.19396793564054,0.33232643862415207,106.32894702307709,12.973498730811292,77.59684491435095,East,78.27511021254082
26.145301214784993,73.31086656673861,32.86071388366611,3.031740681013313,13.006768920908886,77.65647769695333,West,55.865739228337944
28.801245428693694,52.074453946156126,1.7212944295111539,114.81077126302705,12.83206501252611,77.4758038883218,Central,100.21990798863072
27.085180981716736,65.45047218746123,37.89816598629589,47.69763125893677,13.046333158322454,77.49815748174868,North,102.78388340691804
32.24865206013154,32.714246830862294,114.09349444779217,13.187498308561239,12.930651508235979,77.56113622448602,North,174.35124665021635
33.7402139007675,78.14683468254404,155.48416817839635,22.89804954051543,12.821704552969246,77.4634718419468,West,258.92540657713033
23.284063236952303,41.57760166337211,34.99789410348247,19.871255844566697,13.035854800759465,77.64334687847625,South,76.39896622987561
20.012602278653333,87.55129742643499,27.579024828998172,45.41111934887051,12.913084991505881,77.63209099350173,Central,65.59877268131244
16.98276776138022,60.04819859050325,130.5329825959863,3.184156224373838,12.830110248528516,77.44358751358973,South,186.33248531264667
31.047947961475263,61.82499527103235,50.38478004981475,10.356734122630588,12.990133711862976,77.539148919545,West,95.04271106075574
21.379800362956757,55.583991408732416,3.0195464884325895,100.50039171649672,13.064039406030092,77.6324483299964,West,76.37795799281317
15.082656442285103,60.679416891168856,28.208055263579997,8.535578904379001,13.066326052824195,77.50119885933103,South,64.51789883782338
30.331471627185785,86.27797017722055,12.364168067894411,15.947115582010808,13.087299042442691,77.58993204681532,East,28.514566213007654
42.95799710459674,27.68287015197381,28.552911109266933,36.23905380837876,13.060311637930006,77.41506393643728,West,75.66930818828055
27.96357453076064,84.15448079132281,27.352084948628125,43.679336556314645,12.800642275803643,77.5826066281588,Central,79.334558951267
33.030944646709855,70.07035221652562,39.26791461110033,86.53645946651574,12.914072349924018,77.44579589400018,South,120.98634354335309
28.49097615128539,46.89467528214176,19.85641572319538,35.57991548548354,13.045562773971652,77.64917499753435,East,72.15311927348154
27.406662080853145,48.87031410426143,8.075260006653203,93.60019765405524,12.909875901799543,77.50663483907415,South,84.21329014456938
33.51445889792661,90.14589540812304,31.527623525024797,57.79449866990983,12.980464551913911,77.48446615881846,East,94.11492243035838
26.25835273486809,50.81739680085903,79.7917946387996,7.201364927651027,12.98189508421236,77.65226669301344,East,105.62712785891514
29.60435388443142,47.69974234106061,49.08062307327824,10.199733661824549,12.909507591211646,77.41504320692155,Central,68.41681663089678
29.93018683717608,82.05971813547094,18.587050479274748,34.47213334467903,13.071342178184386,77.51898263980031,West,66.72957024031493
23.99145727814171,70.07829314428871,123.36511774037197,30.33928028176333,12.950968503615835,77.51100106217251,East,209.26377749105268
33.95225409721914,50.93111635195402,109.4751006734583,81.64795322672524,12.93943526178125,77.48544011227487,West,223.67534950918045
26.95024145982755,68.24937463106929,10.570403816300418,52.155432266616316,13.099254123698568,77.67352629960044,Central,51.88501595675329
23.46552904304293,49.61370974539584,1.8096973340037024,29.474428364046837,12.948050109221786,77.62527851805503,West,31.779958448912986
31.21905906142242,81.51232097633908,60.84539335455036,11.234760128205833,12.853519475578574,77.41917694925759,North,112.85960901502864
22.609192109253776,80.920564473097,79.10988493998153,15.435931093060983,12.953920826859031,77.61440623483048,East,125.39625865973414
28.16908694421477,72.98009298232915,154.7008196945748,51.410740347240676,13.044205020655978,77.55818973993864,Central,284.1384397965069
27.94528602013478,70.42491591870525,99.26049112624483,33.040427733395035,13.033058098069484,77.67026036832047,South,173.72232224770048
34.51537339498947,91.41782187301061,41.293284608958416,43.40741597681807,13.03657452953254,77.49388368520451,Central,101.67235526026717
30.848189397279718,64.99529491082338,33.981027772741335,11.22876591388002,13.012407135199373,77.57224859988288,East,42.20416580626771
27.849838247529135,47.27188811868798,1.270618217245625,65.24365226170009,12.876265348720008,77.5502265824223,Central,38.064078317397474
32.90659779520172,71.7421086924846,12.745525920330767,114.85138725430463,13.058625225752069,77.54686827186829,South,119.20025616752899
36.34124529410388,96.2907057430567,27.696283698241253,17.89947071379286,13.06803303961288,77.53683161985516,North,58.613431521082006
31.346861838111174,49.77860760221222,44.559761088849044,40.57908239731892,12.858245808985565,77.46168884265968,East,103.33967953471014
28.062115719060284,59.57805849959021,36.66393643863654,222.61189525633867,12.839136690965418,77.62671297674773,East,222.29773036838458
20.128982605899044,71.2466905715218,61.0768716142065,24.319663702277044,13.092681490576734,77.5354008098218,Central,106.84868912994659
21.609318021547764,64.19142726491391,14.768118551364466,54.238959020037,13.060497189095111,77.68755488250079,West,48.82086515457651
26.168651773871993,50.26544629434028,37.45351376561242,5.671545465841375,13.067970844162984,77.47824252815784,West,52.243025172097404
24.342926787044302,81.82786784345706,4.152207136609434,55.886546866089425,13.065912915387319,77.60482315188811,South,50.7089288365229
26.878172182087326,99.80061083025889,24.023919301612978,5.6343669958582545,12.962506047210118,77.68221512389174,North,43.821642624389895
28.339899549382643,67.94197188535861,62.41220549842523,191.99652526719552,12.99392052099974,77.59903749690483,North,240.08623032364923
31.178156526140384,51.43897565396,53.19963432333933,75.4556340560762,12.963608855640093,77.66138187228522,Central,145.68549407370273
27.577007331645454,41.76559212419787,210.22211088830645,93.11538036715889,12.815361904757099,77.6482442879271,Central,389.44266796899547
30.91900986295721,68.86963971831771,14.651071039211839,73.06490742000013,13.023650925605832,77.5080353146467,West,78.16923435929002
28.386846488860723,81.55816014974387,31.028954417762506,53.456246997327476,12.951599610000764,77.58003718198185,North,90.1447412503977
16.147200601876772,72.12751619743072,17.98996217089935,35.86070600901235,12.99431272243707,77.44687840194341,North,76.66970032306055
22.363987637087476,64.9639423862172,26.140322925636255,117.27366716123183,12.95079194149266,77.56065776480868,North,131.41934967739385
27.13547466567031,56.160925223160405,87.5052885305941,188.56444573976387,12.947543396696737,77.46912659154431,South,291.6319253165913
20.741831542953356,48.617545509228655,51.8703711620618,41.473282914556265,12.85153673284333,77.62312104448574,South,116.44703585185363
31.599572379977225,77.52126989487323,96.33674571463527,160.88599986960628,12.883614114542345,77.55841752656764,Central,270.7323246876869
37.18450499406218,78.70657432078379,10.239394327189995,52.52806327961149,12.847655807583187,77.5233682087895,West,41.878680618060955
35.312571110183896,41.814053199639005,92.98870606667798,46.381338433094186,12.858699888687603,77.4806391288501,East,170.31585741873627
26.719342774418752,88.84758467271025,2.7730141146731015,36.36124923595588,13.091893214126092,77.69960954455239,West,34.01235549580899
36.94435682109971,73.61106831341002,98.75796715072315,14.08927032034285,12.84593403373166,77.42151315626549,South,158.3605992183079
28.89200474321267,85.99391967718691,17.959324614426894,0.22359575755699856,12.880781127291563,77.41306820417174,South,40.08419525942731
25.977484173291764,44.868083772723274,16.9980582073618,16.58524137970431,12.977176897321575,77.46517722014816,Central,31.430263332798184
24.319584018754362,44.51263766876842,32.292962965451956,42.76710548963297,12.983053572870993,77.69132173758835,East,81.18501515663341
26.18518188107123,62.765460353490546,127.1241233215161,28.678272593976885,12.84619223892315,77.693771450496,North,218.99244762617457
25.670939088752625,72.54176640342791,2.203227522461133,35.70519933123666,13.038115227735563,77.59647832043164,East,29.087636145437198
29.022497334252925,91.94541234390445,19.539949013153155,236.6982510927233,13.035560860373847,77.66403200016192,East,228.40525946024835
28.96344388629919,75.59118370722697,87.38649148302451,25.872122142586644,12.871195311261168,77.46418851925225,East,140.90175822384356
28.018276120920486,61.3597808478195,22.692207579509926,36.10883272303074,12.88659989080264,77.69161262825298,Central,47.72770576691218
30.6216290184781,49.60446188501162,9.994060271254888,8.59866703845462,13.081396359637848,77.44283545504187,South,19.00581808782045
35.143877648718046,83.45000859078725,24.88623105246343,2.9487507885432986,13.047701433793844,77.4303375564545,North,38.97797879740196
33.69732481264794,50.52941861373928,21.916430611504836,89.60859599782636,13.009339109918757,77.43366346177419,East,106.74253151997868
19.09061218930058,89.42702832158483,111.15056418337488,50.73360677878949,12.82466996645318,77.57193837698178,North,208.69727852785385
12.676473190588272,60.73423025590236,64.58440100156686,85.8034420818013,12.925479224270774,77.63429232021542,East,161.43539187243087
33.60591946743564,88.85873108926776,31.654394532615644,9.741451766929107,12.967790561623048,77.5100001533624,South,40.1950754187592
19.798727809507476,75.18396935088917,200.43972193152226,50.89392576454653,12.856223386395133,77.69336879633585,North,340.1876357827834
26.6514075886439,62.94506765836313,28.17033375293739,17.553032200214727,12.934467974632467,77.5303260414355,West,45.90548017060019
20.979321843643845,57.2090544226081,2.7001129776428665,15.53104835208721,12.980307763246607,77.44513456523197,South,17.18057000692225
17.188117374519884,59.886381839808806,13.688245496667152,0.6955772047639944,12.89821300403462,77.53979002445584,North,10.008904757710397
31.24877636922873,71.42475038562856,25.7771700099317,8.379226819758982,13.034283445685146,77.60371114962673,East,49.16123758133045
32.554930961815884,66.15734744326575,7.680276744985422,22.20021213435547,13.052134874491642,77.64966773415132,East,45.95970403463712
24.540937595639683,56.09282887896942,132.66825213841568,7.457567029769009,12.89708284083022,77.53763048698698,South,197.7087140997328
12.45374624713054,62.515528845235515,65.52308377739328,255.51823970038245,13.051597146347737,77.57808204781476,South,290.04816984466686
24.722533310485105,66.17865544578724,14.05652365446805,22.14503841002573,12.831072969830904,77.48020341364766,East,50.24591750656928
30.35082403241528,33.06898858377782,40.21030457749471,8.378069352320185,13.051318729586797,77.59377495792165,North,84.68792112400237
19.126530587355226,71.87252172183048,57.51696044369751,13.319825986556022,12.845825129500286,77.69579158318511,West,84.47549467840433
29.100159518674936,50.3041816292479,127.57304943693859,53.16071216272242,12.824878145752919,77.41471607177634,Central,232.9728182179844
27.90814090496203,47.700013951913824,96.02933212503292,3.9711782064744052,12.992532621332304,77.66595920121155,South,152.0885061700213
31.47574899760653,39.689834793339344,32.58012641229635,119.01914538396935,12.94158120972659,77.56868475083026,East,141.48293904940678
28.71748221048492,38.091612531981646,67.05504699091018,195.42532237322627,13.07236718012385,77.47562959786869,North,239.4067153118952
22.161586354710668,44.668287453315656,37.164011013890175,17.001280602356452,12.908956758827255,77.68646691300277,South,55.617924102164494
35.17942900998695,54.36468563554264,36.20405093882184,35.88061388273536,12.886145679031289,77.54500629091767,North,70.33263546163352
27.04882256183818,94.29888706289853,5.4844246788295345,1.3429856332934638,12.95022047184326,77.49950707550202,South,0.0
27.836172762940407,57.11180486157194,6.067458863214642,61.41756255728313,12.9367838557306,77.45444928848126,East,59.10375079322288
22.400392245560823,67.66625159402047,33.93138455224921,32.0585589940573,12.903328413865157,77.47333566307701,North,87.521222435961
25.34030649285094,71.00722079759493,14.091859449617976,18.887450315831757,13.008122389609499,77.64985471247743,East,22.673138070784525
22.691183715838594,66.96597779323773,0.9567599038772701,13.903600162940396,13.027868550174173,77.58432300279516,North,4.698914046962191
26.962323640459463,63.8383480891101,57.74208524458854,63.68299227507457,13.055895190709041,77.67397368584649,South,126.45991532986709
38.270250880854064,47.07059354601133,1.4861700280774182,32.293559622292626,13.091856981413102,77.46959053564734,Central,30.948242225545094
19.768593142411863,86.76391322418817,40.704840175036296,11.882131430251034,12.879996857639751,77.43634157215467,Central,62.343723787337915
18.31863161273955,92.10794965456827,34.86499659384698,70.09879035952238,13.014828044746988,77.40182625929268,West,98.26932134362238
36.82702196496165,39.76011958815971,156.0513666107227,49.954525776078796,12.918277470648723,77.5523586112848,West,258.0700545897309
26.744057937088805,49.639571136704305,29.792774681320918,117.4003342587719,13.003124591585333,77.6994920791146,East,152.2065875199632
23.9855635680405,60.802844864344905,2.957133478621204,7.498150829557946,12.942794507104766,77.6084895806456,North,32.32984263438888
34.23942812437646,50.53193307634713,36.1019604860552,92.4133524865677,13.098131930830379,77.49251837758955,West,128.92535638862222
24.366306761578816,72.58948330183797,82.77552478789089,67.16260476212278,13.018670640737225,77.66305757490785,South,192.749324221181
38.956058281281614,54.0759169639008,259.2056537870443,7.330799522905132,13.085747390130297,77.63451667979639,Central,389.0040085713827
32.067555228035616,97.47584101709904,25.32245213553912,71.21135424792001,13.050490864844356,77.40462454982297,North,94.94379030448071
25.072531551125785,82.85822891515394,17.37458570454954,34.955120117033296,13.070870303349011,77.6450581441623,Central,60.538706632713726
40.943849279593024,68.18861045948323,106.71456275086466,174.00873034477536,13.044325759164403,77.49015802717156,North,291.7611540010887
24.36571046197997,80.40479394979599,9.55150654525065,9.161898644813867,12.937747739112774,77.44490203937508,West,20.062265154375897
32.45257223205584,81.58850636535963,43.003198383599965,61.7731748205979,12.875536536004066,77.46789925192112,West,111.09449243878453
29.795755482438953,56.54078767912635,23.417788850053,28.874071989048716,12.911096052635157,77.54057394131254,East,62.60332658678641
35.81044773639279,52.75674133187053,1.8877542336328643,188.5352663051553,12.806070869791986,77.52746037812041,North,154.28047304155967
37.369067180361114,66.17214594454471,19.197900675455568,24.026405854985537,12.9571979502394,77.48666618981227,South,40.743920351214065
28.1920248943946,77.92454186746916,13.868808438735256,196.50440886293572,12.951517340081123,77.45166549666212,West,174.9978331402196
23.4794927779229,67.08590597980127,52.13936854808672,139.05330584835824,12.957575139449146,77.62866923689265,East,200.5991333769277
30.7598328576347,41.345052767135044,133.73235774909034,18.914151754049726,13.092209367491618,77.69703293512048,West,221.2184130285375
23.933707781487364,52.95763334073737,14.041765382882106,97.63832849946313,13.07343620103645,77.63333747412591,Central,103.79177050334317
40.08032348515974,63.89040704608433,75.08144674177919,325.6263689796319,12.848513833499032,77.48878109030147,West,395.68327789592394
28.819211986496423,63.865015935112545,2.5628032197163844,17.47434363611436,12.910664756466767,77.47344268842365,North,6.514180076383315
25.808070692127348,94.58813265184712,34.76035569160059,34.44479625221044,12.927186853838979,77.46529976281978,East,86.793963902157
,44.21018086401503,3.2923050378654226,44.06074683007218,12.908159875355494,77.44100852234672,North,40.735092300027574
19.917242262821823,72.58383862753811,122.33702373956659,20.967588073763398,13.039548789081174,77.56539916490769,South,203.71777084183765
22.170315768936092,87.33669662492434,65.42714207320994,0.9229528019933441,12.957211300960276,77.581620111586,South,100.7019008067112
35.20248344766655,99.07174618134194,48.27591423798398,14.917624243020907,12.971629945091488,77.61165079819895,West,77.33291341772913
24.058634326171624,58.93403865224058,78.1507222386699,19.87186853884935,13.055904067696378,77.6040640112801,East,122.77306453183282
21.71853410390836,72.37144179080299,46.92423671786548,35.176036927301,13.041778446024608,77.48769999338502,East,98.52550677566201
31.219916515163717,73.54640535797971,156.23892187238306,11.259524903521454,12.83966345684609,77.49909330161906,East,235.54425163415976
35.11422492797798,67.93222597329937,56.32273995898829,123.93438056534849,13.01417437522509,77.6044543606327,East,179.93556377840648
32.3137198639904,63.51732198141041,116.35765297420116,73.22872338173721,12.930630838670611,77.50483429223509,West,241.10106071926626
33.9762861148349,71.53963084250069,32.76052789340339,5.343020332252895,12.88839467091875,77.4637869568858,North,41.14636217138781
23.459229468583235,27.016308721704718,5.602636301549963,63.00517833032982,12.815005646270656,77.51230084610903,West,56.890975821641184
19.46913599954894,75.23104235093948,33.801880173291394,63.61944922250863,12.946174868103636,77.4816252472734,North,112.14354006785764
37.00800191173292,66.89266855492951,6.105332764347548,187.71629970026123,12.90663100421736,77.42649381636558,Central,154.2592885527022
26.063920966947187,61.66287654832602,40.396425498367144,0.18152660388350628,12.875453911902921,77.649041670683,Central,75.4344117488079
26.495001901269717,95.70293293579337,29.642955494586303,17.095747900838436,13.008401518879086,77.65593341674712,North,42.633089916652494
35.96916485109435,54.87598971814172,43.84730068199929,157.69183355125062,13.030845616194677,77.46592509005006,West,210.11826326949284
31.33738005640396,58.95386016402454,0.4544006665723009,161.4131315763711,12.873436855708828,77.41943165985757,South,129.9919402861211
30.735326632489645,94.873299533071,9.752169338105848,76.50373361617346,12.814834231003806,77.62164823120536,West,62.54484441621661
40.990014069406506,52.51908042725215,30.418049333186175,87.08539357674277,13.05462581016957,77.46345858775904,South,123.62716527256786
24.13889061771914,56.748270755951914,135.2634553481294,5.75649797108731,12.802987922361291,77.51803064683106,West,211.8087325583292
33.56704076848742,62.79461864853725,21.774322890960214,43.27747222300306,13.081133748176441,77.41924057567122,East,81.1049399483496
28.34207874938251,77.61101723194324,24.853216748444964,15.80536278614199,12.988285962194812,77.46788087542754,East,34.563706046535394
29.611553673179543,68.1170376102997,56.43901406262176,11.996247725605674,12.896553990560397,77.63787068349889,Central,83.29435388844288
37.17081055847519,45.610619792716065,41.66180389961108,99.73972760755842,12.873943372873022,77.64131893407456,Central,149.98500574287033
31.04701453773774,57.01747155309216,15.981392166118358,8.704191700213347,12.802701699279343,77.46212544746632,North,56.43080095420879
31.229776474297797,55.88968350181683,23.805783972425857,37.940245319593146,12.870641425103264,77.500774153532,South,71.81335904341694
34.435044023858815,63.84168432165431,11.048252542828118,167.39946614874492,12.841318490455143,77.44027152572812,East,157.79281956762213
25.810283622742688,71.38765487944744,152.19117470313137,12.335316858979965,12.983649866216943,77.42225178908548,West,230.54237026973985
22.964741995965962,71.27308633831959,6.299617838138221,228.98483695814778,12.849963676578142,77.69765151433452,North,190.8187979531345
21.7311448358738,38.359823689273966,20.92298620923592,309.91101366817,12.958588951260985,77.59667818537345,West,273.1149452761142
16.20186046374399,80.95911481341284,1.178039823374712,48.66412943143983,12.977034926703341,77.5626289527595,East,45.72179056465118
40.33724277964193,68.78853268994935,11.283541450692253,11.190094145888356,12.889412509504075,77.6296495501216,East,35.17264397670554
21.3807498056699,85.7679807139086,68.23222051919333,22.797043083657258,12.810519484705615,77.65202314790632,East,122.44313308072012
26.67247825848537,71.66297490936007,10.107615229786562,33.15021580902077,12.811176164184259,77.64201443041343,East,49.63598911894558
26.339120200666475,81.51984436603644,3.7552737197793284,22.20508654123897,12.807904199658177,77.40496183478697,West,23.109528733142263
29.844440186854605,71.9981796717519,28.94921983076227,19.763232399216328,13.021737400140964,77.45604236945715,North,72.48096927486743
32.89442327523578,85.19338634304123,0.45086671397755046,215.02731039451214,12.89540291144429,77.59647159063535,East,164.0826405576476
33.162840930158474,72.83375954026668,3.9859054841620414,9.989124363879002,13.038890055790299,77.5127278043412,Central,28.1295208686357
24.501535368586367,63.53127130335644,74.17409431404282,79.3041298726473,12.929519847152855,77.69474479531833,North,167.54301651441642
26.99726971728153,99.08652080670322,66.42460902411383,0.024622417854975775,12.93589943024899,77.59962143779148,Central,99.82048065525109
29.6954797029298,78.33555683419839,111.00323424690878,54.40755931551605,12.953864780752872,77.68696467261877,West,198.0879884063626
26.50785324289872,73.60616631506619,86.74583790294321,148.5756111525527,13.013909436912531,77.46043394449374,East,254.0389299816063
37.644073456119955,45.85543375192496,51.72333686004443,20.375088442690323,12.882050859748913,77.65918710843451,North,95.19992672949257
30.94584970982951,45.675385738046934,2.418837915536153,12.31276454972946,12.836476204860059,77.49640569174457,East,20.86493246355795
32.4092667162989,69.3907322321278,68.72222500631015,63.27798555646632,12.966817200557438,77.69686944247134,East,136.36785518919962
31.977287612004474,67.18281796652361,84.04340211767827,74.81311212019907,12.898093286972822,77.44730660162195,North,187.25414407637754
35.040843144911946,55.78816152487526,72.2186612950645,69.89099478665105,12.932747394100412,77.55490194565151,East,168.2755951703908
29.08612935222224,67.1147404941809,31.961280860728426,23.079503812149866,12.994084012501192,77.63785336015114,East,56.51973176226622
20.21900831226492,88.82940392065393,11.931322720655382,17.437375724768586,12.948237722342382,77.52979274418122,South,37.177044020456115
30.39812771051585,75.43103711825448,83.99075880377393,187.30331342498945,12.986083645130252,77.5404252180563,South,252.85698418351103
24.091858637249025,47.88487235370893,58.44960154676674,154.0708295727852,12.963260000634088,77.69590673865173,North,209.65381256844037
24.82829990950146,63.32736759285584,177.7871193538107,36.67375226470663,13.021938911580829,77.52759244509035,North,310.1446405750193
31.51818411253056,52.925502787211585,7.615738351354526,112.32374044468179,13.011780985313486,77.58122163017973,East,99.91891288631894
35.42969842860181,59.18450125387158,11.50875648151946,36.124227238577625,12.960256967542586,77.41636189820255,Central,38.97187087534156
28.12762946041637,58.79576501555536,10.710048012913312,33.13939350331319,13.003670906257913,77.65266302406309,North,41.93012658916829
29.85299807559378,57.83531626093992,70.7767023989693,10.230429573601798,13.062067880681784,77.59445041469387,East,115.33994603028961
38.213289667811424,46.17296942039908,9.31095672427056,33.35001290941315,12.929681386336451,77.52120603085885,Central,49.60998084019141
29.44451907693141,63.08517977722715,3.1043495846009526,46.25574875626651,12.923828921824638,77.40485086198636,South,42.959993307157305
43.61009868508237,56.59088544729035,294.46526030552076,1.3656848501660985,13.029273686255713,77.57750064617805,North,450.41073651027733
31.393057873789264,21.05826964996598,1.130865755163371,35.231415126439494,12.974766151112599,77.40379734854525,East,30.801954975514782
17.435423445065094,95.79458036752494,81.14805236634736,91.21868648869427,12.821302034066777,77.40036108417272,South,187.20384165609414
32.52004972662719,81.33154481325008,20.461866761413173,68.37469318297939,13.067633604707325,77.5848295686448,West,71.37399536308425
30.286950309296667,59.35548912612506,82.92282317307485,60.497287463910055,12.809234930671293,77.45670512020037,South,176.49889687360474
35.738516524496475,65.28228574610898,36.39728391879146,144.18108508987964,13.024518906862923,77.45756626491543,East,145.22845198134817
32.03908810761975,47.42518479023657,104.3564354156793,1.0917940633392818,13.027638242811294,77.59598146974983,Central,139.7560699229597
27.169264096097358,90.43584316716297,117.28356825865923,48.85757596487358,13.085933325584579,77.41610915638182,West,201.03106764732826
20.654210582263808,93.45933042159668,0.41129201238334073,92.88613451228245,12.816240322520697,77.49402166844237,West,82.07206763678136
26.74586045628385,67.35040592369786,3.5283256400179064,46.76616103593797,12.979057058235348,77.44482957064261,West,27.80748923877135
22.8968772747442,80.35295966278017,12.967222183699638,23.484462411427,12.928352171188116,77.57405291093896,North,42.939779973654076
24.516859301171664,67.62930168400885,49.79656248519254,8.788353487884923,12.899189886457863,77.59852954641822,East,71.40575293645253
31.531470426523658,44.94911841686104,98.62603612733193,131.1217711752156,12.827095568089723,77.61634075607972,West,251.3716393960725
38.01942702610844,58.82264946554514,27.723539141887393,38.17906705434783,12.968796235901394,77.47656936507558,South,71.50252711589556
30.36802917893789,66.97891950157936,42.02447683615574,126.28073507458376,12.943712217702384,77.42677492549097,Central,162.4467789662225
20.824701627788894,58.181784218848335,9.399181978329956,52.8919306046611,12.831366337445308,77.42360509708257,East,49.94582059223537
30.667616009320845,61.72020083847446,73.55635435002517,67.28684316597426,12.983746852129125,77.52784546453522,South,148.50027262240528
35.17978891987391,63.62900663736328,153.9558110353019,97.858435710663,13.021385936075882,77.68375332271881,North,309.4887924946312
24.341302574083706,63.78682253201808,14.07569914372977,64.57974289713934,13.030183490316094,77.46531871027412,West,78.35388444613432
27.195896999962493,65.78387735746225,30.72835164550949,30.455336117775676,13.071611956478728,77.47702248040247,South,77.24887166480663
28.088129168375183,49.09092400405099,4.052328802319171,43.247555124443,12.922841222566634,77.43026664063176,East,41.49442530755888
23.29061012150656,54.244757763080955,36.855914857128944,97.48696000048632,13.08592183058664,77.58167108216819,South,135.84947233353606
31.889682603063154,45.73123601450046,31.442832769399878,28.070785912005924,13.059628821524806,77.60396186218415,North,61.909795266668276
27.27431110835331,79.667233245293,7.01977249284932,29.473288496244777,12.888950471307183,77.59287936244823,Central,38.60298648786106
30.517194663442165,33.415295872395134,26.258174331461355,6.0349911215080425,12.847784911204839,77.65833907291344,West,48.34194091583355
22.6750469331874,82.30385514975389,18.29802402242537,147.61361624627298,12.930616818838404,77.54592775050783,East,142.55990163532334
25.375250198059536,85.79524095894266,33.2005856272254,5.72700816226365,12.92056961238679,77.44033711223013,West,54.86332945499316
32.33428814696663,60.46729119526068,39.64746217258622,62.68311204829288,12.972715791599361,77.48682153921133,West,109.34972773944894
25.763001087449396,25.952943682590522,0.3839342280937026,31.983709425863243,12.975015869698325,77.59872899202641,West,30.728291981121465
38.36178310740043,59.580341570490646,64.40925422815657,31.214124460258944,13.024996095313993,77.58393659212247,South,106.14690394962014
25.602182886312384,64.0372375806677,56.17452878505529,68.28208513670519,12.952966984461684,77.55930093892289,South,123.25037490717806
29.348108354511314,49.8410267010663,20.527116293591007,4.167032812753663,12.83144679228223,77.6048893256066,Central,19.00622011529749
33.59554499123854,57.27172409287636,2.44748421943544,54.04066255772084,13.05748740066593,77.591217255112,North,42.456094048768634
19.48980560240181,87.95292798295027,63.27997913351438,88.71294431435554,12.892929374955557,77.66439746683949,East,170.44339890478213
17.435147128115347,74.97390743452611,139.72467778203122,105.68991193785793,13.091389238091978,77.57580491324349,South,271.67905549646986
18.846062112579432,51.1315382843285,12.358635032171525,11.218128349196553,12.835358032603931,77.63358040761017,West,28.452521176487334
35.575504620563095,41.03601245606852,17.588664718902557,136.62618220568586,13.08747535166975,77.47461214678995,North,147.6214459244059
24.688851124645318,60.094740235853436,9.140024168915435,64.05230384497435,12.827303542064756,77.60345477537672,East,67.68338520433466
43.34919571400951,61.798148309743425,38.71044462129638,128.15045456660127,12.869310841384118,77.67065823551481,East,140.39711322709948
24.61451440805567,72.44298781044975,7.57039367682379,39.84801652181092,12.813973982625964,77.51571969836995,East,48.44466703266383
29.10730781918222,56.97024931148512,19.81609887046612,46.857534204451014,13.011533943991699,77.6337312562016,East,69.6329883986871
37.252659715407255,72.67249363042792,53.732944110296394,150.82672751453703,13.055089620971538,77.61743679035864,Central,197.8344306647512
40.036557328954736,94.02731060090343,36.955988305485405,138.10085612486685,12.930221324544794,77.41785785906156,East,167.73243955681832
40.369021459818384,77.23251533666394,21.983129858359767,35.66992274662911,13.078556622512728,77.57445249288723,North,47.551980200594954
35.250197383558856,64.27867239003841,24.53209272053827,19.24642733228652,12.97708972152668,77.43905680476024,South,52.7051679274305
34.144375154868776,62.25274293420058,37.16053007981809,29.970438550107012,12.989002140633957,77.69019575166918,North,84.50306966428144
31.555161695207097,59.64990298730193,0.2646896823034041,29.4382791896369,13.053625760510231,77.6434222508102,West,17.018396197470818
32.67016645699982,82.70961368678218,3.679344497209136,20.28522989352685,12.889040061515551,77.43291714037414,Central,17.03894671488793
24.6928857020288,55.59029831073046,95.886124984453,18.7660132719208,12.906279716398288,77.43652559929431,Central,153.16574994741805
23.090806699466157,65.67834063499974,3.6485467093690325,118.42405372902553,13.071785575758392,77.5783421564738,West,95.45923489015097
27.979753255534288,65.76796852821629,55.21106584928591,4.345333888421069,13.07028904881163,77.50346675225195,North,77.99141957511455
26.97889226485043,57.47323710782702,113.67926142734773,67.91981717297455,13.092944832860262,77.41047175772194,North,217.14841153636164
25.28063170403635,44.41301678173849,14.204143252191887,11.38398094062332,13.0705514949325,77.56249245234991,West,35.57430522184267
32.17832468474029,69.84461755426503,20.826712027142182,25.341957990232125,12.838211610810008,77.51635352990576,East,34.08669784496437
33.73183125142307,64.08494042216924,37.86591836133816,3.8110966903774086,13.047117285841097,77.43032294771153,East,61.67766474069902
28.530441317751084,72.50360704154855,96.05732993969004,18.880477895709838,12.922951543432879,77.6405761176768,South,164.331833463008
36.86518048633157,56.99599540341249,128.0558603709376,87.77007108400097,13.097240406783781,77.67452302958364,North,248.77284176374502
21.14986531519897,83.31231948219572,60.54278590444763,129.77738498586388,12.94168428929864,77.62697818020425,North,193.87047810918898
26.838043244321693,51.848393281822325,4.077135578628237,15.025269931145486,12.966150824750667,77.6467266930049,West,8.970520888288526
23.69906607638317,90.68060426026838,49.77462324513716,37.366673403343846,12.95893247457704,77.46494717017984,West,115.91855288482213
16.80078029756164,38.78545235257607,23.766644585860483,38.12939223757779,12.896521108957483,77.47907188527559,East,64.09717712840111
27.503915884943805,71.52155096835337,28.629080480078347,124.0865070315546,12.822506626667876,77.46255826208976,North,156.94400766832962
27.269514949700298,72.13146023789935,2.2678769126902574,86.33085713588912,13.068695369120576,77.62951902940968,North,85.68927503957872
37.08069845945279,53.06664398088677,9.541492872450922,43.17898366492249,13.040802743757887,77.68437512368035,Central,51.92871790342812
31.784870107328665,71.36590906791518,70.3393422370811,66.65576613909658,12.8418580341679,77.61505116202018,South,180.2607025817231
21.85487905402477,84.19278004640239,27.227740892905217,112.77844009041264,13.03303048140502,77.66444002946388,South,115.31957066854282
39.12455539800513,31.74771740968903,16.15735794364698,0.5750844752994136,12.987753999815183,77.59160972846496,East,39.150276891501164
35.32620217315212,72.54117211236222,21.80426760705812,30.939238797391,12.922743136375287,77.51629797016764,North,54.777048357886684
31.492586220811695,27.600937695048835,86.70999603067797,142.666434722178,12.876206344728669,77.5277284844791,Central,242.93126121370156
26.64109540690101,50.51502794715188,62.203429131152774,80.89670028593356,13.057918635050669,77.42259642965023,North,153.4102076522044
22.243364579659122,89.43749547351418,14.30494031457905,46.963490772018766,13.010056477788217,77.40943715857381,West,44.52768767433418
25.766759343573682,56.27326949911919,5.624935893150509,45.255992681450216,12.964321972840741,77.60864268125673,East,50.3381631250343
34.53249171822512,47.39180053386541,13.06574655881843,25.641490090320424,12.98287056016954,77.53152866760335,South,27.704647969441524
39.307517835607655,62.03093406522977,114.08531718868089,44.10325251616308,12.827319854624655,77.56566452041639,North,200.50059310823823
37.259461169633134,96.01859507245328,39.208080978356364,63.919332140596964,12.942175928273357,77.56729837428674,East,104.48026308405954
25.066903469282355,37.52476629190961,34.3104675574619,32.51452819498824,12.858110087835712,77.483212744,South,87.43308940431243
21.282295400265934,49.230351325409835,40.829180966189654,75.13794530861706,12.862515103702648,77.54276775324885,North,120.61736183549017
28.845317481467223,87.4614752476944,20.508790893082544,118.49720656449662,12.99839118868606,77.54122806650031,Central,101.12353847106075
17.38936380662289,92.86553515306599,74.05288889858949,10.08274562577315,13.073376845550285,77.51652816636836,East,110.15515710553952
29.93900628510869,63.44853163564574,33.33775822122173,36.03922396693207,12.921126983143504,77.64620261502033,North,63.21653999147205
,46.41420946210036,5.5865078233961345,31.456954959335615,12.862324781903657,77.53534920110629,South,38.57014652634171
25.203780988790548,96.43765252713739,6.218463379845815,69.78229134640559,12.994624081170997,77.5810933573518,South,53.32460511998305
18.431781596399226,88.91663587623795,34.63758233749705,17.250322504455273,13.061356113905095,77.66865603611426,Central,59.6982761399577
31.081600639418298,75.18420481643349,124.1019801593361,61.34090859109054,13.024495640336747,77.65987008685768,East,252.7290642066051
24.803794962028533,52.8139647659387,16.590523465061803,125.97338581520617,13.060627169160975,77.66712666113375,East,132.03225424304875
20.980498985738272,64.26455988742944,91.65139074792704,32.49065839816641,12.96096640130324,77.4810014989395,North,151.82374336003943
10.766426720310104,62.59459878432754,64.99478627455858,145.15771974431752,13.025562873310758,77.41049474649242,South,221.86883933751955
,69.96276956923367,12.814630879590343,299.1308594702754,12.842019367807682,77.47832003996861,South,251.34831834349583
38.63350958001847,86.76502157197004,1.665788409680481,6.729148395443523,12.904482384608958,77.48361220368622,Central,16.107501076635288
37.96755528728722,78.19125561706105,4.833681380194354,15.920269530096277,12.916864749344457,77.6728080980175,Central,15.863417927377991
25.257422460482367,48.83935884522863,58.669685853947975,180.2013775385328,12.953388723873811,77.5947728198514,East,222.56535595990027
24.386727637829317,85.64744675029307,10.022886407467103,190.67509890503018,13.078722908077047,77.42451118788067,South,157.03972333527116
30.81264553645014,69.69698210019733,20.88246740811141,6.168976990284494,13.062288968066651,77.44061357880334,North,39.1351633203503
22.009687364870253,75.30598693788374,31.344808500833597,0.9067269210868437,12.840357647686757,77.4467028376626,West,56.87280695125227
29.810751398916796,86.99811288917904,58.170962827144194,10.539827811144528,12.85183689556474,77.58912652445068,North,99.41231091902627
32.596481670308144,48.32629625729673,5.40769548452748,331.47971286270456,12.907292164876674,77.6206242076521,Central,268.968906817659
35.36159934330585,64.46261631940305,23.467184723133613,11.907028270560282,12.887223159767203,77.65789317316963,North,26.75296201911642
27.399075541120283,57.028181729611774,29.86784817711332,41.89532513194896,12.98443128594688,77.68219096524187,South,71.92452439644119
26.777957498938203,41.48210861951816,35.024776782025434,113.19760449430466,13.070832814329362,77.46051136721594,East,130.57491498607848
22.732104479460634,70.2006496640738,76.7579446751771,1.2367558881590908,13.088687462501776,77.49293174541722,West,129.8120151558446
23.038717875760838,102.67334827376635,8.475909604810706,55.654598064532166,12.996080885760568,77.47209686422346,East,53.25270428423086
26.64112664859084,37.39883383241371,74.22220966383404,19.462875385960192,13.051447760420325,77.50762847023985,West,129.90741590311268
30.204193040897067,64.51579083425794,53.12302239575403,118.97588845905297,12.95756066006924,77.67439953222713,West,171.4286805667793
33.4815077573995,74.60814402612161,36.523790993651566,19.999368614684595,12.862498084058013,77.57253377008182,South,75.08203635380303
23.18092629591793,66.84617302484271,54.10801242324397,69.64631678689332,12.957406523628043,77.62145756919735,South,144.0608122937643
36.956131413757134,63.303079212263896,23.897632492067036,67.29191062979785,12.966524780431296,77.54703577083804,Central,112.96452447130345
26.37325839374459,45.51175454831264,6.703260810422758,15.022680066829471,13.022737269264066,77.40865737400084,Central,17.513780402914442
27.871796233909382,68.49180114410245,49.31602467517416,2.1251469750866736,12.865964896912205,77.41925864579935,West,86.10521093992259
23.51672992511306,53.6485403447611,33.4687874464765,31.581698486093078,12.91049311462602,77.56137690938037,Central,78.24771041153566
13.454558438362351,32.1511744253217,45.89622398845358,20.48127290910385,12.90920824076437,77.61563671044601,South,79.44811767891747
33.304272378166296,82.91888330770595,18.56195467650595,99.32192181308166,13.08783187872235,77.46459915825862,Central,102.23302927790402
32.4210633825546,79.37578729763064,106.81749727647224,96.67563087849675,12.933183488098017,77.6165728721977,West,242.275774917401
26.31203465729072,65.7749146527662,39.83416437770205,36.64140425238567,13.026528190189444,77.64319973204506,East,86.0983476389289
28.401944303349232,68.43612032308553,4.017203280958516,55.96231678638271,13.025243414412332,77.52356924350863,North,51.84501208667791
31.095635306224597,81.11477019073342,26.88663076680052,55.61979755762001,12.879663255440972,77.62392576985323,Central,91.47224009026561
,68.36509485167124,,105.32269532025849,12.97156090681152,77.52120898509854,South,204.52437675938987
24.825683935922232,78.56026332141971,71.12396411645584,33.203366200123575,13.068290867995595,77.60350518883651,East,133.57348345164152
32.76558807773096,60.53776698689225,30.707966364870657,19.331995443427807,12.942559315837086,77.62919911479587,South,50.24581158119813
20.474263460984503,84.6797560786092,101.31271770142561,18.475937314322394,13.083535252202763,77.69757798549243,Central,170.72971942823892
29.761347592999776,69.81178588899026,14.01848608145483,46.09711245875819,12.864337468797249,77.50361899861909,West,53.06512572009741
19.86050917225957,67.9107791540881,23.78915992631112,35.7773685890492,12.82224773173221,77.5233122341724,North,83.24171510499295
30.798579894601158,45.94908366931952,102.98932742373978,34.80205085907226,13.067436161943425,77.44968601782305,North,177.35450225114326
27.786151106215097,69.30433781452564,101.96261365690457,5.733677059626289,13.054304359388665,77.46122191752055,East,157.71483280445386
18.309209104566943,52.52067623758323,52.08515830060947,76.07948565194003,13.097776962780154,77.60801850077952,North,145.22046506945819
34.988436126743025,55.42575910207259,88.14858455015475,14.427812405173084,13.003818046433727,77.67511367704634,West,148.67813417081052
23.592450539211704,52.769365575258185,4.183358804828862,13.160569260590593,13.081006378000145,77.51838148549838,South,30.705418717939793
23.138485377913714,49.006476021511624,90.1099479582168,31.93912942480765,13.048084707525232,77.45395333405067,West,167.39106157149382
29.20341518338566,96.87157104525443,17.395853574446623,15.509018874740029,13.053327899936026,77.48552984981491,East,61.93046288606298
,84.97008592982604,,52.603762389639584,12.97074247113628,77.53651551144245,East,59.836167800659965
21.90506908612962,93.80551253216392,12.312361195174045,27.861655334307788,12.914709379375013,77.48719509880962,North,53.74890170075162
28.370079099087828,46.65657470666655,24.355382524776658,35.75161617490391,13.080367421762984,77.47007372493657,West,60.44185701749526
30.572899001983437,66.06880624866339,13.017270431889202,46.223639831442185,12.929635152684769,77.62079534662713,South,76.25305344182989
32.15863364357887,45.597385621938564,17.392388160335358,13.654364930761812,12.9616458101749,77.4023534763722,West,33.53511365911679
29.05864933166335,54.56457684204404,6.5250405344733,10.15851251852254,12.933834292137556,77.56176915820095,South,32.77470452985636
25.797832965500067,51.22809524875137,15.805261880711244,127.42713531788671,12.96944549418806,77.63813004210893,South,134.5687884045197
23.034458676107683,83.59376009662343,38.21829396521278,34.12038974084559,12.941151523697698,77.47986848589524,West,85.29044732620251
28.51686329827825,59.0565548284736,26.241038058692435,31.871252628751364,12.814390267573843,77.58098745318361,Central,79.81527095506192
21.56716592808636,81.02569000541024,19.15863998356767,2.1757038926545986,13.064614455802309,77.6006700316856,West,30.358639161667757
10.471897099032354,74.06181334382777,61.74911848404327,41.34647726420204,12.93331814567473,77.59650740892152,South,139.3847175215795
30.619358824946005,99.55458128157184,100.78667668450409,48.46901646690903,12.976683094552204,77.53375489025962,East,193.73572179153115
33.42360904651717,42.80833665290414,63.62220672667137,49.10097790702532,12.841756340827397,77.50397339636274,East,130.94192778535742
13.822405386748969,83.88849859680198,18.156067043418616,73.66134333392411,12.801016354394793,77.65077722190834,North,89.36585528156932
,82.19661305601092,61.393794569057206,11.723082688150308,12.873587028093093,77.62753378709996,East,101.81019430297843
31.714925566031187,50.39931742959448,7.418307318268748,17.439039198313534,13.011375809640006,77.49637655202417,Central,20.653526174531542
40.34497281827019,80.10700004709739,6.2832436964739,99.87499019756645,12.829758359033864,77.43090575833267,South,91.65471590387436
28.12476224605245,70.04217444539343,19.083501464013946,176.44126463280128,13.07266623211594,77.42154226363364,West,173.81513095400467
23.631982352625194,61.587856100698886,74.19199256933248,8.766280470727484,12.864506770806855,77.42828279336969,West,93.75566416238722
26.90262135337096,52.64096769542,12.727119781638281,41.30743825516227,12.861378084287534,77.57486080835761,Central,57.150266130942825
36.24925851488911,54.21335822826221,2.9404116173164123,14.461365109512464,12.854452388486449,77.4154986527487,East,23.39075748050204
24.124214925252787,95.74718143678889,6.3553042548528635,3.717194725391258,12.80419451389141,77.50107806248921,South,27.023169586561295
23.204847960098476,65.01024228436223,88.07347298522157,23.627313143074772,13.03154164054347,77.62595991057427,East,138.6520537660833
25.103538866907805,76.73195002297189,45.203850118654195,9.307202733521398,13.062510359373578,77.48830444995461,North,65.07649770592792
22.280028350447726,53.13650927498671,13.138174130507698,74.25861608197778,12.984248810784859,77.62899242315405,East,81.2068857043522
,53.30220580667542,,45.778834640545774,12.85645999450396,77.62364011146212,North,84.1921628145797
37.74807075081736,81.22977213874913,33.744872669300406,9.317492791416802,12.885583399082265,77.47374813978998,West,46.173715789042895
29.938475638696175,44.756356826727014,47.94639150263249,0.5570734091677426,12.942778009209489,77.61864665402783,South,68.23118962749874
26.485878987242273,58.77179348142093,11.948086683087972,99.06469232021678,13.08630378548699,77.62433299148164,North,93.57568284377658
26.249132386506737,65.51041116608349,89.91305699290668,11.62924240316769,12.874205411545324,77.51923617770011,East,134.01648316394864
18.62085514782006,66.67058902760078,16.656703759996798,55.91726245567155,13.019493771175966,77.46312614512246,East,59.49566092272858
33.29865866288296,62.313600724757656,53.307023011321625,24.651751054007406,12.931834466987876,77.55638124206756,West,98.46874749209339
27.53297681792319,70.93729671643885,0.7315228393244347,52.83890283186891,12.889354204508006,77.67641927640007,Central,28.882130599585775
26.917120518456247,75.39283633726717,20.98179204924956,22.757465773962547,12.936774781106635,77.59188501972962,Central,35.03148190286946
47.158645407069166,76.01956318188995,19.503759198405437,5.457192119615495,12.82136201526237,77.45187674928819,East,34.33648100975509
29.79251745019412,50.2129428699826,35.28596110888783,15.135035498018842,13.039606211279109,77.60482707742005,Central,80.09340179762661
23.489253699428893,60.73767353106804,3.398276098286108,12.499624057646225,12.87299057839489,77.52816090818456,South,22.42752674233529
25.44185442276674,82.92144292815406,70.25730899396254,33.519007266667565,13.017623636957891,77.57745863920661,Central,144.4273557095327
34.89067425518053,78.41970781360808,11.052912288140112,64.42647974844931,12.820504511434459,77.62021921050693,South,50.06994957961881
28.679622463226586,44.407108227784036,50.85990164480765,18.37570258992835,13.086529566849705,77.55448420545434,East,76.90440688922652
19.3703321300958,70.27219850528303,73.15330041501853,0.7286021074110125,12.85790449562171,77.644195192372,East,110.41933414185385
33.515373607451224,35.326621259377845,37.136496880521385,43.905467851827055,13.064822622862124,77.61664667379499,East,99.19133995847258
23.991135486766037,65.70402353090554,60.771437083251705,55.84764736941869,13.04284196288463,77.58452200200556,West,142.21571224537948
39.239786657305274,93.46650525118966,48.793328613194966,197.60059893215012,13.090357977224425,77.44523784474971,Central,217.82882070970714
34.48028839428789,50.78160924096521,19.76970107907371,53.41849364335965,12.943367198283726,77.65078473327347,North,83.74641678306288
25.316068626047493,52.48515431762627,74.46336712816087,38.225585972454404,13.018219188153786,77.68077167559595,North,141.46203235109294
35.68609817041067,76.4604467235929,15.711028966954354,51.114737054724465,12.911213197111335,77.44108953714279,East,72.23561041783631
28.40713306316442,41.85797727185531,38.10576577647033,157.7825982407902,12.85531047140591,77.54647233883003,Central,177.33395168203944
33.11664205073332,55.50867455172441,61.56237207857275,105.74770460422077,12.932922779880036,77.47766662259116,South,161.50434492803447
30.90839690376685,73.9466170637263,21.435894039479937,23.40315561067556,12.849724704616538,77.62635699222767,North,59.334817095025635
22.92186007005476,55.48571228465895,16.228642758326334,16.24984058130197,13.094613386835915,77.61648889080142,East,42.03930546053432
24.13870100609523,61.46045019183543,27.673910096936808,18.28022258947406,12.828873947342215,77.44226553617112,North,43.67879972112135
34.17976490548697,76.16278565472552,76.6596614183894,42.121714988716796,12.976763517035787,77.66310818137849,North,142.00513694664198
25.991348007360756,71.32319125304842,119.61643462706317,81.76626132142285,12.987939156576218,77.45429191919341,North,251.698532258875
25.57810922054802,69.00227594443103,35.44385408118243,41.9763846547025,12.961423862862217,77.63917770769443,East,88.80724492659972
22.269264523903882,59.91316581094942,48.74091097728677,4.212241724605927,12.99865576571355,77.53709410788841,East,81.49808155871634
30.541594393560764,70.55091672903433,105.1141110476265,77.15018188676662,12.834854232503568,77.49848168806746,West,214.14777818877903
40.37514951545887,63.14400979850365,4.668624368876564,98.38458935093799,12.966505557261588,77.44747177880227,West,99.94187718508104
21.594802514474363,71.86708414888678,11.883053969950353,20.50699960151329,12.88616377133821,77.45028427684399,West,33.11867613449234
28.14531674003655,57.54601962323033,55.53398023678264,65.4611047869492,13.082052818990316,77.59856716641028,North,111.9952770543581
36.473323332492576,62.26146538430688,78.11191872041519,33.36945607242438,13.028621496031917,77.56512911638414,Central,144.93283233744648
27.52215165252571,50.15063311171979,87.53011490912827,131.95805598110937,13.091754344647923,77.43662562649537,East,242.91104442027532
30.714230777498404,64.47488584990646,24.134699557530052,111.94718615131717,12.811266820922057,77.4338093581315,West,128.7305653223646
21.62563883111872,52.83498704556733,4.2113502151572195,44.721021533516165,12.885539952554213,77.42169317243184,Central,37.8274815040142
30.56984258324589,48.2893032475701,25.91391034060579,70.56308475021648,12.858626775991505,77.62313020421206,West,75.78414659547121
,68.87991721783082,11.804365473777176,128.9144830490493,12.80334637619355,77.61356462556878,West,114.3384066297657
33.914379974079175,68.1910966378649,15.487959522967873,41.07706083277263,12.872697719073896,77.41752929725638,Central,50.53807656682049
35.124316309388504,76.74310602422858,66.58127253059955,22.547161935495538,13.003632795056129,77.5680810226791,West,111.31772833734962
43.53738185211168,58.53311645637351,3.5339186974982564,84.06405001163118,12.869326676640371,77.42540284657281,North,78.67175459962829
31.477799039281454,71.12079270255134,79.10230407116218,14.912778296276064,12.952701033644786,77.67112373118269,North,127.24944830975596
29.954777899493,73.26196358410495,25.111707011768143,29.513475732131504,13.066345434489499,77.67213522575405,North,75.09509215904836
29.166305809464017,71.67160711747393,40.79243964787191,120.4729202378772,13.008127376104722,77.60946989694395,South,155.3113982151654
,52.61519475796787,,77.33314821671632,12.91838872097181,77.67785667643184,West,80.36554021219739
30.030903060770147,67.24045223406783,18.518491432268597,31.031853413676746,12.911740681673633,77.64343590912411,South,54.747869873681665
26.22759153916582,70.46210444081991,4.229193287025047,14.50476837096442,12.936720744202546,77.64856157277812,East,20.585723580608125
29.010765857617685,65.10767700361913,146.62050040294235,26.400448291419234,12.853112432317973,77.57091235517099,Central,234.22246031589117
35.905585213647754,33.70283512443373,74.08897676349262,20.053234944998813,12.990200230224797,77.49181775946485,East,113.66971551664791
21.960744608322152,67.4073443596022,27.697782872314246,11.621586845946316,12.909245845731382,77.46533973453494,South,50.110676243127685
34.83927136677427,98.18796559095864,11.389081946537415,81.59852504072244,13.055709604778613,77.49816000661168,North,99.2309098049057
35.90269040403919,59.59941096864526,121.94453025356101,17.4267442194325,13.026965798017345,77.58854862902672,West,192.2712199418007
27.291588838053528,54.07884353217018,19.01269568427912,36.32658433230012,12.983153949227647,77.45179696074972,West,51.40660696858423
15.268870605948432,70.60022839567097,7.898670760110671,29.251887785045366,12.909260666794856,77.47759207099121,North,33.530318072631516
24.353068077433406,69.68567315699858,37.26892483244706,241.3014960383779,12.862979549502047,77.54041825883864,West,266.62646351980106
35.781967279366654,82.89102748124621,129.52701611960902,29.765309458103335,13.032845559231687,77.46991502955738,Central,225.972141403172
27.862791626206707,46.13197766136668,0.1726940181831395,5.001754120920474,12.945922729697326,77.57659310091482,Central,16.40307358608937
22.004186606230533,75.97070378862489,12.238765785425654,5.647153026678674,12.867425011453207,77.6769528085369,Central,3.0724791519601773
,73.85633091877196,125.45401909246364,53.606289352611185,12.858552384512002,77.62442680971094,East,222.81975462889542
33.043720159027316,62.867801945891806,8.443747291041905,54.88205254266957,12.849620271350409,77.59992798424467,North,48.671921197880486
31.280401409208274,70.08030976882534,5.408316030649345,32.55538738183408,13.033148358861679,77.57481644279514,Central,45.517659148803794
26.566407404981835,80.44186222397536,37.998249780748104,33.92152251163194,12.868696155590094,77.54638437277713,South,90.73339295709434
25.799053529111873,78.08473070042676,89.07167333146663,3.3264868184169467,12.95799267905756,77.45596915789041,Central,146.8276081780274
25.649451105737068,47.85471031889407,29.177271604601177,43.60800983619937,12.935463908291917,77.66841313662806,East,59.896435282785
22.465538893008983,77.30237280133227,234.66415514325857,42.16028055025768,12.973883269768486,77.47456080060385,South,396.8278371967223
37.69225413681665,64.02967092451222,51.158213481735615,9.71933139293092,13.063146470111358,77.42739266327345,North,91.10604923332194
26.06607718473196,66.09311147023273,3.4632873415717516,6.578137529947246,13.060324217024519,77.62500455376862,North,1.2165025659735722
35.302951124952976,66.09795486502541,222.2166138430297,7.914076959667953,12.935322821547459,77.45268466029935,Central,337.68693006748714
37.12789631153471,62.7463551680261,23.58315026853103,6.390219894325253,12.804609875220418,77.51156879986236,South,31.551039541135083
33.989865388887765,82.87561245660598,15.24773617164128,56.45163618363048,12.927933141714291,77.4084854784873,South,67.06682605826755
25.41027812369171,63.74423060226182,36.72774422701077,13.125390239862258,12.981858061227243,77.44112038276214,Central,70.0854834520195
30.422380542019656,48.20680807425247,16.328144637195376,17.375445745524125,12.96732942772942,77.45196108922798,Central,52.43476923372122
27.854826361654503,59.09705216045407,4.069142445754489,11.43855925682497,12.995400831740062,77.41632303832506,West,5.860367540402073
22.57778883561923,67.68042075215713,0.0643213860095586,189.9703203833756,12.846222719741926,77.59699708698686,West,147.38057590369226
29.94615569032962,83.43822176445576,26.868588632970823,115.70320951822514,12.99396052963422,77.65110233874094,Central,121.83615835122893
20.925761253041184,74.0464202742325,81.59253878554361,15.72045699785216,12.854795485623132,77.51199462190979,East,142.63080778973173
35.12607633076938,52.24197081879434,38.221594636977976,23.81110504129014,13.025157194209024,77.66237294301547,West,60.62546091105508
25.21229621620964,102.27784875018338,321.30289733673385,14.135202004068015,12.901726283978805,77.46400397236805,Central,495.0326462324657
29.206957935237035,68.97162966466969,15.21264593030252,40.6217812151777,13.012968630014436,77.49761712706838,South,43.05851397207905
29.699727229276853,84.13086106998523,14.811133553052082,1.188322225420845,12.814359679671833,77.44522109790935,West,23.62547745892749
26.446570157775536,62.72428349634156,7.832482649535476,66.76900334137852,12.922358007677275,77.5861677586257,East,76.72304390684835
31.520162808851648,73.00038867058174,8.064122908890555,44.43422364296128,13.011510356679,77.5259608772611,North,42.53093563645798
25.150578060264852,77.59202756777607,15.108018470471247,137.34397018989682,12.868061154899449,77.58398500405258,South,134.7459042656182
33.227783784743465,83.27292067631384,70.84188251866075,10.775789660743628,13.038586113439166,77.62850247161826,East,105.95179339995448
19.92412191851951,80.86052458067337,106.28444269992444,97.81188918043931,12.989233919931479,77.5637109048099,East,236.5518671898913
28.758277477278472,78.08295500109466,166.1567550945762,94.20178718371375,12.976268531644939,77.58828910647054,East,309.0175664571412
39.63357399434971,60.27369903208837,11.895424683581657,8.16163754815342,12.906064656261302,77.6805750943183,South,31.449606131866155
21.99801205236655,56.42380937065908,95.90108851625291,30.505632550198417,12.944735441114336,77.48971929288265,East,164.1014983087355
23.93353017685089,69.98911265486296,17.90444734484011,11.19081000584905,12.979204790293355,77.50774918159019,North,33.721028537472684
31.08344709795349,78.99692108511604,5.3878744530271945,17.63975782734652,12.941738634174467,77.6153110085128,West,22.88565797377106
29.07749069163759,61.6591894883509,91.81856617562343,18.33008792564479,13.009493997182169,77.58339165511661,South,132.72447715011057
30.103780595641354,80.9775794857158,45.49012463375645,48.74779663873139,12.930109079932087,77.45355987136192,East,100.31109959386391
30.93512278088598,86.78925118229269,8.100059665946873,31.80162094998542,12.86068195452261,77.51284419300315,Central,38.943793671442016
31.808328811370618,51.2551862138987,25.28203151311652,177.08317994129033,12.864180134840314,77.54035140393742,West,177.9903939213516
34.65819905173734,52.4461894430558,15.238590627915572,8.105909784080472,12.801741130652884,77.52581695139052,South,51.11606862707072
30.458911941571074,62.894374116419954,60.066919986494874,218.27323976285805,12.890287314667603,77.45348244249662,Central,277.3061480005695
26.552454072288747,69.61419002283795,27.18304648724593,15.731670669296584,13.024675292143556,77.67732902753528,Central,54.7558565140561
32.03544220721639,57.131494793494234,204.10375512057956,88.93500415877965,13.038248812651283,77.6286956285082,East,367.07864469061536
39.39929160937129,85.28304018300716,2.5335237533089354,24.83735656177036,12.860740262628726,77.54440674963236,South,18.720826724196925
27.204197521704558,71.36100292277676,19.733788390264003,9.264740522681812,13.087713199061422,77.60401830849206,East,43.59382393045463
22.15282417197615,65.5917057236111,29.591429746739095,117.06888840801149,12.950720838044038,77.66918480164065,North,138.80846669669285
34.642484015721834,43.46135714197209,31.474530487138203,22.164850314488092,13.07509362470555,77.44085224270847,Central,77.70471780215667
27.277713016278412,45.262762753587396,17.086659247776296,64.52693142302782,13.012029584558489,77.4751119152121,North,77.93856803732687
14.963982723915784,69.2151387542271,58.79355207012567,50.144015020249576,13.016730026906725,77.56281037417699,East,129.4638815309342
33.08453006290253,33.01106560767745,93.48390782696887,38.291853990357026,12.825513086391823,77.63970311140571,West,187.10146656686325
24.788030884276463,80.18956114466107,125.65306633113026,41.089253151347705,12.86599733806908,77.41087646863247,Central,210.38536137044326
27.456800306175037,62.627692334415194,73.58556107197928,79.05938591372193,12.802644449988343,77.69520544505892,West,190.96442577312942
29.99188198341409,113.64639454392099,85.54479601133481,5.511979333854894,13.014838292143022,77.53647198086472,South,140.42310561455753
29.1429980786744,99.61874375924165,35.987409457710605,66.1898772419771,12.903331486528554,77.50776934218652,Central,139.28771801100044
32.256710902834236,62.27826396128725,78.66260141156631,135.6935575601976,13.035995754822904,77.48781733135193,North,219.5344244588034
25.38708177658094,63.40494496203028,16.276189425205548,3.5715111450854544,12.901680865981108,77.45230701229526,West,43.56553075497904
31.078634789056498,79.93372271003045,22.873204618947735,9.094972514025116,13.045800125689658,77.63747217267901,South,42.92450369629963
26.4427199344965,90.54758914877057,17.150988084460735,75.66051895991876,12.839209476124495,77.68662424942383,Central,84.39905528860126
32.432862885325015,40.42956413845975,28.3482372219354,34.49856235966904,12.852011947027252,77.52409342645362,South,73.17022808864951
31.69220490407832,38.204368019679706,15.132767270679926,31.005453055904763,12.90226296187518,77.68572620842605,North,48.75566081186425
22.38736778773243,55.66947791668428,146.69981276256715,8.838115588351961,12.922546216664681,77.64713928463051,Central,219.331052101632
34.51589269705019,73.74106374760797,16.88376834998694,42.40678589067562,12.904610843252893,77.5443153382429,South,57.934702565999714
24.78421932931571,72.45310385761395,4.643556174077711,8.1179414341989,13.029094109756965,77.60220785373784,East,16.530754255201117
32.84834678968687,81.04657182475775,33.672304082625445,38.84690238975354,12.829085417788015,77.53049525375114,Central,77.33442187992374
30.203723880408045,47.00453707452038,2.6457331116949874,86.53768271785556,12.905365105891546,77.56761702246376,Central,78.60316071485221
39.02910206077074,30.257842055466853,5.2714935804353855,17.925742606357,13.051171999854638,77.41741390110556,Central,19.28941030708994
26.659204105768886,77.87021292953219,11.145547403537064,39.32636839842851,12.820039123178653,77.60887904259016,Central,52.76286880908655
25.904099223290814,52.57705590552148,28.09236522493456,289.81871441511936,13.082703052301406,77.41584739334525,East,277.37068069180566
27.883482364673604,34.72268203417043,25.55273855723239,69.6261512022244,13.095895052681604,77.6451254840759,North,98.54335245474316
26.18092130299435,67.17595618939072,72.35542836419496,110.46584655841956,12.826570452147525,77.64748407883818,East,183.41868137094608
32.7996514116523,76.89763532328016,60.52748060574869,32.15297784414166,12.88738175667672,77.47112318626687,East,127.4844312711558
18.302136349380472,63.16914301818084,25.00562500257315,87.62511705843934,12.911720199810608,77.49709883431075,South,98.9481452024813
21.677905485121876,58.13227420726266,18.270970842158516,2.481151422391411,13.032917410595818,77.5443931135675,West,27.53284344974895
21.59318247052484,62.6095665178114,17.12173289125443,7.868821053340619,12.978778043635021,77.57899887207975,West,25.51925197583364
33.70184555184146,59.44125856398826,66.92393440390418,13.619350644883253,12.99330971014777,77.4862060985226,South,111.99486682187408
38.26368023549155,44.779293320897494,2.406472088156596,30.845048078571903,13.027252946845552,77.57774592138958,East,27.174512860022528
,54.279789845143526,,112.14884478150626,12.835393699831108,77.48933612196879,South,97.10206444017574
26.987069660859937,72.81919857520722,71.43319811247729,25.503288946732205,13.049962837073078,77.41664721632132,Central,127.99125869621113
28.42031297867909,69.82517812064751,29.18041792642737,63.78680846942764,13.011685941254044,77.40075826494957,South,90.88322188357654
34.971269815649144,67.5208970895023,6.31239225750492,74.13075878141805,12.973202517558912,77.43034531737554,South,50.799113412524356
22.435881194856556,50.07277277219931,12.087877622144287,52.93979226024743,13.066920600434917,77.63767521004921,Central,69.32688489941086
29.43021389640871,62.27745256796499,121.3058811250927,26.519216212438426,13.010091906165142,77.688429393715,West,208.34955642954708
33.85118577869458,32.34402430335718,88.31560361658785,51.63055267375597,12.860509988789309,77.52808985978437,Central,183.0290894151045
31.006565019639073,67.67714995828085,55.67100409957425,25.137243935911393,12.9289236143227,77.55380518603499,North,101.76236583124354
29.13748969959246,86.4328656172035,29.619672249595755,5.256065027900847,12.94821286008072,77.44405445072204,South,52.203689618846376
34.00627655540285,42.88801801936842,33.05896306657208,296.05361588964655,12.816565288025123,77.56530940580406,South,279.89741653227384
11.780606242004577,56.21108490023367,166.44190579792595,8.161724467673775,13.086391254008017,77.4433964706021,West,248.74420528617532
32.067251917185445,69.93660168065195,151.85996073997532,4.505941817862637,12.838573178239065,77.58336429935966,East,228.55867845896495
24.075545901235458,83.79263951641225,10.908645904413543,126.48564768755651,13.009238380168018,77.67997760027426,Central,126.76955622885681
17.016202618861257,58.276630755497756,74.99527550561095,21.557959725523645,12.951869310827265,77.45870956179091,East,126.99154030056246
31.067215597149882,54.616245061011554,9.886626457543212,63.04025892175139,12.807689674965328,77.62936911541713,North,64.72128756064113
36.24195127097775,35.46615286375875,10.80945940917274,23.93968086220965,13.077424242759308,77.4070507268455,Central,37.79038202232514
27.17530891223385,66.5515719396216,50.728452610786455,29.800993120242197,13.05555104264568,77.5126491723965,North,100.18690039427736
33.71724728321763,95.63114060215617,23.363807391172774,18.237872682776207,12.95727737837115,77.43322455234916,North,59.77938159921334
,69.16037692947013,120.67065102892067,25.208294558329015,12.868682700841834,77.50574263247871,North,193.69192966916683
35.889486721504284,64.6658153122443,4.195038047597946,31.729234014314756,12.836486867204028,77.45206107589166,Central,32.67337262430046
37.839787176228356,69.83123466150478,32.24107339828737,76.46716451952054,12.909017743829638,77.51199149703687,Central,114.27761944872069
32.45276494643135,64.83361994077097,112.83374118836157,42.98939417061966,12.876628484313828,77.52525684183226,West,187.21933311127816
28.452601833409556,52.80478441609805,105.5066288526345,172.48017560970425,12.95200736030189,77.49017733683428,South,298.9045781304385
18.38820512861699,77.34919873516557,7.660350502434605,2.566959536953839,13.089922788837029,77.59698658484194,East,26.96433592833963
26.52362507122031,68.38642284667631,20.552070008330993,41.958163945197015,12.972486047968893,77.67565561537768,East,60.8897280820688
22.94052042810285,65.26419877900486,43.4373565465626,52.656631352117984,13.066979316767029,77.52017861223159,North,96.43092329318247
41.02565630498688,50.369509590826254,7.813497204826223,151.69164040480663,12.995263651248733,77.45770294694252,Central,137.74389110656927
26.94468512540598,84.55261897902139,154.92206217426994,3.024475310190076,12.94257395797616,77.4812168274588,Central,236.5975462765921
28.739228840706915,74.97054117999664,110.79716799092265,51.12851633175826,13.05638226882001,77.65620024704891,North,222.32303230442463
31.308912256242806,56.70618743949047,8.219782328468234,115.29702769135952,12.9414104330519,77.57149191698105,South,108.94397517877762
28.26161467823472,80.02737280522906,5.811626629873238,16.61859314374343,13.060588451153109,77.5365033096921,East,12.576843494975105
38.170306242584516,57.536437424221894,4.017498420802197,125.39004878370517,12.88747303087273,77.44489101645269,West,96.45080462487758
24.26410382959329,53.26994761233445,108.08024063014061,1.1536242252358502,12.838643922128897,77.53491819249714,South,171.64145122194458
29.167644731423458,53.604453237795695,9.684220866163765,79.10796697879907,13.056594339308882,77.48354760100722,Central,81.38182313586813
23.54517648581171,38.43397170367864,24.22540379496109,162.28523743307227,12.9762245491378,77.682948938356,North,165.58410128343286
20.079864932675765,72.07313570627309,26.808783857938,64.23607625570402,13.066727719474688,77.66522103282472,East,93.3259188361758
24.32938545456829,37.53282682492475,41.12196271805549,34.68519018753373,13.081348162097715,77.42517076254846,North,93.85045510691894
27.77777921770953,46.573342531013566,3.349727861737944,2.7551613708709684,12.816088517111435,77.55499604677837,Central,10.956920147745457
25.42418665289644,33.866179863822,11.572380534162772,151.6291394275193,12.950290790557661,77.4675175036544,North,123.60711091602818
23.845474120756865,63.7089546081366,120.63515429746266,38.12624036541714,12.91248936472236,77.52323312685729,East,223.62069389023551
,62.74519309592192,107.56954596375168,1.7655274679001778,12.987757519121034,77.66305439947544,North,175.6028482498006
27.50136656422783,60.09955680220454,68.40052144749959,70.23635752503242,13.038077359160697,77.55825435596657,East,176.89115225262827
18.971677755813985,49.36133457994136,0.8816364012192889,39.44795422694142,12.884177064792311,77.50026458801123,North,48.80687353882624
32.560335782137614,47.416493698450395,17.82090029649282,7.967007825349122,12.967039515311951,77.4623665062315,North,47.33041437866032
28.49463851760702,71.96554795319861,44.49377269634939,14.468661583919674,13.01261857397147,77.64009745782195,East,75.45072689720342
19.254691003210418,56.74172102437268,14.483070882765492,3.9998502730822634,12.840329324850721,77.58735540460931,North,27.938181317484354
26.14474553770082,69.74537482304217,108.15137297122757,51.24031383436353,13.04422007178538,77.54041963812787,South,214.88929844069585
23.4870615664565,51.72126970813666,45.216898844734246,58.37634443057434,12.981832879955892,77.46524530615889,West,96.51890145745892
29.915047062515082,67.71594114156623,3.3580364001572707,42.28189407390578,13.084861231134095,77.50027391224714,South,36.675781539633675
36.042702676138866,84.54917055974096,107.86307355577213,101.9296431466836,12.901858675739208,77.68795302802155,West,226.28461538007764
16.74896518212553,73.79248700589176,142.4045375678975,118.40068863077185,12.83244378270116,77.55602698128176,South,311.1301735968449
28.690156474884503,58.813792726752794,3.6404187039680314,57.36810424906277,12.951950360311077,77.52020978437298,West,64.01319085362607
27.039203226600158,68.85798455533892,34.20256554316754,0.7703125336547325,12.825743231512833,77.5564266127045,North,52.10808148726988
32.02804045870279,61.3900223820468,16.267169155906892,71.29180533980838,13.090857956997201,77.63369655176989,East,75.74196590936404
29.279179769426136,65.11820277042092,22.453263458015744,32.477009145235606,12.811605487477157,77.50203268095086,East,62.49315263721389
23.488184009567085,60.115834217772445,8.911155834001638,50.02149842656646,13.026051170332192,77.45361183627979,Central,57.50854414408205
26.08567638600029,62.53497191171913,38.83143768269891,62.83192303607697,12.957530719442673,77.57548083550172,West,113.34216324736195
23.223844859179067,68.18140029611263,142.6317386479687,25.868820264373063,12.910586195749486,77.59956123104432,Central,222.4932691524206
34.45604283159159,50.09961950627074,31.469010325246927,149.40613111800783,12.819752649352598,77.61381540088757,Central,169.1632743210358
28.127869892031654,49.761817595150326,3.8949597451496563,8.630480916716914,12.986650077252083,77.66459627722985,West,14.588505417535476
39.40714411451805,44.171861692531834,43.54143909385218,66.79526308321766,12.975566098817287,77.51135223620673,East,128.23131911785873
27.636035117112275,40.99593343244435,18.71340171450369,0.2621466381121862,12.88426498192028,77.42260646886868,West,27.523734545996614
23.749559398537222,46.74075961669281,87.18401689115096,155.13756145750233,13.073066510423093,77.68750457508929,North,274.628315551178
18.917713644323037,67.39193760206194,25.666202746201396,7.161084888785484,12.891233002202851,77.53050357823125,Central,45.051524523641
17.18116194246433,51.60818726762174,9.640479631433767,5.981545258483619,12.934917623177633,77.58697725290195,Central,14.465156620238394
18.49518434196706,72.70421696346645,9.543911850723157,24.298600619305972,12.963128736775596,77.59989159693849,West,23.723596377800853
29.6027599060689,65.52070623128843,65.89427519282965,28.06273883863154,12.830069563452886,77.56395411261036,Central,116.15303585156393
31.0523501393796,35.47243679842919,13.89080488419242,14.470819850960345,13.07964851576409,77.46157725892088,East,24.423005614942685
18.512855787807197,74.82463376332535,65.59735586018861,52.786197635486346,12.912360845735313,77.62654291503485,Central,139.06478227767542
33.37022988445669,77.16197968387564,10.37384558185008,35.10214970400486,12.824233764162305,77.64112559229123,West,60.509753004178464
25.101633689899362,50.0920598774772,17.466548173374328,2.0863938291188027,12.916187352102598,77.56589267580523,East,13.27584826160316
28.880758071913295,71.30287314342488,28.18796289548496,23.109056311085205,12.980060764127774,77.54656834817546,East,46.878351830298385
37.673323769532544,52.15252643886201,129.06656492162168,99.78073794154434,12.9540958015464,77.4341814549384,Central,271.07808264504837
33.38103589519319,66.46505565122503,120.79375727256254,70.21323923523204,13.008362592211181,77.42518549844993,West,223.73200179350454
26.388816112565006,46.03252389567552,10.42967254245108,77.43088009249246,12.816645182620373,77.50186945366906,Central,67.76984782556228
22.652846647508277,38.103403211981345,19.957869866076535,71.86293014488761,12.885362183081618,77.49325384665522,North,90.81874777112994
15.08910759202417,59.257742155805474,7.281565974189556,22.348491152524627,13.045769173052031,77.68609693528899,North,28.27510396118066
23.68508008454548,63.14406580587746,32.09937470822025,6.299229926819831,12.823968106337409,77.63508682273303,East,57.57354215938123
26.733218567033834,59.03480459578094,27.776948369736917,19.08577038573186,13.056645786408787,77.59797728857772,Central,62.84461906580715
22.076922837092894,47.239541626661605,103.95970906986031,106.95084842433789,12.827568827623132,77.55529442670529,North,254.92618161601922
27.21245819744617,59.00151406803295,119.67015894618449,236.15066304212885,13.050336264467509,77.450210259218,South,372.2161025741013
28.46111129775261,69.03942128871101,21.77128235750129,40.85497877897672,12.908236520323618,77.69353700165529,North,77.39071638483124
26.650864109151527,64.32660454816194,30.454114689672604,0.5848625912677078,12.983662718977165,77.51251220947206,Central,47.21980714051096
24.09998451505924,67.7375154589882,101.95373656364562,9.052499893501913,12.8458661346944,77.43207768073418,Central,164.07690537973735
29.011928031800366,54.94827199318651,73.95985284461938,23.323610445206892,12.819850616517554,77.54813966871473,North,133.37387342113158
30.651643897416456,82.57576872074239,0.16483553950746843,51.848280588518854,12.864781461206041,77.66219940348392,Central,44.57145779029973
21.457605535342925,47.35739995167829,17.35875355662983,4.683767118188601,12.83835614537261,77.6661873005332,Central,31.841898818910042
36.465594278477624,72.31340445630077,24.650590575716297,172.25952830789242,12.89372176930389,77.40328977481694,South,192.99334619897502
27.40847120629443,82.72836639439942,11.744836616298887,27.255723463412917,12.954314973953306,77.66588872342543,East,46.40279582013875
28.113097737669086,72.21362139123343,10.01736965261059,146.22476638076702,12.976627839069502,77.48144526524996,Central,127.53199335128937
32.24928653953934,61.96213659402755,1.7332581502865805,90.99014283537281,13.036960432213922,77.41169170919053,West,98.82625118402656
29.399296787581008,57.07554430005531,46.39750552376445,84.49700693058543,12.996871967974508,77.65433708110886,East,133.42333310711325
33.71881980347947,80.54131476569384,13.702641482835977,55.99394304659398,12.982627497538866,77.65916002679647,East,65.29683027377672
29.722744991210945,43.65537612107491,2.4195179599523184,59.1358468967913,12.923534608245733,77.5788693239527,West,42.63164702540798
24.325375752157374,50.44813609430535,11.818683245410957,60.96720025546564,12.942142530488042,77.5723301271889,North,73.67291038876964
30.16902115123661,59.03663351762418,72.8574192474807,59.448151191009394,12.924356248817055,77.64393608178644,South,173.7470051858217
21.13764275607603,83.56480636267997,85.81938626375425,48.40962995387451,13.052649809018416,77.63589286581309,Central,152.5451292062414
28.65135823465914,70.69651454061344,29.692824593387606,257.923007319021,12.869000135764521,77.66703164203281,North,248.10393355082533
27.800620056133234,50.47931362234632,24.208889150254784,79.07118560765765,12.80171627946259,77.56582423427902,West,110.73641890328753
26.751298856364762,60.34538441922645,171.45380456601052,90.02058753721161,12.995395969167872,77.69029412781984,South,318.6040037377999
27.228774931366416,55.78515283855558,10.07323312548025,123.56083863009873,12.86073865509165,77.69884404928,South,119.70234314711948
16.708905727014166,54.353165116496974,10.913820801059659,14.57321267065034,13.067034540892942,77.4349633829996,South,15.014894580676149
24.70765055355423,79.68334337835168,15.530561992248185,5.251508222725902,13.057713898911997,77.65486312786624,West,31.57635774081292
28.55706940684669,44.42385306104742,8.534573043139087,39.57049444726254,12.823018211578463,77.54994667732458,North,45.23643066335149
28.959138351984404,89.1317128360156,21.465589292177953,43.302762554204776,12.831916521624224,77.51626990148995,Central,100.0164238896171
21.83394915444425,77.42344535276933,108.77661106557322,106.02931971304356,12.948551477674,77.58392169296482,South,255.4330540988323
35.594247045188204,81.36292505905547,42.99371258546212,35.19586887438034,12.982766798830806,77.4167896671786,South,70.92302758666924
22.802950910712994,58.05590731962113,23.89218441724633,50.757349255712434,12.882472501244672,77.55193833563013,North,75.6966940129519
33.81674320316042,62.75088921381336,122.59548665831826,44.92859264719458,13.015039315009812,77.661267171008,South,228.07906488208891
30.563166171230108,43.502722782129325,2.2355101026308937,2.3370986677916927,12.978474806275662,77.4640384548417,South,1.0913680157959336
24.122636140937182,57.130063893997956,10.623239411559029,57.30421641059276,12.897447232924566,77.52791696843083,West,57.212526446705375
38.65186535565707,72.40482271464727,37.550434839455995,105.6307497191375,12.807611446412695,77.68184426631447,East,136.75280591148137
20.838179009461122,84.44094592672094,43.017676234356735,10.282936037454634,13.025045084389555,77.52856915134171,North,78.22445671315705
33.51492504166001,48.392647747963224,1.8162526523497913,54.13317192048196,12.864426099747526,77.50751028969972,North,33.478216752213186
34.003493908257866,59.517410945221016,23.21563899665143,54.02659974208908,13.050342123038789,77.53216099443702,North,72.42948169033158
23.97627874554013,62.73051169651217,47.13335090961657,10.76087635486921,12.926087078016277,77.55583582995527,West,89.63852892612717
36.354791800385975,44.06316196711272,53.8902848815937,7.906621002359645,12.97312323278953,77.58959740323944,West,82.29012892696925
26.499720912406282,73.87023862637601,45.742392580273325,234.87741196165229,13.0618846191227,77.64020784027502,Central,251.04645885880234
29.732161775679142,54.14014502386087,17.39209928116678,30.02471903057505,13.059086900275986,77.5356306617293,West,36.34435790118951
29.561931032627324,62.06914473234464,4.4183901716608895,15.48131719813374,12.911455872573072,77.64524428052705,North,25.471778236408703
27.194147551176712,58.22075942132184,25.067962039266554,11.275601375232702,12.862666667814453,77.56011619840562,Central,50.87681823173574
32.864849638958695,53.159922414204885,6.202413451158545,66.08528227190118,13.032543823318578,77.5015441531104,East,71.8954901999318
32.76093232331328,64.89432521779167,132.71851296437782,56.41123415065542,12.929924061080639,77.59738524843583,South,243.07742353547195
17.508808160570915,61.76585632147967,29.0107137804542,61.8940354413293,12.857612598067702,77.61531667642305,South,96.18912006054066
35.826041457268914,59.42213176582002,17.173798023492896,5.527313882584826,13.071327602695145,77.56741469268886,Central,33.256243110477364
18.025048071785953,54.07307567479486,65.41805060400449,134.39610445517775,12.859431258272327,77.41698449194043,East,191.39407835233268
34.195277226049946,69.79287006174434,31.007374169348257,29.585664972653614,12.80774215045737,77.45096486254825,South,93.71404542432609
34.7602308209655,89.80425902738428,16.700084674631512,22.557530452980203,12.806083992130226,77.48558931626707,Central,52.87673607811934
21.454201418708813,67.09830849258691,75.20137865294497,37.23412677813673,12.986694606936279,77.48478768178545,West,143.37936812945003
25.53511427227249,79.94177322366693,90.83478591490113,29.664277931066707,12.99850251821526,77.60202624007407,North,157.74144571115323
21.365771989084386,44.14667112269806,50.30190367904663,119.51969694583937,12.893312511517095,77.40550459850209,East,184.30815606410758
26.710473818267587,67.36642158940654,2.1646369718437035,158.9254728578471,12.896003296774118,77.62670453311486,South,131.34657090203618
26.15179429488555,48.539475215434,37.59547433747752,21.69721911163031,12.901848174517983,77.47960274244208,North,82.88721071394123
32.67796319361604,42.846126087021474,64.84231202029811,119.67771003803993,13.004047564027664,77.49300655386483,Central,187.2254119814563
35.86185247671765,53.909428888114455,6.604419133259413,91.2645075621726,12.817440137308049,77.55837294838318,South,74.16374176514515
36.37410286473974,82.87849001620359,11.68379800061241,160.2519176723641,13.078734905807398,77.4647776802817,North,144.1098686615836
,79.25023743004468,,16.92190889072734,12.866756313253234,77.66534139407266,West,158.17938431160033
26.744668757532832,68.645070830816,0.9147114451910049,51.61719196683604,13.099901961572627,77.42561063379797,East,46.90103713872329
17.899370846674298,42.009491601651035,62.87682811202544,19.2573397414821,12.851456808136156,77.53331470869033,Central,124.39010465407182
23.164779601022868,62.05579022918095,28.89104203238282,104.26849835199452,13.031463937193713,77.65482668083646,South,137.87168025106922
33.78910979858475,69.52550013352604,26.639340884131855,0.3203048750229844,12.867023763478889,77.58475316832637,West,53.39532286083711
37.69349694128939,67.63304344367897,0.32048246917083184,49.91961700664973,12.824254040492978,77.4876988547528,East,33.090322976294736
20.593906768720466,37.343096247788814,77.01573792304528,24.85855496349791,13.062479997305195,77.52622806233295,East,132.4611557536782
,51.64523227970192,20.07060962817274,23.377015041340638,13.057625377757267,77.61200831410275,West,58.48748219201586
27.84156545824644,64.03883353776925,35.0187566421926,62.122418872747865,12.921071117734881,77.69197822300917,South,114.37554475481758
29.68096695291764,73.04436364275784,50.896543805104095,114.42393646786145,13.010718842762127,77.66794161551384,East,175.30248514761115
23.142378880470122,32.05808268350081,54.574951496768136,56.37285396798662,12.967119779805175,77.50272984251471,Central,121.33355688382477
30.54436626678454,62.56814036780212,140.54006426550623,115.11000663458135,13.055886834102125,77.69945936378636,North,292.48192270464943
25.156963917574505,67.14573154818429,34.10449291578701,18.44020697078434,12.894516790795597,77.40105139905933,Central,68.2386813988776
27.913286374730326,77.7441798277432,22.96612430674889,43.975914639122486,12.957101719999695,77.40828892674253,East,60.71267016864372
31.277705488022196,75.39286376356155,138.27112411105804,35.92878014801263,12.945611711361366,77.64715215455136,North,240.75612130448704
28.03853361886563,73.73856978213207,46.23886165787765,0.7027939409645821,12.906171747877059,77.45983880604992,West,82.42738004037332
25.381684656840587,53.000892399470985,15.931623628208644,48.82569256246049,13.067436519366911,77.41823078051888,North,64.8488787293913
,36.37996794315039,,64.99818287049155,12.84976337739876,77.47114442197096,North,48.06667372805702
27.46982224476799,59.10420864407899,83.19041647430575,53.77670000945722,12.84485259185621,77.52783004619427,North,162.7140263250186
25.779933820707235,80.0244773781284,20.236575601533847,79.97201765603502,12.973072860596826,77.61916988113002,East,102.9793102220939
26.447223623997385,85.90181791286648,48.60864674972499,50.82540690149674,12.997248268995483,77.58730065796537,South,118.31250989095275
37.5918830230283,75.65823653446678,28.638894329603623,4.144946055974734,12.85838577629737,77.47128636526813,East,51.81322234171421
31.365516687647432,71.44011234202601,9.981300153693557,7.428139794573273,12.917215232676387,77.55098113443017,South,38.6040906524564
26.227118091825037,70.69459472578949,41.42322756090867,54.45094730454924,13.083969152893623,77.67786423161958,West,109.18629116926309
32.18172642706441,56.658218798588294,2.8171051634934465,19.2932954287984,12.873985226807203,77.64450233309513,West,22.835531710771452
25.99708306146394,63.0490955966957,23.999131635195486,4.9797572402063555,13.000508210635218,77.49695693544955,West,48.54925722630418
35.03874782551985,90.03604288739497,35.59560712858803,33.68533317516124,13.022044818109277,77.69467936840671,West,68.61005819294279
30.217853153188564,50.86162991312186,25.775294327863158,48.48959416612994,12.934438609839548,77.61258612013054,West,73.00351441887125
27.356187135974626,89.22168186064778,62.14487027970338,23.91645940733988,13.081257796027874,77.41873480670004,Central,104.96561155361704
30.686301554861664,60.16957768261912,79.19210639436702,76.47094879055248,13.020997020565638,77.4105482139866,East,186.51405907049494
18.574743087589006,84.88148163642617,66.3792884025422,61.93082378245415,12.93737737395827,77.45052238470302,South,139.92256833467957
21.239395186541167,43.89777485753693,1.781381055439302,24.281576876284934,12.970800560532828,77.61835676041505,West,27.73181217208768
20.836449961605666,73.78856301746974,9.712409132725776,84.3586148143362,13.00778403302753,77.45512167775273,Central,79.88780873999993
28.85765856858224,53.94844796078567,34.61313923224483,62.76603648202603,12.977657054128766,77.55344603076266,Central,98.57097892945585
38.39508999691055,43.77099212113718,122.87852598670813,60.87480819837103,13.063609275147822,77.42797803605426,Central,242.1359075760442
41.3878008771558,68.27801063616418,81.06965415037949,48.369238046690256,12.907066598684121,77.67626584734906,East,146.97822184096938
31.828306608644542,80.14207682893954,83.1847025415988,0.687301626626004,12.889965722016742,77.50318818407507,West,120.44005665021687
31.00506684966674,52.325878421097556,16.25708756879803,71.5438402529885,12.86415166684858,77.67243961696819,Central,110.91590580206856
17.193653595083568,42.51476059312398,25.25178533980882,28.300313147210208,12.81133489041938,77.68346269257317,Central,79.02211366902665
24.74395720159587,63.62232853497567,28.62950113675797,171.47280938963925,12.812904189314017,77.4018385941941,West,161.97834968635556
23.27329748855057,63.68847006834228,7.7053142271296835,102.21989520035773,13.061016557932785,77.53924055615963,East,88.25832022477711
24.274914410493302,73.22479441331748,1.420244073586093,53.15943753952886,13.003517943921771,77.40739681671208,Central,45.28606954555857
26.991137088491264,79.24391857046733,132.10348302005835,17.435737308599837,12.998159724630947,77.67260782989088,South,197.99174521912954
25.167456533817237,64.10877228091259,12.39187042127939,13.668067354589303,12.984392845680466,77.55552226342037,North,49.70256978383284
16.124201137745274,92.83254972191395,12.346632720861106,24.965922084807268,13.05476574340823,77.42248320380955,North,38.788498976080916
32.487461536705204,68.36352116802938,3.917756478247534,38.84088265547925,12.944080077699688,77.43308301848298,North,35.090124380564404
21.56354184556116,59.803602409896506,118.71748142793105,21.064198871189106,13.06112324856749,77.51505270734782,East,198.73823363587138
29.435481184666898,40.82648961345758,39.00936810144971,43.407661697107066,12.907833507854672,77.68207025786187,Central,96.89148463309982
40.44449601849984,61.06010719525749,49.487556473348576,10.846036555819495,13.078012251301727,77.60787274547043,North,74.36461888405285
22.48369245048146,59.95419581883296,109.15298492453867,228.2245999085024,13.009597094024372,77.66028565985674,North,359.4620047644978
12.81827486352202,79.40457194422206,19.08302915771893,6.852274220587577,12.877153140807328,77.509936993902,West,35.726722504814475
26.283974668719335,71.93725436100281,43.72013350691811,161.24558612169002,12.969225476506587,77.412964109865,Central,207.66413474739062
34.605757809991424,47.30946317551074,1.780749352725477,146.91078827383004,12.959909168446476,77.69229529116133,Central,114.44337096612968
39.75008472532356,67.58381579616557,9.303498697296027,44.71198032950767,12.841369646519102,77.40515189719872,West,31.765535326509724
20.622702433285497,75.0729675759358,80.06904408654918,77.43947701813616,12.977372871725184,77.68429549592433,Central,196.42805684295135
30.98019533941913,87.92047039081748,65.50754132157557,34.36719995124651,12.894435687115088,77.51060322715475,South,133.1590366098468
25.20813725931968,78.31255951121089,19.42974725949575,59.66074383169524,12.815704630042882,77.40302712150657,East,88.55537730497281
27.364309874175184,76.41269981467217,21.280717715579303,24.983307442995162,13.08459684731197,77.60674716951736,West,64.20504363291055
43.86606008210221,65.90128991922745,34.31762777273747,21.499923524760636,12.992447110719286,77.6941620912094,North,68.86922858960354
18.982178029629083,70.82468008135174,0.010846517914378519,51.79767781432249,13.063075679561253,77.68968771685128,Central,37.78509350391484
29.52243796896744,83.74257351059238,12.423396229965883,41.36481046602195,13.002816801503975,77.44828110336073,South,50.81016253459052
30.8061590305926,45.00833903780526,10.50689779405792,51.98383761355736,12.907095107642034,77.45437434181986,South,62.861682489269676
34.51471794963608,59.75841009174566,12.974679398825435,20.2678757258817,12.953806421698644,77.5696616743859,East,38.446704227238904
28.587898920825374,53.41146876865639,73.7735350453278,27.433094559233027,13.002724028104153,77.5911914479285,South,114.31496880453014
29.848303237024613,70.68729678089186,14.76230366323465,5.257651429129633,13.08807569756043,77.62182537409976,Central,25.164581303089182
25.650108595469252,83.45333263476181,9.567043770110882,3.2215410698109954,12.876100837736509,77.45431510814164,Central,31.06676784334691
29.614761647470644,56.045385699183896,31.57697989494758,17.53813411298989,13.062493117587236,77.68770212602934,South,61.382852376434236
25.940846347015537,29.145434487958433,90.32714995985975,4.628859997594278,13.077223341588281,77.59162177688677,Central,161.43921886995872
31.729431339136305,58.81668882463295,12.42964577835104,6.573807381443488,13.001124654397687,77.65411407566117,Central,14.293138085385902
25.782337983738195,78.7021059802611,3.6806324787162388,100.57583259260097,13.079379988220401,77.56201971458526,North,89.46692848778125
30.26260236341312,73.0644485442482,19.830835001935252,2.3789669967073914,12.91936357624321,77.52428305427696,West,21.796012974628482
27.82442311789013,71.42279371715864,61.96254734327135,64.54230336279281,13.085904852812133,77.6931548719785,Central,136.02190816002093
34.75630150463301,60.8001004718828,36.0019538370982,19.093239774133036,13.010834863149793,77.57463641124596,Central,60.81475198619696
27.691637658469084,45.8145389567032,76.37132858027711,123.13091578446713,12.812601730225644,77.66006207483976,East,235.15852524560987
17.361805190758712,72.72941482436701,144.3929016057123,39.814403821662445,13.072061849545715,77.68598771890989,West,245.9194345619735
35.57152900428395,52.485772849480625,70.80332699347971,21.88039292838213,12.945341842709958,77.6026063881026,West,116.6829211523295
22.565606194824287,97.76145100070684,41.662976205650835,43.743740957037325,12.93809809543335,77.56468160355561,West,97.46237581635452
24.077401968107083,73.55760812531774,30.596321076808042,28.871933609048785,12.96993998179389,77.4010532552732,South,66.76788462387121
24.426032235739047,56.29027546169073,1.8402282925185247,49.84822736678232,12.84481536403137,77.41200589222171,North,50.75343765901239
36.246628559024906,55.829221289170576,186.99729623544738,7.298396449747331,12.94074981457022,77.46025536481534,North,265.9419611972141
15.185954716127828,63.60583690079618,21.764985143863395,348.3589356920688,13.049338165015323,77.4558025295568,East,301.78848511178666
46.82649120195996,61.407471169673755,7.43147098175492,33.26114697620169,12.804644737741254,77.47642763855995,West,46.22117899333313
34.33634085439631,81.75250663294932,49.44324882904452,25.6838712911622,12.881875148097311,77.49148039130931,West,89.82568421018189
29.339433484774958,67.7962425461607,15.051502417660963,74.31589396925443,12.800736375933154,77.50801964806523,Central,74.48045656809731
27.67063599630228,54.02552391637208,39.66092419797023,27.14391373566469,12.924713392744955,77.52616130702067,South,73.20950326241712
29.71332444914594,93.35661027733674,39.768564482421546,107.48432172623578,13.018494653148121,77.42965990153681,South,152.87675233870038
31.126734570276028,65.73962497280334,26.554636044674538,36.337935501875876,13.039631548734388,77.41270857958584,East,75.70195409938628
31.87129351570034,76.53259513953346,81.38755702616317,76.2833893584832,13.083556928338101,77.60218333472191,North,192.684247979968
31.333626796020692,55.87660238832861,13.852798495341547,6.820580888978349,12.982551383891236,77.56120044745293,West,14.608682710086585
28.537484087531492,70.44673441616786,26.79092501273347,112.29461450308055,12.876388059995868,77.53324326066604,East,117.80386153616129
26.815969478156042,69.66664986714792,34.71858996782756,79.84431084530506,13.07724438474101,77.5903319823505,South,127.32683130746125
27.09236029807893,36.655260618557705,49.02875279154833,14.2738701302418,13.032594726164113,77.64830382216107,South,87.01346505011415
26.830550317883915,95.2291266569096,68.95559511250782,9.419302819819848,12.972328544900943,77.52830787273487,South,104.90937820663544
34.80262058120239,84.35966691383821,22.599374893988163,22.813491788582002,13.008692064715682,77.5923358395156,West,50.57826582858646
,59.04207025781019,,223.9588120071135,13.077294906502228,77.68607166715056,West,236.92861600911118
10.35766819201432,48.465953893162165,7.345708031316199,17.80995462009643,13.013718208541876,77.65188734875848,West,19.970481866778265
31.935404659178566,70.21342420705328,121.40208781826279,36.542393966787195,12.91051235227542,77.52780024315072,Central,212.92919396174318
29.16841716831265,66.30046549121595,21.73417064387089,1.8288035374250924,13.013908460686729,77.59341505134442,North,37.60901798605887
27.887747461324615,70.33503422844844,58.84030700232908,30.3729289655279,12.812083448820617,77.45312127657479,South,111.68449438105115
25.668889281466686,67.87366094291134,0.9247864785914559,50.822675708327644,12.915924668549176,77.56815665546853,South,40.148269892097865
34.74467631991608,72.5936148395889,10.33418663635348,183.6157516937391,12.921896909553674,77.69439848734153,Central,169.72645058077063
33.68515877273715,86.7095854908771,30.04381583424771,43.631537027637854,12.850051470326251,77.55549453456076,South,78.95719018273589
23.362733993058345,73.52154807692969,94.76126037331632,102.59108315373929,12.806925644165531,77.67829148975704,South,219.7436043953111
30.442313722747212,49.25516751635088,33.71397592975234,47.52869789276864,12.840014370991323,77.52220047615099,West,80.97095204084637
22.170059592752285,85.43844279068678,119.58351721189607,2.4984030819718286,12.996386448739116,77.69965344815539,West,163.69805319859245
19.722291011266417,89.60921845232431,29.75647408521839,22.700911281713736,13.040686644909107,77.57376601056828,North,69.294628893959
24.23969665246021,112.28085101768127,30.340148536750704,51.41759437522692,13.096461047818092,77.41268069827079,South,101.28014739577706
33.17436083429655,48.14758950140603,5.739555265150164,180.46096290626298,12.90390905093255,77.57602643900742,East,144.71299826305912
33.71875027225652,68.64323019725413,73.0263652814167,117.59522120969518,12.97981376667833,77.48237180870389,South,190.91518837749683
31.078512520583757,33.768519452165194,12.76398536663078,15.553888512759473,13.081143490044536,77.40974439661078,South,25.361842165358475
32.35057472108798,73.29723734568813,103.44228640204257,14.91613061578279,12.850112534401447,77.6462559914084,North,170.0016752291909
31.09706972268975,56.776995527498414,108.7715612085455,13.476650168560223,13.015293675902823,77.48271889109424,East,168.885662641918
24.151110428662285,93.8516869223743,129.15717408382415,153.44778608797304,13.026493619944748,77.63896456621396,South,311.26707307269476
30.591535268043643,53.38077544972127,33.05022642169553,114.90325199062178,12.826692660760802,77.48646527488677,East,140.6687080243784
32.80245715136609,39.662254430491075,50.867700897963665,89.46821592350764,13.05837481555492,77.45829790616214,West,148.8842123937443
,57.9310438894622,,29.927411878672274,13.043931514133252,77.69218067223133,West,129.37424713929903
35.13348022884786,35.36768343174294,6.319303930837215,42.11683175779202,12.810020901973232,77.50849359832651,East,40.22089279218661
32.24982308320638,76.26649181760965,41.34089642122846,37.45441418293548,12.827325324464017,77.58041286343295,South,88.84531391291809
30.108689245249497,34.02375430615519,1.570494544778157,17.53339066559113,12.814738068167557,77.58299444784434,East,0.0
34.420901429898564,65.42686371774738,30.97310206177344,42.1952506143012,12.90042305953981,77.56814204465205,East,89.57270980733503
27.84087244450564,33.832822702157046,7.570462201025624,1.858274613338741,12.952786697203978,77.67440872305637,West,15.366006565306273
22.708752092633695,60.19553293195037,9.09098328167845,8.48070746813425,12.95970431838639,77.60233232141006,East,35.53167883985138
27.021598216337416,89.65067233706802,20.439233598263773,130.60452884129037,12.880300027930833,77.52111990123149,Central,140.25358086114895
23.530584131161305,70.40971837153693,25.48817173409575,83.58216622853125,13.073479065968082,77.65871411535728,Central,104.36202458339066
